时间,资金
0,10000.0
1,10000.0
2,10000.0
3,10000.0
4,10000.0
5,10000.0
6,10000.0
7,10000.0
8,10000.0
9,10000.0
10,10000.0
11,10000.0
12,10000.0
13,10000.0
14,10000.0
15,10000.0
16,10000.0
17,10000.0
18,10000.0
19,10000.0
20,10000.0
21,10000.0
22,10000.0
23,10000.0
24,10000.0
25,10000.0
26,10000.0
27,10000.0
28,10000.0
29,10000.0
30,10000.0
31,10000.0
32,10000.0
33,10000.0
34,10000.0
35,10000.0
36,10000.0
37,10000.0
38,10000.0
39,10000.0
40,10000.0
41,10000.0
42,10000.0
43,10000.0
44,10000.0
45,10000.0
46,10000.0
47,10000.0
48,10000.0
49,10000.0
50,10000.0
51,10000.0
52,10000.0
53,10000.0
54,10000.0
55,10000.0
56,10000.0
57,10000.0
58,10000.0
59,10000.0
60,10000.0
61,10000.0
62,10000.0
63,10000.0
64,10000.0
65,10000.0
66,10000.0
67,10000.0
68,10000.0
69,10000.0
70,10000.0
71,10000.0
72,10000.0
73,10000.0
74,10000.0
75,10000.0
76,10000.0
77,10000.0
78,10000.0
79,10000.0
80,10000.0
81,10000.0
82,10000.0
83,10000.0
84,10000.0
85,10000.0
86,10000.0
87,10000.0
88,10000.0
89,10000.0
90,10000.0
91,10000.0
92,10000.0
93,10000.0
94,10000.0
95,10000.0
96,10000.0
97,10000.0
98,10000.0
99,10000.0
100,10000.0
101,10000.0
102,10000.0
103,10000.0
104,10000.0
105,10000.0
106,10000.0
107,10000.0
108,10000.0
109,10000.0
110,10000.0
111,10000.0
112,10000.0
113,10000.0
114,10000.0
115,10000.0
116,10000.0
117,10000.0
118,10000.0
119,10000.0
120,10000.0
121,10000.0
122,10000.0
123,10000.0
124,10000.0
125,10000.0
126,10000.0
127,10000.0
128,10000.0
129,10000.0
130,10000.0
131,10000.0
132,10000.0
133,10000.0
134,10000.0
135,10000.0
136,10000.0
137,10000.0
138,10000.0
139,10000.0
140,10000.0
141,10000.0
142,10000.0
143,10000.0
144,10000.0
145,10000.0
146,10000.0
147,10000.0
148,10000.0
149,10000.0
150,10000.0
151,10000.0
152,10000.0
153,10000.0
154,10000.0
155,10000.0
156,10000.0
157,10000.0
158,10000.0
159,10000.0
160,10000.0
161,10000.0
162,10000.0
163,10000.0
164,10000.0
165,10000.0
166,10000.0
167,10000.0
168,10000.0
169,10000.0
170,10000.0
171,10000.0
172,10000.0
173,10000.0
174,10000.0
175,10000.0
176,10000.0
177,10000.0
178,10000.0
179,10000.0
180,10000.0
181,10000.0
182,10011.462803762823
183,10039.803862628249
184,10002.267757158643
185,10002.267757158643
186,10002.267757158643
187,10002.267757158643
188,10002.267757158643
189,10002.267757158643
190,10002.267757158643
191,10002.267757158643
192,10002.267757158643
193,10002.267757158643
194,10002.267757158643
195,10002.267757158643
196,10002.267757158643
197,10002.267757158643
198,10002.267757158643
199,10002.267757158643
200,10002.267757158643
201,10002.267757158643
202,10002.267757158643
203,10002.267757158643
204,10002.267757158643
205,10002.267757158643
206,10002.267757158643
207,10002.267757158643
208,10002.267757158643
209,10002.267757158643
210,10002.267757158643
211,10002.267757158643
212,10002.267757158643
213,10002.267757158643
214,10002.267757158643
215,9986.820917270788
216,9986.820917270788
217,9986.820917270788
218,9986.820917270788
219,9986.820917270788
220,9986.820917270788
221,9986.820917270788
222,9986.820917270788
223,9986.820917270788
224,9986.820917270788
225,9986.820917270788
226,9986.820917270788
227,9986.820917270788
228,9986.820917270788
229,9986.820917270788
230,9986.820917270788
231,9986.820917270788
232,9986.820917270788
233,9986.820917270788
234,9986.820917270788
235,9986.820917270788
236,9986.820917270788
237,9986.820917270788
238,9986.820917270788
239,9986.820917270788
240,9986.820917270788
241,9986.820917270788
242,9986.820917270788
243,9986.820917270788
244,9986.820917270788
245,9986.820917270788
246,9986.820917270788
247,9986.820917270788
248,9986.820917270788
249,9986.820917270788
250,9986.820917270788
251,9986.820917270788
252,9986.820917270788
253,9986.820917270788
254,9986.820917270788
255,9986.820917270788
256,9986.820917270788
257,9986.820917270788
258,9986.820917270788
259,9986.820917270788
260,9986.820917270788
261,9986.820917270788
262,9986.820917270788
263,9986.820917270788
264,9986.820917270788
265,9986.820917270788
266,9986.820917270788
267,9986.820917270788
268,9986.820917270788
269,9986.820917270788
270,9986.820917270788
271,9986.820917270788
272,9986.820917270788
273,9986.820917270788
274,9986.820917270788
275,9986.820917270788
276,9986.820917270788
277,9986.820917270788
278,9986.820917270788
279,9986.820917270788
280,9986.820917270788
281,9986.820917270788
282,9986.820917270788
283,9986.820917270788
284,9986.820917270788
285,9986.820917270788
286,9986.820917270788
287,9986.820917270788
288,9986.820917270788
289,9986.820917270788
290,9986.820917270788
291,9986.820917270788
292,9986.820917270788
293,9986.820917270788
294,9986.820917270788
295,9971.760707333633
296,9981.242865542394
297,10017.306850506218
298,10087.11460518502
299,10022.985550841298
300,9993.129995721421
301,9993.129995721421
302,9993.129995721421
303,10132.493144300934
304,10065.262997885178
305,10129.794469409597
306,10148.932440666287
307,10185.530259806694
308,10244.26983843567
309,10424.781203389519
310,10441.930677357857
311,10484.330910543378
312,10990.219350309999
313,11009.03642650164
314,11015.080826989253
315,11029.968253777719
316,10991.897473682977
317,10963.890173251246
318,11023.834423517877
319,10993.212617392204
320,10993.212617392204
321,10993.212617392204
322,10993.212617392204
323,10993.212617392204
324,10993.212617392204
325,10993.212617392204
326,10993.212617392204
327,10993.212617392204
328,10993.212617392204
329,10993.212617392204
330,10993.212617392204
331,10993.212617392204
332,10993.212617392204
333,10993.212617392204
334,10993.212617392204
335,10993.212617392204
336,10993.212617392204
337,10993.212617392204
338,10993.212617392204
339,10993.212617392204
340,10993.212617392204
341,10993.212617392204
342,10993.212617392204
343,10993.212617392204
344,10993.212617392204
345,10993.212617392204
346,10993.212617392204
347,10993.212617392204
348,10993.212617392204
349,10993.212617392204
350,10993.212617392204
351,10993.212617392204
352,10993.212617392204
353,10993.212617392204
354,10993.212617392204
355,10993.212617392204
356,10993.212617392204
357,10993.212617392204
358,10993.212617392204
359,10993.212617392204
360,10993.212617392204
361,11106.61794897302
362,11120.48098918291
363,11050.416009483688
364,11088.85396250135
365,11108.867284922359
366,11089.278662295977
367,11068.006970113105
368,11068.006970113105
369,11068.006970113105
370,11068.006970113105
371,11068.006970113105
372,11068.006970113105
373,11068.006970113105
374,11068.006970113105
375,11068.006970113105
376,11068.006970113105
377,11068.006970113105
378,11068.006970113105
379,11068.006970113105
380,11068.006970113105
381,11068.006970113105
382,11068.006970113105
383,11068.006970113105
384,11068.006970113105
385,11068.006970113105
386,11068.006970113105
387,11068.006970113105
388,11068.006970113105
389,11068.006970113105
390,11068.006970113105
391,11068.006970113105
392,11068.006970113105
393,11068.006970113105
394,11068.006970113105
395,11068.006970113105
396,11068.006970113105
397,11068.006970113105
398,11068.006970113105
399,11068.006970113105
400,11068.006970113105
401,11068.006970113105
402,11068.006970113105
403,11068.006970113105
404,11068.006970113105
405,11068.006970113105
406,11068.006970113105
407,11068.006970113105
408,11068.006970113105
409,11068.006970113105
410,11068.006970113105
411,11068.006970113105
412,11068.006970113105
413,11068.006970113105
414,11068.006970113105
415,11068.006970113105
416,11068.006970113105
417,11068.006970113105
418,11068.006970113105
419,11068.006970113105
420,11068.006970113105
421,11068.006970113105
422,11068.006970113105
423,11068.006970113105
424,11068.006970113105
425,11068.006970113105
426,11068.006970113105
427,11068.006970113105
428,11068.006970113105
429,11068.006970113105
430,11068.006970113105
431,11068.006970113105
432,11068.006970113105
433,11068.006970113105
434,11068.006970113105
435,11068.006970113105
436,11068.006970113105
437,11068.006970113105
438,11068.006970113105
439,11068.006970113105
440,11068.006970113105
441,11068.006970113105
442,11068.006970113105
443,11068.006970113105
444,11068.006970113105
445,11068.006970113105
446,11068.006970113105
447,11068.006970113105
448,11068.006970113105
449,11068.006970113105
450,11068.006970113105
451,11068.006970113105
452,11068.006970113105
453,11068.006970113105
454,11068.006970113105
455,11068.006970113105
456,11068.006970113105
457,11068.006970113105
458,11068.006970113105
459,11068.006970113105
460,11068.006970113105
461,11068.006970113105
462,11068.006970113105
463,11068.006970113105
464,11068.006970113105
465,11068.006970113105
466,11068.006970113105
467,11068.006970113105
468,11068.006970113105
469,11068.006970113105
470,11068.006970113105
471,11068.006970113105
472,11068.006970113105
473,11068.006970113105
474,11068.006970113105
475,11068.006970113105
476,11068.006970113105
477,11068.006970113105
478,11068.006970113105
479,11068.006970113105
480,11068.006970113105
481,11068.006970113105
482,11068.006970113105
483,11068.006970113105
484,11068.006970113105
485,11068.006970113105
486,11068.006970113105
487,11068.006970113105
488,11068.006970113105
489,11068.006970113105
490,11068.006970113105
491,11068.006970113105
492,11068.006970113105
493,11068.006970113105
494,11068.006970113105
495,11068.006970113105
496,11068.006970113105
497,11068.006970113105
498,11068.006970113105
499,11068.006970113105
500,11068.006970113105
501,11068.006970113105
502,11068.006970113105
503,11068.006970113105
504,11068.006970113105
505,11068.006970113105
506,11068.006970113105
507,11068.006970113105
508,11068.006970113105
509,11068.006970113105
510,11068.006970113105
511,11068.006970113105
512,11068.006970113105
513,11068.006970113105
514,11068.006970113105
515,11068.006970113105
516,11068.006970113105
517,11068.006970113105
518,11068.006970113105
519,11068.006970113105
520,11068.006970113105
521,11068.006970113105
522,11068.006970113105
523,11068.006970113105
524,11068.006970113105
525,11068.006970113105
526,11068.006970113105
527,11068.006970113105
528,11068.006970113105
529,11068.006970113105
530,11068.006970113105
531,11068.006970113105
532,11068.006970113105
533,11068.006970113105
534,11068.006970113105
535,11068.006970113105
536,11068.006970113105
537,11068.006970113105
538,11068.006970113105
539,11068.006970113105
540,11068.006970113105
541,11013.741188084554
542,11013.741188084554
543,11013.741188084554
544,11041.707909556726
545,11115.950085031274
546,11053.770757022667
547,10984.502156691884
548,10984.502156691884
549,10984.502156691884
550,10984.502156691884
551,10984.502156691884
552,10984.502156691884
553,10984.502156691884
554,10984.502156691884
555,10984.502156691884
556,10984.502156691884
557,10984.502156691884
558,10973.792369601824
559,10954.050060214424
560,10954.050060214424
561,10954.050060214424
562,10954.050060214424
563,10954.050060214424
564,10954.050060214424
565,10954.050060214424
566,10954.050060214424
567,10954.050060214424
568,10954.050060214424
569,10954.050060214424
570,10954.050060214424
571,10954.050060214424
572,10954.050060214424
573,10954.050060214424
574,10954.050060214424
575,10954.050060214424
576,10954.050060214424
577,10954.050060214424
578,10954.050060214424
579,10954.050060214424
580,10954.050060214424
581,10954.050060214424
582,10954.050060214424
583,10954.050060214424
584,10954.050060214424
585,10954.050060214424
586,10954.050060214424
587,10954.050060214424
588,10954.050060214424
589,10954.050060214424
590,10954.050060214424
591,10954.050060214424
592,10954.050060214424
593,10954.050060214424
594,10954.050060214424
595,10954.050060214424
596,10954.050060214424
597,10954.050060214424
598,10954.050060214424
599,10954.050060214424
600,10954.050060214424
601,10954.050060214424
602,10954.050060214424
603,10954.050060214424
604,10954.050060214424
605,10954.050060214424
606,10954.050060214424
607,10954.050060214424
608,10954.050060214424
609,10954.050060214424
610,10954.050060214424
611,10954.050060214424
612,10954.050060214424
613,10954.050060214424
614,10954.050060214424
615,10954.050060214424
616,10954.050060214424
617,10954.050060214424
618,10954.050060214424
619,10954.050060214424
620,10954.050060214424
621,10954.050060214424
622,10954.050060214424
623,10954.050060214424
624,10954.050060214424
625,10954.050060214424
626,10954.050060214424
627,10954.050060214424
628,10954.050060214424
629,10954.050060214424
630,10954.050060214424
631,10954.050060214424
632,10954.050060214424
633,10954.050060214424
634,10954.050060214424
635,10954.050060214424
636,10954.050060214424
637,10954.050060214424
638,10954.050060214424
639,10954.050060214424
640,10954.050060214424
641,10954.050060214424
642,10954.050060214424
643,10954.050060214424
644,10954.050060214424
645,10954.050060214424
646,10954.050060214424
647,10954.050060214424
648,10954.050060214424
649,10954.050060214424
650,10954.050060214424
651,10954.050060214424
652,10954.050060214424
653,10954.050060214424
654,10954.050060214424
655,10954.050060214424
656,10954.050060214424
657,10954.050060214424
658,10954.050060214424
659,10954.050060214424
660,10954.050060214424
661,10954.050060214424
662,10954.050060214424
663,10954.050060214424
664,10954.050060214424
665,10954.050060214424
666,10954.050060214424
667,10954.050060214424
668,10954.050060214424
669,10954.050060214424
670,10954.050060214424
671,10954.050060214424
672,10954.050060214424
673,10954.050060214424
674,10954.050060214424
675,10954.050060214424
676,10954.050060214424
677,10954.050060214424
678,10954.050060214424
679,10954.050060214424
680,10954.050060214424
681,10954.050060214424
682,10954.050060214424
683,10954.050060214424
684,10954.050060214424
685,10954.050060214424
686,10954.050060214424
687,10954.050060214424
688,10954.050060214424
689,10954.050060214424
690,10954.050060214424
691,10954.050060214424
692,10954.050060214424
693,10954.050060214424
694,10954.050060214424
695,10954.050060214424
696,10954.050060214424
697,10916.531815106722
698,10916.531815106722
699,10916.531815106722
700,10924.048565111048
701,10924.048565111048
702,10907.323227561285
703,10907.323227561285
704,10907.323227561285
705,10907.323227561285
706,10907.323227561285
707,10907.323227561285
708,10907.323227561285
709,10907.323227561285
710,10907.323227561285
711,10907.323227561285
712,10907.323227561285
713,10907.323227561285
714,10907.323227561285
715,10907.323227561285
716,10907.323227561285
717,10907.323227561285
718,10907.323227561285
719,10907.323227561285
720,10907.323227561285
721,10907.323227561285
722,10907.323227561285
723,10907.323227561285
724,10907.323227561285
725,10907.323227561285
726,10907.323227561285
727,10907.323227561285
728,10907.323227561285
729,10907.323227561285
730,10907.323227561285
731,10907.323227561285
732,10907.323227561285
733,11017.829718930205
734,11014.270986862064
735,11015.300017821524
736,11009.283045128002
737,11029.887484478346
738,11036.337984103864
739,11035.347065402162
740,11002.727736793651
741,11002.727736793651
742,11002.727736793651
743,11002.727736793651
744,11002.727736793651
745,11002.727736793651
746,11002.727736793651
747,11002.727736793651
748,11002.727736793651
749,11002.727736793651
750,11002.727736793651
751,11002.727736793651
752,11002.727736793651
753,11002.727736793651
754,11002.727736793651
755,11002.727736793651
756,11002.727736793651
757,11002.727736793651
758,11002.727736793651
759,11002.727736793651
760,11002.727736793651
761,11002.727736793651
762,11002.727736793651
763,11002.727736793651
764,11002.727736793651
765,11053.108634007023
766,11068.721391203497
767,11077.197554751716
768,11290.590573067273
769,11178.897514857528
770,11148.390794069443
771,11131.312444717607
772,11147.307936171213
773,11110.78015206969
774,11110.78015206969
775,11110.78015206969
776,11110.78015206969
777,11110.78015206969
778,11110.78015206969
779,11110.78015206969
780,11110.78015206969
781,11110.78015206969
782,11110.78015206969
783,11110.78015206969
784,11110.78015206969
785,11110.78015206969
786,11110.78015206969
787,11110.78015206969
788,11110.78015206969
789,11110.78015206969
790,11110.78015206969
791,11110.78015206969
792,11110.78015206969
793,11110.78015206969
794,11110.78015206969
795,11110.78015206969
796,11110.78015206969
797,11110.78015206969
798,11110.78015206969
799,11110.78015206969
800,11110.78015206969
801,11110.78015206969
802,11110.78015206969
803,11110.78015206969
804,11110.78015206969
805,11110.78015206969
806,11110.78015206969
807,11110.78015206969
808,11110.78015206969
809,11110.78015206969
810,11110.78015206969
811,11110.78015206969
812,11110.78015206969
813,11110.78015206969
814,11110.78015206969
815,11110.78015206969
816,11110.78015206969
817,11110.78015206969
818,11110.78015206969
819,11110.78015206969
820,11110.78015206969
821,11110.78015206969
822,11110.78015206969
823,11110.78015206969
824,11110.78015206969
825,11110.78015206969
826,11110.78015206969
827,11110.78015206969
828,11110.78015206969
829,11110.78015206969
830,11110.78015206969
831,11110.78015206969
832,11110.78015206969
833,11110.78015206969
834,11110.78015206969
835,11110.78015206969
836,11110.78015206969
837,11110.78015206969
838,11110.78015206969
839,11110.78015206969
840,11110.78015206969
841,11110.78015206969
842,11110.78015206969
843,11110.78015206969
844,11110.78015206969
845,11110.78015206969
846,11110.78015206969
847,11110.78015206969
848,11110.78015206969
849,11110.78015206969
850,11110.78015206969
851,11110.78015206969
852,11110.78015206969
853,11110.78015206969
854,11110.78015206969
855,11110.78015206969
856,11110.78015206969
857,11110.78015206969
858,11110.78015206969
859,11110.78015206969
860,11110.78015206969
861,11110.78015206969
862,11110.78015206969
863,11110.78015206969
864,11110.78015206969
865,11110.78015206969
866,11110.78015206969
867,11110.78015206969
868,11110.78015206969
869,11110.78015206969
870,11110.78015206969
871,11110.78015206969
872,11110.78015206969
873,11110.78015206969
874,11110.78015206969
875,11110.78015206969
876,11110.78015206969
877,11110.78015206969
878,11110.78015206969
879,11110.78015206969
880,11110.78015206969
881,11110.78015206969
882,11110.78015206969
883,11110.78015206969
884,11110.78015206969
885,11110.78015206969
886,11110.78015206969
887,11110.78015206969
888,11110.78015206969
889,11110.78015206969
890,11110.78015206969
891,11110.78015206969
892,11110.78015206969
893,11110.78015206969
894,11110.78015206969
895,11110.78015206969
896,11110.78015206969
897,11110.78015206969
898,11097.125722635885
899,11094.098379193525
900,11116.516171223633
901,11096.657377637624
902,11093.914903833382
903,11059.165636282076
904,11059.165636282076
905,11059.165636282076
906,11059.165636282076
907,11059.165636282076
908,11059.165636282076
909,11059.165636282076
910,11059.165636282076
911,11059.165636282076
912,11059.165636282076
913,11059.165636282076
914,11059.165636282076
915,11059.165636282076
916,11059.165636282076
917,11059.165636282076
918,11059.165636282076
919,11059.165636282076
920,11059.165636282076
921,11059.165636282076
922,11059.165636282076
923,11059.165636282076
924,11059.165636282076
925,11059.165636282076
926,11059.165636282076
927,11059.165636282076
928,11059.165636282076
929,11059.165636282076
930,11059.165636282076
931,11059.165636282076
932,11059.165636282076
933,11059.165636282076
934,11059.165636282076
935,11059.165636282076
936,11059.165636282076
937,11043.52057701325
938,10975.487909254598
939,10975.487909254598
940,10975.487909254598
941,10975.487909254598
942,10975.487909254598
943,10975.487909254598
944,10975.487909254598
945,10984.202351926042
946,10964.802572675198
947,10958.648359835166
948,10968.16951643462
949,10988.49677517156
950,10962.75438881007
951,10962.75438881007
952,10962.75438881007
953,10962.75438881007
954,10962.75438881007
955,10962.75438881007
956,10962.75438881007
957,10962.75438881007
958,10962.75438881007
959,10962.75438881007
960,10962.75438881007
961,10962.75438881007
962,10962.75438881007
963,10962.75438881007
964,10962.75438881007
965,10962.75438881007
966,10962.75438881007
967,10962.75438881007
968,10962.75438881007
969,10962.75438881007
970,10962.75438881007
971,10962.75438881007
972,10962.75438881007
973,10962.75438881007
974,10962.75438881007
975,10962.75438881007
976,10962.75438881007
977,10962.75438881007
978,10962.75438881007
979,10962.75438881007
980,10962.75438881007
981,10962.75438881007
982,10962.75438881007
983,10962.75438881007
984,10962.75438881007
985,10962.75438881007
986,10962.75438881007
987,10962.75438881007
988,10962.75438881007
989,10956.925930190653
990,10954.130494269979
991,10965.706530903513
992,10963.007140701633
993,10968.608122618643
994,10954.42874150202
995,10954.42874150202
996,10954.42874150202
997,10954.42874150202
998,10954.42874150202
999,10954.42874150202
1000,10954.42874150202
1001,10954.42874150202
1002,10954.42874150202
1003,10954.42874150202
1004,10954.42874150202
1005,10954.42874150202
1006,10954.42874150202
1007,10954.42874150202
1008,10954.42874150202
1009,10954.42874150202
1010,10954.42874150202
1011,10954.42874150202
1012,10954.42874150202
1013,10954.42874150202
1014,10954.42874150202
1015,10954.42874150202
1016,10954.42874150202
1017,10954.42874150202
1018,10954.42874150202
1019,10954.42874150202
1020,10954.42874150202
1021,10954.42874150202
1022,10954.42874150202
1023,10954.42874150202
1024,10954.42874150202
1025,10954.42874150202
1026,10954.42874150202
1027,10954.42874150202
1028,10954.42874150202
1029,10954.42874150202
1030,10954.42874150202
1031,10954.42874150202
1032,10954.42874150202
1033,10902.758613525777
1034,10902.758613525777
1035,10928.108843544895
1036,10943.031354910172
1037,10940.310426880844
1038,10935.344607954385
1039,10957.718353167937
1040,10884.0478487716
1041,10884.0478487716
1042,10884.0478487716
1043,10884.0478487716
1044,10884.0478487716
1045,10884.0478487716
1046,10884.0478487716
1047,10884.0478487716
1048,10884.0478487716
1049,10884.0478487716
1050,10884.0478487716
1051,10884.0478487716
1052,10884.0478487716
1053,10859.850669826204
1054,10872.838565917118
1055,10939.963630433416
1056,10921.865989536132
1057,10906.370952188208
1058,10910.953142221057
1059,10903.009674631217
1060,10905.285696654113
1061,10915.47504027979
1062,10924.915758560188
1063,10937.205272617588
1064,10900.246292484213
1065,10900.246292484213
1066,10900.246292484213
1067,10900.246292484213
1068,10900.246292484213
1069,10900.246292484213
1070,10900.246292484213
1071,10900.246292484213
1072,10900.246292484213
1073,10900.246292484213
1074,10900.246292484213
1075,10900.246292484213
1076,10900.246292484213
1077,10900.246292484213
1078,10900.246292484213
1079,10900.246292484213
1080,10900.246292484213
1081,10900.246292484213
1082,10900.246292484213
1083,10900.246292484213
1084,10900.246292484213
1085,10900.246292484213
1086,10900.246292484213
1087,10900.246292484213
1088,10900.246292484213
1089,10900.246292484213
1090,10900.246292484213
1091,10900.246292484213
1092,10900.246292484213
1093,10900.246292484213
1094,10900.246292484213
1095,10900.246292484213
1096,10900.246292484213
1097,10900.246292484213
1098,10980.726224094007
1099,11145.643646606437
1100,11540.510558948245
1101,11555.241474093833
1102,11543.646016552237
1103,11626.07127018158
1104,11749.921845539278
1105,11770.95235385874
1106,11799.969675678616
1107,11821.258285691089
1108,11774.288557223967
1109,11797.130557055487
1110,11751.312726884955
1111,11751.312726884955
1112,11735.743268204718
1113,11735.743268204718
1114,11735.743268204718
1115,11735.743268204718
1116,11735.743268204718
1117,11735.743268204718
1118,11735.743268204718
1119,11735.743268204718
1120,11735.743268204718
1121,11735.743268204718
1122,11735.743268204718
1123,11735.743268204718
1124,11735.743268204718
1125,11735.743268204718
1126,11735.743268204718
1127,11735.743268204718
1128,11735.743268204718
1129,11735.743268204718
1130,11735.743268204718
1131,11735.743268204718
1132,11735.743268204718
1133,11735.743268204718
1134,11735.743268204718
1135,11735.743268204718
1136,11735.743268204718
1137,11735.743268204718
1138,11735.743268204718
1139,11735.743268204718
1140,11735.743268204718
1141,11735.743268204718
1142,11735.743268204718
1143,11735.743268204718
1144,11735.743268204718
1145,11735.743268204718
1146,11735.743268204718
1147,11735.743268204718
1148,11735.743268204718
1149,11735.743268204718
1150,11735.743268204718
1151,11735.743268204718
1152,11735.743268204718
1153,11735.743268204718
1154,11735.743268204718
1155,11735.743268204718
1156,11735.743268204718
1157,11735.743268204718
1158,11735.743268204718
1159,11735.743268204718
1160,11735.743268204718
1161,11735.743268204718
1162,11735.743268204718
1163,11735.743268204718
1164,11735.743268204718
1165,11735.743268204718
1166,11735.743268204718
1167,11735.743268204718
1168,11735.743268204718
1169,11735.743268204718
1170,11735.743268204718
1171,11735.743268204718
1172,11735.743268204718
1173,11735.743268204718
1174,11735.743268204718
1175,11735.743268204718
1176,11735.743268204718
1177,11735.743268204718
1178,11735.743268204718
1179,11735.743268204718
1180,11735.743268204718
1181,11735.743268204718
1182,11735.743268204718
1183,11735.743268204718
1184,11735.743268204718
1185,11735.743268204718
1186,11735.743268204718
1187,11735.743268204718
1188,11735.743268204718
1189,11735.743268204718
1190,11735.743268204718
1191,11735.743268204718
1192,11735.743268204718
1193,11735.743268204718
1194,11735.743268204718
1195,11735.743268204718
1196,11735.743268204718
1197,11735.743268204718
1198,11735.743268204718
1199,11735.743268204718
1200,11735.743268204718
1201,11735.743268204718
1202,11735.743268204718
1203,11735.743268204718
1204,11735.743268204718
1205,11735.743268204718
1206,11735.743268204718
1207,11735.743268204718
1208,11735.743268204718
1209,11735.743268204718
1210,11735.743268204718
1211,11735.743268204718
1212,11735.743268204718
1213,11735.743268204718
1214,11790.396200011668
1215,11777.114239132796
1216,11749.412403200928
1217,11749.412403200928
1218,11749.412403200928
1219,11749.412403200928
1220,11749.412403200928
1221,11749.412403200928
1222,11749.412403200928
1223,11749.412403200928
1224,11749.412403200928
1225,11749.412403200928
1226,11749.412403200928
1227,11749.412403200928
1228,11749.412403200928
1229,11749.412403200928
1230,11749.412403200928
1231,11749.412403200928
1232,11749.412403200928
1233,11749.412403200928
1234,11703.32910460043
1235,11703.32910460043
1236,11703.32910460043
1237,11672.82842551805
1238,11672.82842551805
1239,11612.849257762957
1240,11612.849257762957
1241,11612.849257762957
1242,11612.849257762957
1243,11612.849257762957
1244,11612.849257762957
1245,11612.849257762957
1246,11612.849257762957
1247,11612.849257762957
1248,11612.849257762957
1249,11612.849257762957
1250,11612.849257762957
1251,11612.849257762957
1252,11590.479437588181
1253,11590.479437588181
1254,11590.479437588181
1255,11590.479437588181
1256,11590.479437588181
1257,11590.479437588181
1258,11590.479437588181
1259,11590.479437588181
1260,11590.479437588181
1261,11590.479437588181
1262,11590.479437588181
1263,11590.479437588181
1264,11590.479437588181
1265,11590.479437588181
1266,11590.479437588181
1267,11590.479437588181
1268,11590.479437588181
1269,11590.479437588181
1270,11590.479437588181
1271,11590.479437588181
1272,11590.479437588181
1273,11590.479437588181
1274,11590.479437588181
1275,11590.479437588181
1276,11590.479437588181
1277,11590.479437588181
1278,11590.479437588181
1279,11590.479437588181
1280,11590.479437588181
1281,11590.479437588181
1282,11590.479437588181
1283,11590.479437588181
1284,11590.479437588181
1285,11590.479437588181
1286,11590.479437588181
1287,11590.479437588181
1288,11590.479437588181
1289,11590.479437588181
1290,11590.479437588181
1291,11590.479437588181
1292,11590.479437588181
1293,11590.479437588181
1294,11590.479437588181
1295,11590.479437588181
1296,11590.479437588181
1297,11590.479437588181
1298,11590.479437588181
1299,11590.479437588181
1300,11590.479437588181
1301,11590.479437588181
1302,11590.479437588181
1303,11590.479437588181
1304,11590.479437588181
1305,11590.479437588181
1306,11590.479437588181
1307,11590.479437588181
1308,11590.479437588181
1309,11590.479437588181
1310,11590.479437588181
1311,11590.479437588181
1312,11590.479437588181
1313,11590.479437588181
1314,11590.479437588181
1315,11590.479437588181
1316,11590.479437588181
1317,11590.479437588181
1318,11590.479437588181
1319,11590.479437588181
1320,11590.479437588181
1321,11590.479437588181
1322,11590.479437588181
1323,11590.479437588181
1324,11590.479437588181
1325,11590.479437588181
1326,11590.479437588181
1327,11590.479437588181
1328,11590.479437588181
1329,11590.479437588181
1330,11590.479437588181
1331,11590.479437588181
1332,11590.479437588181
1333,11590.479437588181
1334,11590.479437588181
1335,11590.479437588181
1336,11590.479437588181
1337,11605.574099794001
1338,11573.732773646123
1339,11573.732773646123
1340,11543.281479286918
1341,11543.281479286918
1342,11543.281479286918
1343,11543.281479286918
1344,11543.281479286918
1345,11543.281479286918
1346,11543.281479286918
1347,11543.281479286918
1348,11543.281479286918
1349,11543.281479286918
1350,11543.281479286918
1351,11543.281479286918
1352,11543.281479286918
1353,11543.281479286918
1354,11543.281479286918
1355,11543.281479286918
1356,11543.281479286918
1357,11543.281479286918
1358,11543.281479286918
1359,11543.281479286918
1360,11543.281479286918
1361,11543.281479286918
1362,11543.281479286918
1363,11543.281479286918
1364,11543.281479286918
1365,11543.281479286918
1366,11543.281479286918
1367,11543.281479286918
1368,11543.281479286918
1369,11543.281479286918
1370,11543.281479286918
1371,11543.281479286918
1372,11543.281479286918
1373,11543.281479286918
1374,11543.281479286918
1375,11543.281479286918
1376,11543.281479286918
1377,11543.281479286918
1378,11543.281479286918
1379,11543.281479286918
1380,11543.281479286918
1381,11543.281479286918
1382,11543.281479286918
1383,11543.281479286918
1384,11543.281479286918
1385,11543.281479286918
1386,11543.281479286918
1387,11543.281479286918
1388,11543.281479286918
1389,11543.281479286918
1390,11543.281479286918
1391,11543.281479286918
1392,11543.281479286918
1393,11543.281479286918
1394,11543.281479286918
1395,11543.281479286918
1396,11543.281479286918
1397,11543.281479286918
1398,11543.281479286918
1399,11543.281479286918
1400,11543.281479286918
1401,11543.281479286918
1402,11543.281479286918
1403,11543.281479286918
1404,11543.281479286918
1405,11517.999449897683
1406,11529.205831232954
1407,11574.66131564778
1408,11544.024634131723
1409,11578.716677185008
1410,11556.613972496074
1411,11449.683341283324
1412,11449.683341283324
1413,11449.683341283324
1414,11449.683341283324
1415,11449.683341283324
1416,11449.683341283324
1417,11449.683341283324
1418,11449.683341283324
1419,11449.683341283324
1420,11449.683341283324
1421,11449.683341283324
1422,11449.683341283324
1423,11449.683341283324
1424,11449.683341283324
1425,11449.683341283324
1426,11449.683341283324
1427,11449.683341283324
1428,11449.683341283324
1429,11449.683341283324
1430,11449.683341283324
1431,11449.683341283324
1432,11449.683341283324
1433,11449.683341283324
1434,11449.683341283324
1435,11449.683341283324
1436,11449.683341283324
1437,11449.683341283324
1438,11449.683341283324
1439,11449.683341283324
1440,11449.683341283324
1441,11449.683341283324
1442,11449.683341283324
1443,11449.683341283324
1444,11449.683341283324
1445,11405.59956507917
1446,11405.59956507917
1447,11405.59956507917
1448,11405.59956507917
1449,11405.59956507917
1450,11405.59956507917
1451,11405.59956507917
1452,11405.59956507917
1453,11405.59956507917
1454,11405.59956507917
1455,11405.59956507917
1456,11405.59956507917
1457,11405.59956507917
1458,11405.59956507917
1459,11405.59956507917
1460,11405.59956507917
1461,11405.59956507917
1462,11405.59956507917
1463,11405.59956507917
1464,11405.59956507917
1465,11405.59956507917
1466,11405.59956507917
1467,11405.59956507917
1468,11405.59956507917
1469,11405.59956507917
1470,11405.59956507917
1471,11405.59956507917
1472,11405.59956507917
1473,11405.59956507917
1474,11405.59956507917
1475,11405.59956507917
1476,11405.59956507917
1477,11405.59956507917
1478,11405.59956507917
1479,11405.59956507917
1480,11405.59956507917
1481,11405.59956507917
1482,11405.59956507917
1483,11405.59956507917
1484,11405.59956507917
1485,11405.59956507917
1486,11405.59956507917
1487,11405.59956507917
1488,11405.59956507917
1489,11405.59956507917
1490,11405.59956507917
1491,11405.59956507917
1492,11405.59956507917
1493,11405.59956507917
1494,11405.59956507917
1495,11405.59956507917
1496,11405.59956507917
1497,11405.59956507917
1498,11405.59956507917
1499,11405.59956507917
1500,11405.59956507917
1501,11405.59956507917
1502,11405.59956507917
1503,11405.59956507917
1504,11405.59956507917
1505,11405.59956507917
1506,11405.59956507917
1507,11405.59956507917
1508,11405.59956507917
1509,11405.59956507917
1510,11405.59956507917
1511,11426.35423653259
1512,11443.064329242563
1513,11551.685045104845
1514,11433.640614167753
1515,11447.037322521526
1516,11474.500574646758
1517,11463.384374661606
1518,11461.717455988579
1519,11461.717455988579
1520,11461.717455988579
1521,11461.717455988579
1522,11461.717455988579
1523,11461.717455988579
1524,11461.717455988579
1525,11461.717455988579
1526,11461.717455988579
1527,11461.717455988579
1528,11461.717455988579
1529,11461.717455988579
1530,11461.717455988579
1531,11461.717455988579
1532,11461.717455988579
1533,11461.717455988579
1534,11461.717455988579
1535,11461.717455988579
1536,11461.717455988579
1537,11461.717455988579
1538,11461.717455988579
1539,11461.717455988579
1540,11461.717455988579
1541,11461.717455988579
1542,11461.717455988579
1543,11461.717455988579
1544,11461.717455988579
1545,11461.717455988579
1546,11461.717455988579
1547,11461.717455988579
1548,11461.717455988579
1549,11461.717455988579
1550,11461.717455988579
1551,11461.717455988579
1552,11461.717455988579
1553,11461.717455988579
1554,11461.717455988579
1555,11461.717455988579
1556,11461.717455988579
1557,11461.717455988579
1558,11461.717455988579
1559,11461.717455988579
1560,11461.717455988579
1561,11461.717455988579
1562,11461.717455988579
1563,11461.717455988579
1564,11461.717455988579
1565,11461.717455988579
1566,11461.717455988579
1567,11461.717455988579
1568,11461.717455988579
1569,11461.717455988579
1570,11461.717455988579
1571,11461.717455988579
1572,11461.717455988579
1573,11461.717455988579
1574,11461.717455988579
1575,11461.717455988579
1576,11461.717455988579
1577,11461.717455988579
1578,11461.717455988579
1579,11461.717455988579
1580,11461.717455988579
1581,11461.717455988579
1582,11461.717455988579
1583,11461.717455988579
1584,11461.717455988579
1585,11424.538514305761
1586,11426.238770785158
1587,11413.625959083447
1588,11408.097549379227
1589,11408.097549379227
1590,11408.097549379227
1591,11408.097549379227
1592,11408.097549379227
1593,11408.097549379227
1594,11408.097549379227
1595,11408.097549379227
1596,11408.097549379227
1597,11408.097549379227
1598,11408.097549379227
1599,11408.097549379227
1600,11408.097549379227
1601,11408.097549379227
1602,11408.097549379227
1603,11408.097549379227
1604,11408.097549379227
1605,11408.097549379227
1606,11408.097549379227
1607,11408.097549379227
1608,11408.097549379227
1609,11408.097549379227
1610,11408.097549379227
1611,11408.097549379227
1612,11408.097549379227
1613,11408.097549379227
1614,11408.097549379227
1615,11408.097549379227
1616,11408.097549379227
1617,11408.097549379227
1618,11408.097549379227
1619,11408.097549379227
1620,11408.097549379227
1621,11408.097549379227
1622,11408.097549379227
1623,11408.097549379227
1624,11408.097549379227
1625,11408.097549379227
1626,11408.097549379227
1627,11408.097549379227
1628,11408.097549379227
1629,11408.097549379227
1630,11408.097549379227
1631,11408.097549379227
1632,11408.097549379227
1633,11408.097549379227
1634,11408.097549379227
1635,11408.097549379227
1636,11408.097549379227
1637,11408.097549379227
1638,11408.097549379227
1639,11408.097549379227
1640,11408.097549379227
1641,11408.097549379227
1642,11408.097549379227
1643,11408.097549379227
1644,11408.097549379227
1645,11408.097549379227
1646,11408.097549379227
1647,11408.097549379227
1648,11408.097549379227
1649,11408.097549379227
1650,11408.097549379227
1651,11408.097549379227
1652,11408.097549379227
1653,11408.097549379227
1654,11408.097549379227
1655,11408.097549379227
1656,11408.097549379227
1657,11408.097549379227
1658,11408.097549379227
1659,11408.097549379227
1660,11408.097549379227
1661,11408.097549379227
1662,11408.097549379227
1663,11408.097549379227
1664,11408.097549379227
1665,11408.097549379227
1666,11408.097549379227
1667,11408.097549379227
1668,11408.097549379227
1669,11408.097549379227
1670,11408.097549379227
1671,11408.097549379227
1672,11408.097549379227
1673,11408.097549379227
1674,11408.097549379227
1675,11408.097549379227
1676,11408.097549379227
1677,11408.097549379227
1678,11408.097549379227
1679,11408.097549379227
1680,11408.097549379227
1681,11408.097549379227
1682,11408.097549379227
1683,11408.097549379227
1684,11408.097549379227
1685,11390.017605659214
1686,11390.017605659214
1687,11390.017605659214
1688,11406.906666896277
1689,11409.873588492444
1690,11434.364686574032
1691,11445.280718861824
1692,11409.352977721795
1693,11410.86442834626
1694,11410.86442834626
1695,11410.86442834626
1696,11410.86442834626
1697,11410.86442834626
1698,11410.86442834626
1699,11410.86442834626
1700,11410.86442834626
1701,11410.86442834626
1702,11410.86442834626
1703,11410.86442834626
1704,11410.86442834626
1705,11410.86442834626
1706,11410.86442834626
1707,11410.86442834626
1708,11410.86442834626
1709,11410.86442834626
1710,11410.86442834626
1711,11410.86442834626
1712,11410.86442834626
1713,11410.86442834626
1714,11410.86442834626
1715,11410.86442834626
1716,11410.86442834626
1717,11410.86442834626
1718,11410.86442834626
1719,11410.86442834626
1720,11410.86442834626
1721,11410.86442834626
1722,11410.86442834626
1723,11410.86442834626
1724,11410.86442834626
1725,11410.86442834626
1726,11410.86442834626
1727,11410.86442834626
1728,11410.86442834626
1729,11410.86442834626
1730,11410.86442834626
1731,11410.86442834626
1732,11410.86442834626
1733,11410.86442834626
1734,11410.86442834626
1735,11410.86442834626
1736,11410.86442834626
1737,11410.86442834626
1738,11410.86442834626
1739,11410.86442834626
1740,11410.86442834626
1741,11410.86442834626
1742,11410.86442834626
1743,11410.86442834626
1744,11410.86442834626
1745,11410.86442834626
1746,11410.86442834626
1747,11410.86442834626
1748,11410.86442834626
1749,11410.86442834626
1750,11410.86442834626
1751,11410.86442834626
1752,11410.86442834626
1753,11410.86442834626
1754,11410.86442834626
1755,11410.86442834626
1756,11410.86442834626
1757,11410.86442834626
1758,11410.86442834626
1759,11410.86442834626
1760,11410.86442834626
1761,11410.86442834626
1762,11410.86442834626
1763,11410.86442834626
1764,11410.86442834626
1765,11410.86442834626
1766,11410.86442834626
1767,11410.86442834626
1768,11410.86442834626
1769,11410.86442834626
1770,11410.86442834626
1771,11410.86442834626
1772,11410.86442834626
1773,11410.86442834626
1774,11410.86442834626
1775,11410.86442834626
1776,11410.86442834626
1777,11410.86442834626
1778,11410.86442834626
1779,11410.86442834626
1780,11410.86442834626
1781,11410.86442834626
1782,11410.86442834626
1783,11410.86442834626
1784,11410.86442834626
1785,11410.86442834626
1786,11410.86442834626
1787,11410.86442834626
1788,11410.86442834626
1789,11410.86442834626
1790,11410.86442834626
1791,11410.86442834626
1792,11410.86442834626
1793,11410.86442834626
1794,11410.86442834626
1795,11410.86442834626
1796,11410.86442834626
1797,11410.86442834626
1798,11410.86442834626
1799,11410.86442834626
1800,11410.86442834626
1801,11410.86442834626
1802,11372.439339055398
1803,11462.022302055615
1804,11435.51641493863
1805,11455.006822372523
1806,11622.28466683139
1807,11585.077728005146
1808,11557.495956171233
1809,11665.862443671496
1810,11873.281458002772
1811,11967.541407458384
1812,11840.040176893457
1813,11760.882625716344
1814,11684.908270643851
1815,11684.908270643851
1816,11684.908270643851
1817,11684.908270643851
1818,11684.908270643851
1819,11684.908270643851
1820,11684.908270643851
1821,11684.908270643851
1822,11684.908270643851
1823,11684.908270643851
1824,11684.908270643851
1825,11684.908270643851
1826,11684.908270643851
1827,11684.908270643851
1828,11684.908270643851
1829,11684.908270643851
1830,11684.908270643851
1831,11684.908270643851
1832,11684.908270643851
1833,11684.908270643851
1834,11684.908270643851
1835,11684.908270643851
1836,11684.908270643851
1837,11684.908270643851
1838,11684.908270643851
1839,11684.908270643851
1840,11684.908270643851
1841,11684.908270643851
1842,11684.908270643851
1843,11684.908270643851
1844,11684.908270643851
1845,11684.908270643851
1846,11684.908270643851
1847,11684.908270643851
1848,11684.908270643851
1849,11684.908270643851
1850,11684.908270643851
1851,11684.908270643851
1852,11684.908270643851
1853,11684.908270643851
1854,11684.908270643851
1855,11684.908270643851
1856,11684.908270643851
1857,11684.908270643851
1858,11684.908270643851
1859,11684.908270643851
1860,11684.908270643851
1861,11684.908270643851
1862,11684.908270643851
1863,11684.908270643851
1864,11684.908270643851
1865,11684.908270643851
1866,11684.908270643851
1867,11684.908270643851
1868,11684.908270643851
1869,11684.908270643851
1870,11684.908270643851
1871,11684.908270643851
1872,11684.908270643851
1873,11684.908270643851
1874,11684.908270643851
1875,11684.908270643851
1876,11684.908270643851
1877,11684.908270643851
1878,11684.908270643851
1879,11684.908270643851
1880,11684.908270643851
1881,11637.114373776303
1882,11597.231788565356
1883,11633.354746797084
1884,11648.236431634696
1885,11482.226821463377
1886,11482.226821463377
1887,11482.226821463377
1888,11482.226821463377
1889,11482.226821463377
1890,11628.964464750437
1891,11547.952451411305
1892,11547.952451411305
1893,11547.952451411305
1894,11547.952451411305
1895,11547.952451411305
1896,11547.952451411305
1897,11547.952451411305
1898,11547.952451411305
1899,11547.952451411305
1900,11547.952451411305
1901,11504.337499061727
1902,11504.337499061727
1903,11504.337499061727
1904,11504.337499061727
1905,11621.92482665783
1906,11635.644319158515
1907,11668.072588815125
1908,11729.987156275753
1909,11667.14464012612
1910,11604.759856513661
1911,11604.759856513661
1912,11604.759856513661
1913,11459.319181976429
1914,11459.319181976429
1915,11458.5329234226
1916,11438.34278149109
1917,11438.34278149109
1918,11438.34278149109
1919,11438.34278149109
1920,11438.34278149109
1921,11438.34278149109
1922,11438.34278149109
1923,11438.34278149109
1924,11438.34278149109
1925,11438.34278149109
1926,11438.34278149109
1927,11438.34278149109
1928,11438.34278149109
1929,11438.34278149109
1930,11438.34278149109
1931,11438.34278149109
1932,11438.34278149109
1933,11438.34278149109
1934,11438.34278149109
1935,11438.34278149109
1936,11438.34278149109
1937,11438.34278149109
1938,11438.34278149109
1939,11438.34278149109
1940,11438.34278149109
1941,11438.34278149109
1942,11438.34278149109
1943,11438.34278149109
1944,11438.34278149109
1945,11438.34278149109
1946,11438.34278149109
1947,11438.34278149109
1948,11438.34278149109
1949,11438.34278149109
1950,11438.34278149109
1951,11438.34278149109
1952,11438.34278149109
1953,11434.534418816565
1954,11430.283127004896
1955,11418.68417894618
1956,11371.27006364835
1957,11371.27006364835
1958,11371.27006364835
1959,11588.422709831066
1960,11541.425747306954
1961,11473.389423335371
1962,11313.897358988166
1963,11313.897358988166
1964,11313.897358988166
1965,11313.897358988166
1966,11313.897358988166
1967,11313.897358988166
1968,11313.897358988166
1969,11313.897358988166
1970,11313.897358988166
1971,11313.897358988166
1972,11313.897358988166
1973,11313.897358988166
1974,11313.897358988166
1975,11313.897358988166
1976,11313.897358988166
1977,11313.897358988166
1978,11313.897358988166
1979,11313.897358988166
1980,11313.897358988166
1981,11313.897358988166
1982,11313.897358988166
1983,11313.897358988166
1984,11313.897358988166
1985,11313.897358988166
1986,11313.897358988166
1987,11313.897358988166
1988,11313.897358988166
1989,11313.897358988166
1990,11313.897358988166
1991,11313.897358988166
1992,11313.897358988166
1993,11313.897358988166
1994,11313.897358988166
1995,11313.897358988166
1996,11313.897358988166
1997,11313.897358988166
1998,11313.897358988166
1999,11313.897358988166
2000,11313.897358988166
2001,11313.897358988166
2002,11313.897358988166
2003,11313.897358988166
2004,11313.897358988166
2005,11313.897358988166
2006,11313.897358988166
2007,11313.897358988166
2008,11313.897358988166
2009,11313.897358988166
2010,11313.897358988166
2011,11313.897358988166
2012,11313.897358988166
2013,11313.897358988166
2014,11313.897358988166
2015,11313.897358988166
2016,11313.897358988166
2017,11313.897358988166
2018,11313.897358988166
2019,11313.897358988166
2020,11313.897358988166
2021,11313.897358988166
2022,11313.897358988166
2023,11313.897358988166
2024,11313.897358988166
2025,11313.897358988166
2026,11313.897358988166
2027,11313.897358988166
2028,11313.897358988166
2029,11313.897358988166
2030,11313.897358988166
2031,11313.897358988166
2032,11313.897358988166
2033,11313.897358988166
2034,11313.897358988166
2035,11313.897358988166
2036,11313.897358988166
2037,11313.897358988166
2038,11313.897358988166
2039,11313.897358988166
2040,11313.897358988166
2041,11313.897358988166
2042,11317.760757414
2043,11317.760757414
2044,11239.97568309668
2045,11239.97568309668
2046,11239.97568309668
2047,11239.97568309668
2048,11239.97568309668
2049,11239.97568309668
2050,11239.97568309668
2051,11239.97568309668
2052,11239.97568309668
2053,11239.97568309668
2054,11239.97568309668
2055,11239.97568309668
2056,11239.97568309668
2057,11239.97568309668
2058,11239.97568309668
2059,11239.97568309668
2060,11239.97568309668
2061,11239.97568309668
2062,11239.97568309668
2063,11239.97568309668
2064,11239.97568309668
2065,11239.97568309668
2066,11239.97568309668
2067,11239.97568309668
2068,11239.97568309668
2069,11239.97568309668
2070,11239.97568309668
2071,11239.97568309668
2072,11239.97568309668
2073,11239.97568309668
2074,11239.97568309668
2075,11239.97568309668
2076,11239.97568309668
2077,11239.97568309668
2078,11239.97568309668
2079,11239.97568309668
2080,11239.97568309668
2081,11239.97568309668
2082,11239.97568309668
2083,11239.97568309668
2084,11239.97568309668
2085,11239.97568309668
2086,11239.97568309668
2087,11239.97568309668
2088,11239.97568309668
2089,11239.97568309668
2090,11239.97568309668
2091,11239.97568309668
2092,11239.97568309668
2093,11239.97568309668
2094,11239.97568309668
2095,11239.97568309668
2096,11239.97568309668
2097,11239.97568309668
2098,11239.97568309668
2099,11239.97568309668
2100,11239.97568309668
2101,11239.97568309668
2102,11239.97568309668
2103,11239.97568309668
2104,11239.97568309668
2105,11239.97568309668
2106,11239.97568309668
2107,11239.97568309668
2108,11239.97568309668
2109,11239.97568309668
2110,11239.97568309668
2111,11239.97568309668
2112,11239.97568309668
2113,11239.97568309668
2114,11239.97568309668
2115,11239.97568309668
2116,11239.97568309668
2117,11239.97568309668
2118,11239.97568309668
2119,11239.97568309668
2120,11239.97568309668
2121,11239.97568309668
2122,11239.97568309668
2123,11239.97568309668
2124,11239.97568309668
2125,11239.97568309668
2126,11239.97568309668
2127,11239.97568309668
2128,11239.97568309668
2129,11239.97568309668
2130,11239.97568309668
2131,11239.97568309668
2132,11239.97568309668
2133,11239.97568309668
2134,11239.97568309668
2135,11239.97568309668
2136,11239.97568309668
2137,11239.97568309668
2138,11239.97568309668
2139,11244.440802991407
2140,11186.549865160567
2141,11186.549865160567
2142,11186.549865160567
2143,11186.549865160567
2144,11186.549865160567
2145,11186.549865160567
2146,11186.549865160567
2147,11186.549865160567
2148,11186.549865160567
2149,11186.549865160567
2150,11186.549865160567
2151,11186.549865160567
2152,11186.549865160567
2153,11186.549865160567
2154,11186.549865160567
2155,11156.093578020182
2156,11156.093578020182
2157,11156.093578020182
2158,11156.093578020182
2159,11156.093578020182
2160,11156.093578020182
2161,11156.093578020182
2162,11156.093578020182
2163,11156.093578020182
2164,11156.093578020182
2165,11156.093578020182
2166,11156.093578020182
2167,11156.093578020182
2168,11156.093578020182
2169,11156.093578020182
2170,11156.093578020182
2171,11156.093578020182
2172,11156.093578020182
2173,11156.093578020182
2174,11156.093578020182
2175,11156.093578020182
2176,11156.093578020182
2177,11156.093578020182
2178,11156.093578020182
2179,11156.093578020182
2180,11156.093578020182
2181,11156.093578020182
2182,11156.093578020182
2183,11156.093578020182
2184,11156.093578020182
2185,11156.093578020182
2186,11156.093578020182
2187,11156.093578020182
2188,11156.093578020182
2189,11156.093578020182
2190,11156.093578020182
2191,11156.093578020182
2192,11156.093578020182
2193,11156.093578020182
2194,11156.093578020182
2195,11156.093578020182
2196,11156.093578020182
2197,11156.093578020182
2198,11156.093578020182
2199,11156.093578020182
2200,11156.093578020182
2201,11156.093578020182
2202,11156.093578020182
2203,11156.093578020182
2204,11156.093578020182
2205,11156.093578020182
2206,11156.093578020182
2207,11156.093578020182
2208,11156.093578020182
2209,11156.093578020182
2210,11156.093578020182
2211,11156.093578020182
2212,11156.093578020182
2213,11156.093578020182
2214,11228.083454533202
2215,11379.187498585352
2216,11376.107266783198
2217,11366.645694259227
2218,11346.549892514768
2219,11310.117215970859
2220,11348.57794604813
2221,11242.661344287875
2222,11242.661344287875
2223,11242.661344287875
2224,11242.661344287875
2225,11242.661344287875
2226,11242.661344287875
2227,11242.661344287875
2228,11242.661344287875
2229,11242.661344287875
2230,11242.661344287875
2231,11242.661344287875
2232,11242.661344287875
2233,11242.661344287875
2234,11242.661344287875
2235,11242.661344287875
2236,11242.661344287875
2237,11242.661344287875
2238,11242.661344287875
2239,11242.661344287875
2240,11242.661344287875
2241,11242.661344287875
2242,11242.661344287875
2243,11242.661344287875
2244,11242.661344287875
2245,11242.661344287875
2246,11242.661344287875
2247,11242.661344287875
2248,11242.661344287875
2249,11242.661344287875
2250,11242.661344287875
2251,11242.661344287875
2252,11242.661344287875
2253,11242.661344287875
2254,11242.661344287875
2255,11242.661344287875
2256,11242.661344287875
2257,11242.661344287875
2258,11242.661344287875
2259,11242.661344287875
2260,11242.661344287875
2261,11242.661344287875
2262,11242.661344287875
2263,11242.661344287875
2264,11242.661344287875
2265,11242.661344287875
2266,11242.661344287875
2267,11242.661344287875
2268,11242.661344287875
2269,11242.661344287875
2270,11242.661344287875
2271,11242.661344287875
2272,11242.661344287875
2273,11242.661344287875
2274,11242.661344287875
2275,11242.661344287875
2276,11242.661344287875
2277,11242.661344287875
2278,11242.661344287875
2279,11242.661344287875
2280,11242.661344287875
2281,11232.754472213934
2282,11232.754472213934
2283,11208.989851995613
2284,11208.989851995613
2285,11208.989851995613
2286,11208.989851995613
2287,11208.989851995613
2288,11208.989851995613
2289,11208.989851995613
2290,11208.989851995613
2291,11208.989851995613
2292,11208.989851995613
2293,11208.989851995613
2294,11208.989851995613
2295,11208.989851995613
2296,11208.989851995613
2297,11208.989851995613
2298,11208.989851995613
2299,11208.989851995613
2300,11208.989851995613
2301,11208.989851995613
2302,11208.989851995613
2303,11208.989851995613
2304,11208.989851995613
2305,11208.989851995613
2306,11208.989851995613
2307,11208.989851995613
2308,11208.989851995613
2309,11208.989851995613
2310,11208.989851995613
2311,11208.989851995613
2312,11208.989851995613
2313,11208.989851995613
2314,11208.989851995613
2315,11208.989851995613
2316,11208.989851995613
2317,11208.989851995613
2318,11208.989851995613
2319,11208.989851995613
2320,11208.989851995613
2321,11208.989851995613
2322,11208.989851995613
2323,11208.989851995613
2324,11208.989851995613
2325,11235.056027220513
2326,11215.098483870705
2327,11204.62539527433
2328,11204.62539527433
2329,11204.62539527433
2330,11204.62539527433
2331,11204.62539527433
2332,11204.62539527433
2333,11204.62539527433
2334,11204.62539527433
2335,11204.62539527433
2336,11204.62539527433
2337,11204.62539527433
2338,11204.62539527433
2339,11204.62539527433
2340,11204.62539527433
2341,11204.62539527433
2342,11204.62539527433
2343,11204.62539527433
2344,11204.62539527433
2345,11204.62539527433
2346,11204.62539527433
2347,11204.62539527433
2348,11204.62539527433
2349,11204.62539527433
2350,11204.62539527433
2351,11204.62539527433
2352,11204.62539527433
2353,11204.62539527433
2354,11204.62539527433
2355,11204.62539527433
2356,11204.62539527433
2357,11204.62539527433
2358,11204.62539527433
2359,11204.62539527433
2360,11204.62539527433
2361,11204.62539527433
2362,11204.62539527433
2363,11204.62539527433
2364,11204.62539527433
2365,11204.62539527433
2366,11204.62539527433
2367,11204.62539527433
2368,11204.62539527433
2369,11204.62539527433
2370,11204.62539527433
2371,11204.62539527433
2372,11204.62539527433
2373,11204.62539527433
2374,11204.62539527433
2375,11204.62539527433
2376,11204.62539527433
2377,11204.62539527433
2378,11204.62539527433
2379,11204.62539527433
2380,11204.62539527433
2381,11202.953545628898
2382,11202.953545628898
2383,11207.148033225783
2384,11213.140724192815
2385,11221.692092201949
2386,11211.283108817044
2387,11200.295848577425
2388,11200.295848577425
2389,11200.295848577425
2390,11253.299093146292
2391,11489.714535718602
2392,11538.444282405098
2393,11583.21312966543
2394,11543.61204928878
2395,11520.681567595868
2396,11563.111861848347
2397,11710.175586196723
2398,11727.324974920983
2399,11842.677762205165
2400,11945.969788799099
2401,11903.67403059106
2402,11916.708199132298
2403,11913.962081048625
2404,11824.863607143647
2405,11824.863607143647
2406,11824.863607143647
2407,11824.863607143647
2408,11824.863607143647
2409,11824.863607143647
2410,11824.863607143647
2411,11824.863607143647
2412,11824.863607143647
2413,11824.863607143647
2414,11824.863607143647
2415,11824.863607143647
2416,11824.863607143647
2417,11824.863607143647
2418,11824.863607143647
2419,11824.863607143647
2420,11824.863607143647
2421,11824.863607143647
2422,11824.863607143647
2423,11824.863607143647
2424,11824.863607143647
2425,11824.863607143647
2426,11824.863607143647
2427,11824.863607143647
2428,11824.863607143647
2429,11824.863607143647
2430,11824.863607143647
2431,11824.863607143647
2432,11824.863607143647
2433,11824.863607143647
2434,11824.863607143647
2435,11824.863607143647
2436,11824.863607143647
2437,11824.863607143647
2438,11824.863607143647
2439,11824.863607143647
2440,11824.863607143647
2441,11824.863607143647
2442,11824.863607143647
2443,11824.863607143647
2444,11824.863607143647
2445,11824.863607143647
2446,11824.863607143647
2447,11824.863607143647
2448,11824.863607143647
2449,11845.071784927512
2450,11827.632497209788
2451,11820.348428456244
2452,11840.576271652511
2453,11805.75275937179
2454,11805.75275937179
2455,11805.75275937179
2456,11805.75275937179
2457,11805.75275937179
2458,11805.75275937179
2459,11805.75275937179
2460,11805.75275937179
2461,11805.75275937179
2462,11805.75275937179
2463,11805.75275937179
2464,11805.75275937179
2465,11805.75275937179
2466,11805.75275937179
2467,11805.75275937179
2468,11805.75275937179
2469,11805.75275937179
2470,11805.75275937179
2471,11805.75275937179
2472,11805.75275937179
2473,11805.75275937179
2474,11805.75275937179
2475,11805.75275937179
2476,11805.75275937179
2477,11805.75275937179
2478,11805.75275937179
2479,11805.75275937179
2480,11805.75275937179
2481,11794.960715030384
2482,11794.960715030384
2483,11724.153170888896
2484,11724.153170888896
2485,11724.153170888896
2486,11724.153170888896
2487,11724.153170888896
2488,11724.153170888896
2489,11724.153170888896
2490,11724.153170888896
2491,11724.153170888896
2492,11724.153170888896
2493,11724.153170888896
2494,11724.153170888896
2495,11724.153170888896
2496,11724.153170888896
2497,11724.153170888896
2498,11724.153170888896
2499,11724.153170888896
2500,11724.153170888896
2501,11724.153170888896
2502,11724.153170888896
2503,11724.153170888896
2504,11724.153170888896
2505,11724.153170888896
2506,11724.153170888896
2507,11724.153170888896
2508,11724.153170888896
2509,11724.153170888896
2510,11724.153170888896
2511,11724.153170888896
2512,11724.153170888896
2513,11724.153170888896
2514,11724.153170888896
2515,11724.153170888896
2516,11724.153170888896
2517,11724.153170888896
2518,11702.563656457369
2519,11702.563656457369
2520,11702.563656457369
2521,11702.563656457369
2522,11702.563656457369
2523,11702.563656457369
2524,11702.563656457369
2525,11702.563656457369
2526,11702.563656457369
2527,11702.563656457369
2528,11702.563656457369
2529,11702.563656457369
2530,11702.563656457369
2531,11702.563656457369
2532,11702.563656457369
2533,11702.563656457369
2534,11702.563656457369
2535,11702.563656457369
2536,11702.563656457369
2537,11702.563656457369
2538,11702.563656457369
2539,11702.563656457369
2540,11702.563656457369
2541,11702.563656457369
2542,11702.563656457369
2543,11702.563656457369
2544,11702.563656457369
2545,11702.563656457369
2546,11702.563656457369
2547,11702.563656457369
2548,11702.563656457369
2549,11702.563656457369
2550,11702.563656457369
2551,11702.563656457369
2552,11702.563656457369
2553,11702.563656457369
2554,11702.563656457369
2555,11702.563656457369
2556,11702.563656457369
2557,11702.563656457369
2558,11702.563656457369
2559,11702.563656457369
2560,11702.563656457369
2561,11702.563656457369
2562,11702.563656457369
2563,11702.563656457369
2564,11702.563656457369
2565,11722.454528406655
2566,11693.842029623831
2567,11693.842029623831
2568,11693.842029623831
2569,11693.842029623831
2570,11693.842029623831
2571,11693.842029623831
2572,11693.842029623831
2573,11764.633336840503
2574,11786.2618149568
2575,11757.868499889413
2576,11834.57755505335
2577,11835.20297590664
2578,12025.730709649655
2579,11995.073212758964
2580,12026.015711557484
2581,11973.171607814329
2582,11948.253732678513
2583,11962.499869710093
2584,11885.177268772357
2585,11885.177268772357
2586,11885.177268772357
2587,11885.177268772357
2588,11885.177268772357
2589,11885.177268772357
2590,11885.177268772357
2591,11885.177268772357
2592,11885.177268772357
2593,11885.177268772357
2594,11885.177268772357
2595,11885.177268772357
2596,11885.177268772357
2597,11885.177268772357
2598,11885.177268772357
2599,11885.177268772357
2600,11885.177268772357
2601,11885.177268772357
2602,11885.177268772357
2603,11885.177268772357
2604,11885.177268772357
2605,11885.177268772357
2606,11885.177268772357
2607,11885.177268772357
2608,11885.177268772357
2609,11885.177268772357
2610,11885.177268772357
2611,11885.177268772357
2612,11885.177268772357
2613,11885.177268772357
2614,11885.177268772357
2615,11885.177268772357
2616,11885.177268772357
2617,11885.177268772357
2618,11885.177268772357
2619,11885.177268772357
2620,11885.177268772357
2621,11885.177268772357
2622,11885.177268772357
2623,11885.177268772357
2624,11885.177268772357
2625,11885.177268772357
2626,11885.177268772357
2627,11885.177268772357
2628,11885.177268772357
2629,11885.177268772357
2630,11885.177268772357
2631,11885.177268772357
2632,11885.177268772357
2633,11885.177268772357
2634,11885.177268772357
2635,11885.177268772357
2636,11885.177268772357
2637,11885.177268772357
2638,11885.177268772357
2639,11885.177268772357
2640,11885.177268772357
2641,11885.177268772357
2642,11885.177268772357
2643,11885.177268772357
2644,11885.177268772357
2645,11885.177268772357
2646,11885.177268772357
2647,11885.177268772357
2648,11885.177268772357
2649,11885.177268772357
2650,11885.177268772357
2651,11885.177268772357
2652,11885.177268772357
2653,11885.177268772357
2654,11885.177268772357
2655,11885.177268772357
2656,11885.177268772357
2657,11885.177268772357
2658,11885.177268772357
2659,11885.177268772357
2660,11885.177268772357
2661,11885.177268772357
2662,11885.177268772357
2663,11885.177268772357
2664,11885.177268772357
2665,11885.177268772357
2666,11885.177268772357
2667,11885.177268772357
2668,11885.177268772357
2669,11885.177268772357
2670,11885.177268772357
2671,11885.177268772357
2672,11885.177268772357
2673,11885.177268772357
2674,11885.177268772357
2675,11885.177268772357
2676,11885.177268772357
2677,11885.177268772357
2678,11885.177268772357
2679,11885.177268772357
2680,11885.177268772357
2681,11885.177268772357
2682,11885.177268772357
2683,11885.177268772357
2684,11885.177268772357
2685,11885.177268772357
2686,11885.177268772357
2687,11885.177268772357
2688,11885.177268772357
2689,11902.808009956472
2690,11902.808009956472
2691,11902.808009956472
2692,11893.89140941188
2693,11893.89140941188
2694,11950.265099000766
2695,11946.647974072264
2696,11911.485553432394
2697,11867.795512877658
2698,11867.795512877658
2699,11867.795512877658
2700,11867.795512877658
2701,11867.795512877658
2702,11867.795512877658
2703,11867.795512877658
2704,11867.795512877658
2705,11867.795512877658
2706,11867.795512877658
2707,11867.795512877658
2708,11867.795512877658
2709,11867.795512877658
2710,11867.795512877658
2711,11867.795512877658
2712,11867.795512877658
2713,11867.795512877658
2714,11867.795512877658
2715,11867.795512877658
2716,11867.795512877658
2717,11867.795512877658
2718,11867.795512877658
2719,11867.795512877658
2720,11867.795512877658
2721,11867.795512877658
2722,11867.795512877658
2723,11867.795512877658
2724,11867.795512877658
2725,11784.424402450079
2726,11714.3369915712
2727,11714.3369915712
2728,11714.3369915712
2729,11696.543976089593
2730,11696.543976089593
2731,11729.497955240939
2732,11709.934867164055
2733,11730.963051138402
2734,11751.064337708232
2735,11728.899956915446
2736,11705.065452227887
2737,11705.065452227887
2738,11705.065452227887
2739,11705.065452227887
2740,11705.065452227887
2741,11705.065452227887
2742,11705.065452227887
2743,11705.065452227887
2744,11705.065452227887
2745,11705.065452227887
2746,11705.065452227887
2747,11705.065452227887
2748,11705.065452227887
2749,11705.065452227887
2750,11705.065452227887
2751,11705.065452227887
2752,11705.065452227887
2753,11705.065452227887
2754,11705.065452227887
2755,11705.065452227887
2756,11705.065452227887
2757,11705.065452227887
2758,11705.065452227887
2759,11705.065452227887
2760,11705.065452227887
2761,11703.939965561583
2762,11670.884463398841
2763,11679.063824373008
2764,11706.401194645041
2765,11706.302250762288
2766,11698.539278628035
2767,11843.24882981467
2768,11901.093897268582
2769,11955.232691781071
2770,11936.062314497865
2771,12353.741547550251
2772,12304.933354721026
2773,12244.396189123905
2774,12293.789799926077
2775,12289.770204689275
2776,12252.930099011266
2777,12261.426904942597
2778,11495.729054957046
2779,11495.729054957046
2780,11495.729054957046
2781,11495.729054957046
2782,11495.729054957046
2783,11495.729054957046
2784,11495.729054957046
2785,11495.729054957046
2786,11495.729054957046
2787,11495.729054957046
2788,11495.729054957046
2789,11495.729054957046
2790,11495.729054957046
2791,11495.729054957046
2792,11495.729054957046
2793,11495.729054957046
2794,11495.729054957046
2795,11495.729054957046
2796,11495.729054957046
2797,11495.729054957046
2798,11495.729054957046
2799,11495.729054957046
2800,11495.729054957046
2801,11495.729054957046
2802,11495.729054957046
2803,11495.729054957046
2804,11495.729054957046
2805,11495.729054957046
2806,11495.729054957046
2807,11495.729054957046
2808,11495.729054957046
2809,11495.729054957046
2810,11495.729054957046
2811,11495.729054957046
2812,11495.729054957046
2813,11495.729054957046
2814,11495.729054957046
2815,11495.729054957046
2816,11495.729054957046
2817,11495.729054957046
2818,11495.729054957046
2819,11495.729054957046
2820,11495.729054957046
2821,11495.729054957046
2822,11495.729054957046
2823,11495.729054957046
2824,11495.729054957046
2825,11495.729054957046
2826,11495.729054957046
2827,11495.729054957046
2828,11495.729054957046
2829,11495.729054957046
2830,11495.729054957046
2831,11495.729054957046
2832,11495.729054957046
2833,11495.729054957046
2834,11495.729054957046
2835,11495.729054957046
2836,11495.729054957046
2837,11495.729054957046
2838,11495.729054957046
2839,11495.729054957046
2840,11495.729054957046
2841,11495.729054957046
2842,11495.729054957046
2843,11495.729054957046
2844,11495.729054957046
2845,11495.729054957046
2846,11495.729054957046
2847,11495.729054957046
2848,11495.729054957046
2849,11495.729054957046
2850,11495.729054957046
2851,11495.729054957046
2852,11495.729054957046
2853,11495.729054957046
2854,11495.729054957046
2855,11495.729054957046
2856,11495.729054957046
2857,11495.729054957046
2858,11495.729054957046
2859,11495.729054957046
2860,11495.729054957046
2861,11495.729054957046
2862,11495.729054957046
2863,11495.729054957046
2864,11495.729054957046
2865,11495.729054957046
2866,11495.729054957046
2867,11495.729054957046
2868,11495.729054957046
2869,11495.729054957046
2870,11495.729054957046
2871,11495.729054957046
2872,11495.729054957046
2873,11495.729054957046
2874,11495.729054957046
2875,11495.729054957046
2876,11495.729054957046
2877,11495.729054957046
2878,11495.729054957046
2879,11495.729054957046
2880,11495.729054957046
2881,11495.729054957046
2882,11495.729054957046
2883,11495.729054957046
2884,11495.729054957046
2885,11495.729054957046
2886,11495.729054957046
2887,11495.729054957046
2888,11495.729054957046
2889,11495.729054957046
2890,11495.729054957046
2891,11495.729054957046
2892,11495.729054957046
2893,11495.729054957046
2894,11495.729054957046
2895,11495.729054957046
2896,11495.729054957046
2897,11495.729054957046
2898,11495.729054957046
2899,11495.729054957046
2900,11495.729054957046
2901,11495.729054957046
2902,11495.729054957046
2903,11495.729054957046
2904,11495.729054957046
2905,11495.729054957046
2906,11495.729054957046
2907,11495.729054957046
2908,11495.729054957046
2909,11495.355443896193
2910,11495.355443896193
2911,11483.502606381195
2912,11464.926469052125
2913,11464.926469052125
2914,11464.926469052125
2915,11464.926469052125
2916,11464.926469052125
2917,11464.926469052125
2918,11464.926469052125
2919,11464.926469052125
2920,11464.926469052125
2921,11464.926469052125
2922,11464.926469052125
2923,11464.926469052125
2924,11464.926469052125
2925,11464.926469052125
2926,11464.926469052125
2927,11464.926469052125
2928,11464.926469052125
2929,11464.926469052125
2930,11464.926469052125
2931,11464.926469052125
2932,11464.926469052125
2933,11464.926469052125
2934,11486.485326196476
2935,11501.481920576734
2936,11491.119398130073
2937,11454.29135413878
2938,11454.29135413878
2939,11454.29135413878
2940,11454.29135413878
2941,11454.29135413878
2942,11454.29135413878
2943,11454.29135413878
2944,11454.29135413878
2945,11454.29135413878
2946,11454.29135413878
2947,11454.29135413878
2948,11454.29135413878
2949,11454.29135413878
2950,11454.29135413878
2951,11454.29135413878
2952,11454.29135413878
2953,11454.29135413878
2954,11454.29135413878
2955,11454.29135413878
2956,11454.29135413878
2957,11454.29135413878
2958,11454.29135413878
2959,11454.29135413878
2960,11454.29135413878
2961,11454.29135413878
2962,11454.29135413878
2963,11454.29135413878
2964,11454.29135413878
2965,11454.29135413878
2966,11454.29135413878
2967,11454.29135413878
2968,11454.29135413878
2969,11454.29135413878
2970,11454.29135413878
2971,11454.29135413878
2972,11454.29135413878
2973,11454.29135413878
2974,11454.29135413878
2975,11454.29135413878
2976,11454.29135413878
2977,11454.29135413878
2978,11454.29135413878
2979,11454.29135413878
2980,11454.29135413878
2981,11454.29135413878
2982,11454.29135413878
2983,11454.29135413878
2984,11454.29135413878
2985,11454.29135413878
2986,11454.29135413878
2987,11454.29135413878
2988,11454.29135413878
2989,11454.29135413878
2990,11454.29135413878
2991,11454.29135413878
2992,11454.29135413878
2993,11454.29135413878
2994,11454.29135413878
2995,11454.29135413878
2996,11454.29135413878
2997,11454.29135413878
2998,11454.29135413878
2999,11454.29135413878
3000,11454.29135413878
3001,11454.29135413878
3002,11454.29135413878
3003,11454.29135413878
3004,11454.29135413878
3005,11454.29135413878
3006,11454.29135413878
3007,11454.29135413878
3008,11454.29135413878
3009,11454.29135413878
3010,11454.29135413878
3011,11454.29135413878
3012,11454.29135413878
3013,11454.29135413878
3014,11454.29135413878
3015,11454.29135413878
3016,11454.29135413878
3017,11454.29135413878
3018,11454.29135413878
3019,11454.29135413878
3020,11454.29135413878
3021,11454.29135413878
3022,11454.29135413878
3023,11454.29135413878
3024,11454.29135413878
3025,11454.29135413878
3026,11454.29135413878
3027,11454.29135413878
3028,11454.29135413878
3029,11454.29135413878
3030,11454.29135413878
3031,11454.29135413878
3032,11454.29135413878
3033,11454.29135413878
3034,11454.29135413878
3035,11454.29135413878
3036,11454.29135413878
3037,11454.29135413878
3038,11454.29135413878
3039,11454.29135413878
3040,11454.29135413878
3041,11454.29135413878
3042,11454.29135413878
3043,11454.29135413878
3044,11454.29135413878
3045,11454.29135413878
3046,11454.29135413878
3047,11454.29135413878
3048,11454.29135413878
3049,11454.29135413878
3050,11454.29135413878
3051,11454.29135413878
3052,11454.29135413878
3053,11417.926813128199
3054,11417.926813128199
3055,11417.926813128199
3056,11417.926813128199
3057,11426.598157162553
3058,11426.598157162553
3059,11426.598157162553
3060,11426.598157162553
3061,11473.6692547421
3062,11439.642696622506
3063,11431.282705610121
3064,11431.282705610121
3065,11431.282705610121
3066,11431.282705610121
3067,11431.282705610121
3068,11431.282705610121
3069,11431.282705610121
3070,11431.282705610121
3071,11431.282705610121
3072,11431.282705610121
3073,11406.589072651497
3074,11401.550482102954
3075,11393.140451359359
3076,11393.140451359359
3077,11393.140451359359
3078,11393.140451359359
3079,11393.140451359359
3080,11393.140451359359
3081,11393.140451359359
3082,11393.140451359359
3083,11393.140451359359
3084,11393.140451359359
3085,11393.140451359359
3086,11393.140451359359
3087,11393.140451359359
3088,11393.140451359359
3089,11393.140451359359
3090,11393.140451359359
3091,11393.140451359359
3092,11393.140451359359
3093,11393.140451359359
3094,11393.140451359359
3095,11393.140451359359
3096,11393.140451359359
3097,11393.140451359359
3098,11393.140451359359
3099,11393.140451359359
3100,11393.140451359359
3101,11393.140451359359
3102,11393.140451359359
3103,11393.140451359359
3104,11393.140451359359
3105,11393.140451359359
3106,11393.140451359359
3107,11393.140451359359
3108,11393.140451359359
3109,11393.140451359359
3110,11393.140451359359
3111,11393.140451359359
3112,11393.140451359359
3113,11393.140451359359
3114,11393.140451359359
3115,11393.140451359359
3116,11393.140451359359
3117,11393.140451359359
3118,11393.140451359359
3119,11393.140451359359
3120,11393.140451359359
3121,11393.140451359359
3122,11393.140451359359
3123,11393.140451359359
3124,11393.140451359359
3125,11393.140451359359
3126,11393.140451359359
3127,11393.140451359359
3128,11393.140451359359
3129,11393.140451359359
3130,11393.140451359359
3131,11393.140451359359
3132,11393.140451359359
3133,11393.140451359359
3134,11393.140451359359
3135,11393.140451359359
3136,11393.140451359359
3137,11393.140451359359
3138,11393.140451359359
3139,11393.140451359359
3140,11393.140451359359
3141,11393.140451359359
3142,11393.140451359359
3143,11393.140451359359
3144,11393.140451359359
3145,11393.140451359359
3146,11393.140451359359
3147,11393.140451359359
3148,11231.772261847796
3149,11231.772261847796
3150,11231.772261847796
3151,11231.772261847796
3152,11231.772261847796
3153,11231.772261847796
3154,11231.772261847796
3155,11231.772261847796
3156,11231.772261847796
3157,11231.772261847796
3158,11231.772261847796
3159,11231.772261847796
3160,11231.772261847796
3161,11231.772261847796
3162,11231.772261847796
3163,11231.772261847796
3164,11231.772261847796
3165,11231.772261847796
3166,11231.772261847796
3167,11231.772261847796
3168,11231.772261847796
3169,11231.772261847796
3170,11231.772261847796
3171,11231.772261847796
3172,11231.772261847796
3173,11231.772261847796
3174,11231.772261847796
3175,11231.772261847796
3176,11231.772261847796
3177,11231.772261847796
3178,11231.772261847796
3179,11231.772261847796
3180,11231.772261847796
3181,11231.772261847796
3182,11231.772261847796
3183,11231.772261847796
3184,11231.772261847796
3185,11231.772261847796
3186,11231.772261847796
3187,11231.772261847796
3188,11231.772261847796
3189,11231.772261847796
3190,11231.772261847796
3191,11231.772261847796
3192,11231.772261847796
3193,11231.772261847796
3194,11231.772261847796
3195,11231.772261847796
3196,11231.772261847796
3197,11231.772261847796
3198,11231.772261847796
3199,11231.772261847796
3200,11231.772261847796
3201,11231.772261847796
3202,11231.772261847796
3203,11231.772261847796
3204,11231.772261847796
3205,11231.772261847796
3206,11231.772261847796
3207,11231.772261847796
3208,11231.772261847796
3209,11231.772261847796
3210,11231.772261847796
3211,11231.772261847796
3212,11231.772261847796
3213,11231.772261847796
3214,11231.772261847796
3215,11231.772261847796
3216,11231.772261847796
3217,11231.772261847796
3218,11231.772261847796
3219,11231.772261847796
3220,11231.772261847796
3221,11231.772261847796
3222,11231.772261847796
3223,11231.772261847796
3224,11231.772261847796
3225,11231.772261847796
3226,11231.772261847796
3227,11231.772261847796
3228,11231.772261847796
3229,11231.772261847796
3230,11228.53036224035
3231,11263.715833959615
3232,11273.453828229267
3233,11242.907838628375
3234,11237.317508584683
3235,11237.317508584683
3236,11237.317508584683
3237,11237.317508584683
3238,11237.317508584683
3239,11237.317508584683
3240,11237.317508584683
3241,11237.317508584683
3242,11237.317508584683
3243,11237.317508584683
3244,11237.317508584683
3245,11237.317508584683
3246,11237.317508584683
3247,11237.317508584683
3248,11237.317508584683
3249,11237.317508584683
3250,11237.317508584683
3251,11237.317508584683
3252,11237.317508584683
3253,11237.317508584683
3254,11237.317508584683
3255,11237.317508584683
3256,11237.317508584683
3257,11237.317508584683
3258,11237.317508584683
3259,11237.317508584683
3260,11237.317508584683
3261,11237.317508584683
3262,11237.317508584683
3263,11237.317508584683
3264,11237.317508584683
3265,11237.317508584683
3266,11237.317508584683
3267,11237.317508584683
3268,11237.317508584683
3269,11237.317508584683
3270,11237.317508584683
3271,11237.317508584683
3272,11237.317508584683
3273,11237.317508584683
3274,11237.317508584683
3275,11237.317508584683
3276,11237.317508584683
3277,11237.317508584683
3278,11237.317508584683
3279,11237.317508584683
3280,11237.317508584683
3281,11237.317508584683
3282,11237.317508584683
3283,11237.317508584683
3284,11237.317508584683
3285,11237.317508584683
3286,11237.317508584683
3287,11237.317508584683
3288,11237.317508584683
3289,11237.317508584683
3290,11237.317508584683
3291,11237.317508584683
3292,11237.317508584683
3293,11237.317508584683
3294,11237.317508584683
3295,11237.317508584683
3296,11237.317508584683
3297,11237.317508584683
3298,11237.317508584683
3299,11237.317508584683
3300,11237.317508584683
3301,11237.317508584683
3302,11237.317508584683
3303,11237.317508584683
3304,11237.317508584683
3305,11237.317508584683
3306,11237.317508584683
3307,11237.317508584683
3308,11237.317508584683
3309,11237.317508584683
3310,11237.317508584683
3311,11237.317508584683
3312,11237.317508584683
3313,11237.317508584683
3314,11237.317508584683
3315,11237.317508584683
3316,11237.317508584683
3317,11248.301263170966
3318,11226.835486221602
3319,11226.835486221602
3320,11226.835486221602
3321,11226.835486221602
3322,11226.835486221602
3323,11226.835486221602
3324,11226.835486221602
3325,11226.835486221602
3326,11226.835486221602
3327,11226.835486221602
3328,11226.835486221602
3329,11226.835486221602
3330,11226.835486221602
3331,11226.835486221602
3332,11226.835486221602
3333,11226.835486221602
3334,11226.835486221602
3335,11226.835486221602
3336,11226.835486221602
3337,11226.835486221602
3338,11226.835486221602
3339,11226.835486221602
3340,11226.835486221602
3341,11226.835486221602
3342,11226.835486221602
3343,11226.835486221602
3344,11226.835486221602
3345,11226.835486221602
3346,11226.835486221602
3347,11226.835486221602
3348,11226.835486221602
3349,11226.835486221602
3350,11226.835486221602
3351,11226.835486221602
3352,11226.835486221602
3353,11226.835486221602
3354,11226.835486221602
3355,11226.835486221602
3356,11226.835486221602
3357,11226.835486221602
3358,11226.835486221602
3359,11226.835486221602
3360,11226.835486221602
3361,11226.835486221602
3362,11226.835486221602
3363,11226.835486221602
3364,11226.835486221602
3365,11226.835486221602
3366,11226.835486221602
3367,11226.835486221602
3368,11226.835486221602
3369,11226.835486221602
3370,11226.835486221602
3371,11226.835486221602
3372,11226.835486221602
3373,11226.835486221602
3374,11226.835486221602
3375,11226.835486221602
3376,11226.835486221602
3377,11226.835486221602
3378,11226.835486221602
3379,11226.835486221602
3380,11226.835486221602
3381,11226.835486221602
3382,11226.835486221602
3383,11226.835486221602
3384,11226.835486221602
3385,11226.835486221602
3386,11224.783877746979
3387,11224.783877746979
3388,11251.874748322125
3389,11279.461850304884
3390,11288.478122660226
3391,11281.535088304505
3392,11296.653324833167
3393,11283.700844024188
3394,11281.602373919095
3395,11241.575843938619
3396,11241.575843938619
3397,11241.575843938619
3398,11241.575843938619
3399,11241.575843938619
3400,11241.575843938619
3401,11241.575843938619
3402,11241.575843938619
3403,11241.575843938619
3404,11241.575843938619
3405,11241.575843938619
3406,11241.575843938619
3407,11241.575843938619
3408,11241.575843938619
3409,11241.575843938619
3410,11241.575843938619
3411,11241.575843938619
3412,11241.575843938619
3413,11241.575843938619
3414,11241.575843938619
3415,11241.575843938619
3416,11241.575843938619
3417,11241.575843938619
3418,11241.575843938619
3419,11241.575843938619
3420,11241.575843938619
3421,11241.575843938619
3422,11241.575843938619
3423,11241.575843938619
3424,11241.575843938619
3425,11241.575843938619
3426,11241.575843938619
3427,11241.575843938619
3428,11241.575843938619
3429,11241.575843938619
3430,11241.575843938619
3431,11241.575843938619
3432,11241.575843938619
3433,11241.575843938619
3434,11241.575843938619
3435,11241.575843938619
3436,11241.575843938619
3437,11241.575843938619
3438,11241.575843938619
3439,11241.575843938619
3440,11241.575843938619
3441,11241.575843938619
3442,11241.575843938619
3443,11241.575843938619
3444,11241.575843938619
3445,11241.575843938619
3446,11241.575843938619
3447,11241.575843938619
3448,11241.575843938619
3449,11214.007584352632
3450,11214.007584352632
3451,11278.872190720293
3452,11263.699383224874
3453,11255.096333028992
3454,11246.762395128213
3455,11207.232789113968
3456,11207.232789113968
3457,11207.232789113968
3458,11207.232789113968
3459,11224.64048204428
3460,11224.64048204428
3461,11224.64048204428
3462,11224.64048204428
3463,11224.64048204428
3464,11224.64048204428
3465,11224.64048204428
3466,11224.64048204428
3467,11224.64048204428
3468,11224.64048204428
3469,11224.64048204428
3470,11224.64048204428
3471,11224.64048204428
3472,11224.64048204428
3473,11224.64048204428
3474,11224.64048204428
3475,11224.64048204428
3476,11224.64048204428
3477,11224.64048204428
3478,11224.64048204428
3479,11224.64048204428
3480,11224.64048204428
3481,11224.64048204428
3482,11224.64048204428
3483,11224.64048204428
3484,11224.64048204428
3485,11224.64048204428
3486,11224.64048204428
3487,11224.64048204428
3488,11224.64048204428
3489,11224.64048204428
3490,11224.64048204428
3491,11224.64048204428
3492,11224.64048204428
3493,11224.64048204428
3494,11224.64048204428
3495,11224.64048204428
3496,11224.64048204428
3497,11224.64048204428
3498,11224.64048204428
3499,11224.64048204428
3500,11224.64048204428
3501,11224.64048204428
3502,11224.64048204428
3503,11224.64048204428
3504,11224.64048204428
3505,11224.64048204428
3506,11224.64048204428
3507,11224.64048204428
3508,11224.64048204428
3509,11224.64048204428
3510,11224.64048204428
3511,11224.64048204428
3512,11224.64048204428
3513,11224.64048204428
3514,11224.64048204428
3515,11224.64048204428
3516,11224.64048204428
3517,11224.64048204428
3518,11234.397426386597
3519,11223.461903780326
3520,11223.461903780326
3521,11223.461903780326
3522,11223.461903780326
3523,11223.461903780326
3524,11223.461903780326
3525,11223.461903780326
3526,11223.461903780326
3527,11223.461903780326
3528,11223.461903780326
3529,11223.461903780326
3530,11223.461903780326
3531,11223.461903780326
3532,11223.461903780326
3533,11223.461903780326
3534,11223.461903780326
3535,11223.461903780326
3536,11223.461903780326
3537,11223.461903780326
3538,11223.461903780326
3539,11223.461903780326
3540,11223.461903780326
3541,11223.461903780326
3542,11223.461903780326
3543,11223.461903780326
3544,11223.461903780326
3545,11223.461903780326
3546,11223.461903780326
3547,11223.461903780326
3548,11223.461903780326
3549,11223.461903780326
3550,11223.461903780326
3551,11223.461903780326
3552,11223.461903780326
3553,11223.461903780326
3554,11223.461903780326
3555,11223.461903780326
3556,11223.461903780326
3557,11223.461903780326
3558,11223.461903780326
3559,11223.461903780326
3560,11223.461903780326
3561,11223.461903780326
3562,11223.461903780326
3563,11223.461903780326
3564,11223.461903780326
3565,11223.461903780326
3566,11223.461903780326
3567,11223.461903780326
3568,11223.461903780326
3569,11223.461903780326
3570,11223.461903780326
3571,11223.461903780326
3572,11223.461903780326
3573,11223.461903780326
3574,11242.585697539065
3575,11231.702402447454
3576,11254.595829142952
3577,11261.648690766564
3578,11280.213119637914
3579,11258.714051792142
3580,11249.468317675211
3581,11249.468317675211
3582,11249.468317675211
3583,11249.468317675211
3584,11249.468317675211
3585,11249.468317675211
3586,11249.468317675211
3587,11249.468317675211
3588,11249.468317675211
3589,11249.468317675211
3590,11249.468317675211
3591,11265.871119481812
3592,11265.871119481812
3593,11265.871119481812
3594,11265.871119481812
3595,11265.871119481812
3596,11265.871119481812
3597,11265.871119481812
3598,11265.871119481812
3599,11265.871119481812
3600,11265.871119481812
3601,11265.871119481812
3602,11265.871119481812
3603,11265.871119481812
3604,11265.871119481812
3605,11265.871119481812
3606,11265.871119481812
3607,11265.871119481812
3608,11265.871119481812
3609,11265.871119481812
3610,11265.871119481812
3611,11265.871119481812
3612,11265.871119481812
3613,11265.871119481812
3614,11265.871119481812
3615,11265.871119481812
3616,11265.871119481812
3617,11265.871119481812
3618,11265.871119481812
3619,11265.871119481812
3620,11265.871119481812
3621,11265.871119481812
3622,11276.79965244206
3623,11216.881287049844
3624,11216.881287049844
3625,11216.881287049844
3626,11216.881287049844
3627,11216.881287049844
3628,11216.881287049844
3629,11216.881287049844
3630,11216.881287049844
3631,11216.881287049844
3632,11216.881287049844
3633,11216.881287049844
3634,11216.881287049844
3635,11216.881287049844
3636,11216.881287049844
3637,11216.881287049844
3638,11216.881287049844
3639,11216.881287049844
3640,11216.881287049844
3641,11216.881287049844
3642,11216.881287049844
3643,11216.881287049844
3644,11216.881287049844
3645,11216.881287049844
3646,11216.881287049844
3647,11216.881287049844
3648,11216.881287049844
3649,11278.843784576125
3650,11295.573784414599
3651,11324.134851905783
3652,11359.41469402577
3653,11325.30206119684
3654,11316.345089540384
3655,11365.079215101363
3656,11329.326632300768
3657,11336.149995575724
3658,11350.273646352089
3659,11335.493178877889
3660,11335.493178877889
3661,11335.493178877889
3662,11335.493178877889
3663,11335.493178877889
3664,11335.493178877889
3665,11335.493178877889
3666,11335.493178877889
3667,11335.493178877889
3668,11335.493178877889
3669,11335.493178877889
3670,11335.493178877889
3671,11335.493178877889
3672,11335.493178877889
3673,11335.493178877889
3674,11335.493178877889
3675,11335.493178877889
3676,11335.493178877889
3677,11335.493178877889
3678,11335.493178877889
3679,11335.493178877889
3680,11335.493178877889
3681,11335.493178877889
3682,11335.493178877889
3683,11335.493178877889
3684,11335.493178877889
3685,11335.493178877889
3686,11335.493178877889
3687,11335.493178877889
3688,11335.493178877889
3689,11335.493178877889
3690,11335.493178877889
3691,11335.493178877889
3692,11335.493178877889
3693,11335.493178877889
3694,11335.493178877889
3695,11335.493178877889
3696,11335.493178877889
3697,11335.493178877889
3698,11335.493178877889
3699,11335.493178877889
3700,11335.493178877889
3701,11335.493178877889
3702,11335.493178877889
3703,11335.493178877889
3704,11335.493178877889
3705,11335.493178877889
3706,11335.493178877889
3707,11335.493178877889
3708,11335.493178877889
3709,11335.493178877889
3710,11335.493178877889
3711,11335.493178877889
3712,11335.493178877889
3713,11335.493178877889
3714,11335.493178877889
3715,11335.493178877889
3716,11335.493178877889
3717,11335.493178877889
3718,11335.493178877889
3719,11335.493178877889
3720,11335.493178877889
3721,11335.493178877889
3722,11335.493178877889
3723,11335.493178877889
3724,11335.493178877889
3725,11335.493178877889
3726,11335.493178877889
3727,11335.493178877889
3728,11335.493178877889
3729,11335.493178877889
3730,11335.493178877889
3731,11335.493178877889
3732,11335.493178877889
3733,11335.493178877889
3734,11335.493178877889
3735,11335.493178877889
3736,11335.493178877889
3737,11335.493178877889
3738,11335.493178877889
3739,11335.493178877889
3740,11335.493178877889
3741,11335.493178877889
3742,11335.493178877889
3743,11335.493178877889
3744,11335.493178877889
3745,11335.493178877889
3746,11320.565297401046
3747,11349.963500769238
3748,11337.776577193976
3749,11336.131122530745
3750,11316.825627711887
3751,11316.825627711887
3752,11316.825627711887
3753,11316.825627711887
3754,11316.825627711887
3755,11316.825627711887
3756,11316.825627711887
3757,11316.825627711887
3758,11316.825627711887
3759,11316.825627711887
3760,11316.825627711887
3761,11316.825627711887
3762,11316.825627711887
3763,11316.825627711887
3764,11316.825627711887
3765,11316.825627711887
3766,11316.825627711887
3767,11316.825627711887
3768,11316.825627711887
3769,11316.825627711887
3770,11316.825627711887
3771,11316.825627711887
3772,11316.825627711887
3773,11316.825627711887
3774,11316.825627711887
3775,11316.825627711887
3776,11316.825627711887
3777,11316.825627711887
3778,11316.825627711887
3779,11316.825627711887
3780,11316.825627711887
3781,11316.825627711887
3782,11316.825627711887
3783,11316.825627711887
3784,11316.825627711887
3785,11316.825627711887
3786,11316.825627711887
3787,11316.825627711887
3788,11316.825627711887
3789,11316.825627711887
3790,11316.825627711887
3791,11316.825627711887
3792,11316.825627711887
3793,11316.825627711887
3794,11316.825627711887
3795,11316.825627711887
3796,11316.825627711887
3797,11316.825627711887
3798,11316.825627711887
3799,11316.825627711887
3800,11316.825627711887
3801,11316.825627711887
3802,11316.825627711887
3803,11316.825627711887
3804,11316.825627711887
3805,11316.825627711887
3806,11316.825627711887
3807,11316.825627711887
3808,11316.825627711887
3809,11316.825627711887
3810,11316.825627711887
3811,11316.825627711887
3812,11316.825627711887
3813,11316.825627711887
3814,11316.825627711887
3815,11316.825627711887
3816,11316.825627711887
3817,11316.825627711887
3818,11316.825627711887
3819,11316.825627711887
3820,11316.825627711887
3821,11316.825627711887
3822,11316.825627711887
3823,11316.825627711887
3824,11316.825627711887
3825,11316.825627711887
3826,11316.825627711887
3827,11316.825627711887
3828,11316.825627711887
3829,11316.825627711887
3830,11316.825627711887
3831,11316.825627711887
3832,11316.825627711887
3833,11316.825627711887
3834,11316.825627711887
3835,11316.825627711887
3836,11316.825627711887
3837,11316.825627711887
3838,11316.825627711887
3839,11316.825627711887
3840,11316.825627711887
3841,11316.825627711887
3842,11316.825627711887
3843,11316.825627711887
3844,11316.825627711887
3845,11316.825627711887
3846,11316.825627711887
3847,11316.825627711887
3848,11316.825627711887
3849,11316.825627711887
3850,11316.825627711887
3851,11316.825627711887
3852,11316.825627711887
3853,11316.825627711887
3854,11316.825627711887
3855,11316.825627711887
3856,11316.825627711887
3857,11316.825627711887
3858,11316.825627711887
3859,11316.825627711887
3860,11316.825627711887
3861,11316.825627711887
3862,11316.825627711887
3863,11316.825627711887
3864,11316.825627711887
3865,11316.825627711887
3866,11316.825627711887
3867,11316.825627711887
3868,11316.825627711887
3869,11316.825627711887
3870,11316.825627711887
3871,11316.825627711887
3872,11316.825627711887
3873,11316.825627711887
3874,11316.825627711887
3875,11316.825627711887
3876,11316.825627711887
3877,11316.825627711887
3878,11316.825627711887
3879,11316.825627711887
3880,11316.825627711887
3881,11316.825627711887
3882,11316.825627711887
3883,11316.825627711887
3884,11316.825627711887
3885,11316.825627711887
3886,11316.825627711887
3887,11316.825627711887
3888,11316.825627711887
3889,11316.825627711887
3890,11316.825627711887
3891,11316.825627711887
3892,11316.825627711887
3893,11316.825627711887
3894,11316.825627711887
3895,11316.825627711887
3896,11316.825627711887
3897,11316.825627711887
3898,11316.825627711887
3899,11316.825627711887
3900,11316.825627711887
3901,11316.825627711887
3902,11316.825627711887
3903,11316.825627711887
3904,11316.825627711887
3905,11316.825627711887
3906,11316.825627711887
3907,11316.825627711887
3908,11316.825627711887
3909,11316.825627711887
3910,11316.825627711887
3911,11316.825627711887
3912,11316.825627711887
3913,11316.825627711887
3914,11316.825627711887
3915,11316.825627711887
3916,11316.825627711887
3917,11316.825627711887
3918,11316.825627711887
3919,11316.825627711887
3920,11316.825627711887
3921,11316.825627711887
3922,11316.825627711887
3923,11316.825627711887
3924,11316.825627711887
3925,11316.825627711887
3926,11316.825627711887
3927,11316.825627711887
3928,11316.825627711887
3929,11316.825627711887
3930,11316.825627711887
3931,11316.825627711887
3932,11316.825627711887
3933,11316.825627711887
3934,11316.825627711887
3935,11316.825627711887
3936,11316.825627711887
3937,11316.825627711887
3938,11316.825627711887
3939,11316.825627711887
3940,11316.825627711887
3941,11316.825627711887
3942,11316.825627711887
3943,11316.825627711887
3944,11316.825627711887
3945,11316.825627711887
3946,11316.825627711887
3947,11316.825627711887
3948,11316.825627711887
3949,11316.825627711887
3950,11316.825627711887
3951,11316.825627711887
3952,11316.825627711887
3953,11316.825627711887
3954,11316.825627711887
3955,11316.825627711887
3956,11316.825627711887
3957,11316.825627711887
3958,11316.825627711887
3959,11316.825627711887
3960,11316.825627711887
3961,11316.825627711887
3962,11316.825627711887
3963,11316.825627711887
3964,11316.825627711887
3965,11316.825627711887
3966,11316.825627711887
3967,11316.825627711887
3968,11316.825627711887
3969,11316.825627711887
3970,11316.825627711887
3971,11316.825627711887
3972,11316.825627711887
3973,11316.825627711887
3974,11316.825627711887
3975,11316.825627711887
3976,11316.825627711887
3977,11316.825627711887
3978,11316.825627711887
3979,11316.825627711887
3980,11316.825627711887
3981,11316.825627711887
3982,11316.825627711887
3983,11316.825627711887
3984,11316.825627711887
3985,11316.825627711887
3986,11316.825627711887
3987,11316.825627711887
3988,11316.825627711887
3989,11316.825627711887
3990,11316.825627711887
3991,11316.825627711887
3992,11316.825627711887
3993,11316.825627711887
3994,11316.825627711887
3995,11316.825627711887
3996,11316.825627711887
3997,11316.825627711887
3998,11316.825627711887
3999,11316.825627711887
4000,11316.825627711887
4001,11316.825627711887
4002,11316.825627711887
4003,11316.825627711887
4004,11316.825627711887
4005,11316.825627711887
4006,11316.825627711887
4007,11316.825627711887
4008,11316.825627711887
4009,11316.825627711887
4010,11316.825627711887
4011,11316.825627711887
4012,11316.825627711887
4013,11316.825627711887
4014,11316.825627711887
4015,11316.825627711887
4016,11316.825627711887
4017,11316.825627711887
4018,11316.825627711887
4019,11316.825627711887
4020,11316.825627711887
4021,11293.58345170523
4022,11293.58345170523
4023,11293.58345170523
4024,11272.37263314654
4025,11272.37263314654
4026,11272.37263314654
4027,11272.37263314654
4028,11272.37263314654
4029,11272.37263314654
4030,11272.37263314654
4031,11272.37263314654
4032,11272.37263314654
4033,11272.37263314654
4034,11272.37263314654
4035,11272.37263314654
4036,11272.37263314654
4037,11272.37263314654
4038,11272.37263314654
4039,11272.37263314654
4040,11272.37263314654
4041,11272.37263314654
4042,11272.37263314654
4043,11272.37263314654
4044,11272.37263314654
4045,11272.37263314654
4046,11272.37263314654
4047,11272.37263314654
4048,11272.37263314654
4049,11272.37263314654
4050,11272.37263314654
4051,11272.37263314654
4052,11272.37263314654
4053,11272.37263314654
4054,11272.37263314654
4055,11272.37263314654
4056,11272.37263314654
4057,11272.37263314654
4058,11272.37263314654
4059,11272.37263314654
4060,11272.37263314654
4061,11272.37263314654
4062,11272.37263314654
4063,11272.37263314654
4064,11272.37263314654
4065,11272.37263314654
4066,11272.37263314654
4067,11272.37263314654
4068,11272.37263314654
4069,11224.819540682674
4070,11224.819540682674
4071,11248.441579989852
4072,11318.6540062576
4073,11246.892245875364
4074,11246.892245875364
4075,11246.892245875364
4076,11246.892245875364
4077,11246.892245875364
4078,11246.892245875364
4079,11246.892245875364
4080,11246.892245875364
4081,11246.892245875364
4082,11246.892245875364
4083,11246.892245875364
4084,11246.892245875364
4085,11246.892245875364
4086,11246.892245875364
4087,11246.892245875364
4088,11246.892245875364
4089,11244.968807138977
4090,11244.968807138977
4091,11221.56615784411
4092,11204.85833786538
4093,11204.85833786538
4094,11204.85833786538
4095,11204.85833786538
4096,11204.85833786538
4097,11315.528283471856
4098,11280.147278423847
4099,11350.78029317276
4100,11339.497231405712
4101,11373.144861477003
4102,11411.246862127997
4103,11453.980601960962
4104,11603.909475237773
4105,11605.167179872042
4106,11573.76487506129
4107,11603.748231053894
4108,11682.95540528066
4109,11632.965677173064
4110,11638.718063433005
4111,11619.421165727092
4112,11619.421165727092
4113,11619.421165727092
4114,11619.421165727092
4115,11619.421165727092
4116,11619.421165727092
4117,11619.421165727092
4118,11619.421165727092
4119,11619.421165727092
4120,11619.421165727092
4121,11619.421165727092
4122,11619.421165727092
4123,11619.421165727092
4124,11619.421165727092
4125,11619.421165727092
4126,11619.421165727092
4127,11619.421165727092
4128,11619.421165727092
4129,11619.421165727092
4130,11619.421165727092
4131,11619.421165727092
4132,11619.421165727092
4133,11619.421165727092
4134,11619.421165727092
4135,11619.421165727092
4136,11619.421165727092
4137,11619.421165727092
4138,11619.421165727092
4139,11619.421165727092
4140,11619.421165727092
4141,11619.421165727092
4142,11619.421165727092
4143,11619.421165727092
4144,11619.421165727092
4145,11619.421165727092
4146,11619.421165727092
4147,11619.421165727092
4148,11619.421165727092
4149,11619.421165727092
4150,11619.421165727092
4151,11619.421165727092
4152,11619.421165727092
4153,11619.421165727092
4154,11619.421165727092
4155,11619.421165727092
4156,11619.421165727092
4157,11619.421165727092
4158,11619.421165727092
4159,11619.421165727092
4160,11619.421165727092
4161,11619.421165727092
4162,11619.421165727092
4163,11619.421165727092
4164,11619.421165727092
4165,11619.421165727092
4166,11619.421165727092
4167,11619.421165727092
4168,11619.421165727092
4169,11619.421165727092
4170,11619.421165727092
4171,11619.421165727092
4172,11619.421165727092
4173,11619.421165727092
4174,11619.421165727092
4175,11619.421165727092
4176,11619.421165727092
4177,11619.421165727092
4178,11619.421165727092
4179,11619.421165727092
4180,11619.421165727092
4181,11619.421165727092
4182,11619.421165727092
4183,11619.421165727092
4184,11619.421165727092
4185,11619.421165727092
4186,11619.421165727092
4187,11619.421165727092
4188,11619.421165727092
4189,11619.421165727092
4190,11619.421165727092
4191,11619.421165727092
4192,11619.421165727092
4193,11619.421165727092
4194,11619.421165727092
4195,11619.421165727092
4196,11619.421165727092
4197,11619.421165727092
4198,11619.421165727092
4199,11619.421165727092
4200,11619.421165727092
4201,11619.421165727092
4202,11619.421165727092
4203,11619.421165727092
4204,11619.421165727092
4205,11619.421165727092
4206,11619.421165727092
4207,11619.421165727092
4208,11619.421165727092
4209,11619.421165727092
4210,11619.421165727092
4211,11619.421165727092
4212,11619.421165727092
4213,11619.421165727092
4214,11619.421165727092
4215,11619.421165727092
4216,11619.421165727092
4217,11619.421165727092
4218,11619.421165727092
4219,11619.421165727092
4220,11619.421165727092
4221,11638.247885717326
4222,11623.67186821374
4223,11623.67186821374
4224,11623.67186821374
4225,11623.67186821374
4226,11623.67186821374
4227,11623.67186821374
4228,11623.67186821374
4229,11623.67186821374
4230,11623.67186821374
4231,11623.67186821374
4232,11623.67186821374
4233,11623.67186821374
4234,11623.67186821374
4235,11623.67186821374
4236,11623.67186821374
4237,11623.67186821374
4238,11623.67186821374
4239,11623.67186821374
4240,11623.67186821374
4241,11623.67186821374
4242,11623.67186821374
4243,11623.67186821374
4244,11623.67186821374
4245,11623.67186821374
4246,11623.67186821374
4247,11623.67186821374
4248,11623.67186821374
4249,11623.67186821374
4250,11623.67186821374
4251,11623.67186821374
4252,11623.67186821374
4253,11623.67186821374
4254,11623.67186821374
4255,11623.67186821374
4256,11623.67186821374
4257,11623.67186821374
4258,11623.67186821374
4259,11623.67186821374
4260,11623.67186821374
4261,11623.67186821374
4262,11506.754638358314
4263,11506.754638358314
4264,11515.203737191943
4265,11497.638604006997
4266,11497.638604006997
4267,11497.638604006997
4268,11497.638604006997
4269,11497.638604006997
4270,11497.638604006997
4271,11497.638604006997
4272,11497.638604006997
4273,11497.638604006997
4274,11497.638604006997
4275,11497.638604006997
4276,11497.638604006997
4277,11497.638604006997
4278,11497.638604006997
4279,11497.638604006997
4280,11497.638604006997
4281,11510.234839198201
4282,11510.234839198201
4283,11510.234839198201
4284,11510.234839198201
4285,11510.234839198201
4286,11510.234839198201
4287,11510.234839198201
4288,11510.234839198201
4289,11510.234839198201
4290,11510.234839198201
4291,11510.234839198201
4292,11510.234839198201
4293,11510.234839198201
4294,11510.234839198201
4295,11510.234839198201
4296,11510.234839198201
4297,11510.234839198201
4298,11510.234839198201
4299,11510.234839198201
4300,11510.234839198201
4301,11510.234839198201
4302,11510.234839198201
4303,11510.234839198201
4304,11510.234839198201
4305,11609.999463900253
4306,11600.101669418289
4307,11582.321947653016
4308,11559.655733541278
4309,11516.5434067167
4310,11516.5434067167
4311,11516.5434067167
4312,11516.5434067167
4313,11516.5434067167
4314,11516.5434067167
4315,11516.5434067167
4316,11516.5434067167
4317,11516.5434067167
4318,11516.5434067167
4319,11516.5434067167
4320,11516.5434067167
4321,11516.5434067167
4322,11516.5434067167
4323,11516.5434067167
4324,11516.5434067167
4325,11516.5434067167
4326,11516.5434067167
4327,11516.5434067167
4328,11516.5434067167
4329,11516.5434067167
4330,11516.5434067167
4331,11516.5434067167
4332,11516.5434067167
4333,11516.5434067167
4334,11516.5434067167
4335,11516.5434067167
4336,11516.5434067167
4337,11516.5434067167
4338,11516.5434067167
4339,11516.5434067167
4340,11516.5434067167
4341,11516.5434067167
4342,11516.5434067167
4343,11516.5434067167
4344,11516.5434067167
4345,11516.5434067167
4346,11516.5434067167
4347,11516.5434067167
4348,11516.5434067167
4349,11516.5434067167
4350,11516.5434067167
4351,11516.5434067167
4352,11516.5434067167
4353,11516.5434067167
4354,11516.5434067167
4355,11516.5434067167
4356,11516.5434067167
4357,11516.5434067167
4358,11516.5434067167
4359,11516.5434067167
4360,11516.5434067167
4361,11516.5434067167
4362,11516.5434067167
4363,11516.5434067167
4364,11516.5434067167
4365,11516.5434067167
4366,11516.5434067167
4367,11516.5434067167
4368,11516.5434067167
4369,11516.5434067167
4370,11516.5434067167
4371,11516.5434067167
4372,11499.039037268536
4373,11499.039037268536
4374,11499.039037268536
4375,11499.039037268536
4376,11499.039037268536
4377,11499.039037268536
4378,11499.039037268536
4379,11499.039037268536
4380,11499.039037268536
4381,11499.039037268536
4382,11499.039037268536
4383,11499.039037268536
4384,11499.039037268536
4385,11499.039037268536
4386,11499.039037268536
4387,11499.039037268536
4388,11499.039037268536
4389,11499.039037268536
4390,11499.039037268536
4391,11499.039037268536
4392,11499.039037268536
4393,11534.34527248074
4394,11534.96408794813
4395,11506.213546293495
4396,11503.824543549688
4397,11503.824543549688
4398,11503.824543549688
4399,11493.670090846526
4400,11493.670090846526
4401,11493.670090846526
4402,11488.092076087076
4403,11488.092076087076
4404,11488.384402915763
4405,11519.277352260195
4406,11643.84231129949
4407,11633.940676922686
4408,11618.484832800832
4409,11692.750838406715
4410,11714.000750184336
4411,11663.533146657448
4412,11636.94264858651
4413,11636.94264858651
4414,11636.94264858651
4415,11636.94264858651
4416,11636.94264858651
4417,11626.145799711243
4418,11602.313141222538
4419,11551.103422943668
4420,11551.103422943668
4421,11551.103422943668
4422,11551.103422943668
4423,11551.103422943668
4424,11551.103422943668
4425,11551.103422943668
4426,11551.103422943668
4427,11551.103422943668
4428,11551.103422943668
4429,11551.103422943668
4430,11551.103422943668
4431,11551.103422943668
4432,11551.103422943668
4433,11551.103422943668
4434,11551.103422943668
4435,11551.103422943668
4436,11551.103422943668
4437,11551.103422943668
4438,11551.103422943668
4439,11551.103422943668
4440,11551.103422943668
4441,11551.103422943668
4442,11551.103422943668
4443,11551.103422943668
4444,11551.103422943668
4445,11551.103422943668
4446,11551.103422943668
4447,11551.103422943668
4448,11551.103422943668
4449,11551.103422943668
4450,11551.103422943668
4451,11551.103422943668
4452,11551.103422943668
4453,11551.103422943668
4454,11551.103422943668
4455,11551.103422943668
4456,11551.103422943668
4457,11551.103422943668
4458,11551.103422943668
4459,11551.103422943668
4460,11551.103422943668
4461,11551.103422943668
4462,11551.103422943668
4463,11551.103422943668
4464,11551.103422943668
4465,11551.103422943668
4466,11551.103422943668
4467,11551.103422943668
4468,11551.103422943668
4469,11551.103422943668
4470,11551.103422943668
4471,11551.103422943668
4472,11551.103422943668
4473,11551.103422943668
4474,11551.103422943668
4475,11551.103422943668
4476,11551.103422943668
4477,11551.103422943668
4478,11551.103422943668
4479,11515.766714717434
4480,11515.766714717434
4481,11515.766714717434
4482,11515.766714717434
4483,11515.766714717434
4484,11515.766714717434
4485,11515.766714717434
4486,11515.766714717434
4487,11515.766714717434
4488,11515.766714717434
4489,11515.766714717434
4490,11515.766714717434
4491,11515.766714717434
4492,11515.766714717434
4493,11515.766714717434
4494,11515.766714717434
4495,11515.766714717434
4496,11515.766714717434
4497,11515.766714717434
4498,11515.766714717434
4499,11515.766714717434
4500,11515.766714717434
4501,11515.766714717434
4502,11515.766714717434
4503,11515.766714717434
4504,11515.766714717434
4505,11515.766714717434
4506,11515.766714717434
4507,11515.766714717434
4508,11515.766714717434
4509,11515.766714717434
4510,11515.766714717434
4511,11515.766714717434
4512,11515.766714717434
4513,11515.766714717434
4514,11515.766714717434
4515,11515.766714717434
4516,11515.766714717434
4517,11515.766714717434
4518,11515.766714717434
4519,11515.766714717434
4520,11515.766714717434
4521,11515.766714717434
4522,11515.766714717434
4523,11515.766714717434
4524,11515.766714717434
4525,11515.766714717434
4526,11515.766714717434
4527,11515.766714717434
4528,11515.766714717434
4529,11515.766714717434
4530,11515.766714717434
4531,11515.766714717434
4532,11515.766714717434
4533,11515.766714717434
4534,11515.766714717434
4535,11515.766714717434
4536,11515.766714717434
4537,11515.766714717434
4538,11515.766714717434
4539,11515.766714717434
4540,11515.766714717434
4541,11515.766714717434
4542,11515.766714717434
4543,11515.766714717434
4544,11515.766714717434
4545,11515.766714717434
4546,11515.766714717434
4547,11515.766714717434
4548,11515.766714717434
4549,11515.766714717434
4550,11515.766714717434
4551,11515.766714717434
4552,11515.766714717434
4553,11515.766714717434
4554,11515.766714717434
4555,11515.766714717434
4556,11515.766714717434
4557,11515.766714717434
4558,11515.766714717434
4559,11515.766714717434
4560,11515.766714717434
4561,11515.766714717434
4562,11499.053600309948
4563,11484.52543104403
4564,11484.52543104403
4565,11484.52543104403
4566,11484.52543104403
4567,11484.52543104403
4568,11484.52543104403
4569,11484.52543104403
4570,11484.52543104403
4571,11484.52543104403
4572,11484.52543104403
4573,11484.52543104403
4574,11484.52543104403
4575,11484.52543104403
4576,11484.52543104403
4577,11484.52543104403
4578,11484.52543104403
4579,11484.52543104403
4580,11484.52543104403
4581,11484.52543104403
4582,11484.52543104403
4583,11484.52543104403
4584,11484.52543104403
4585,11484.52543104403
4586,11484.52543104403
4587,11484.52543104403
4588,11484.52543104403
4589,11551.869185861806
4590,11514.458502646221
4591,11499.574925723336
4592,11499.574925723336
4593,11499.574925723336
4594,11499.574925723336
4595,11510.445022211803
4596,11510.445022211803
4597,11510.445022211803
4598,11510.445022211803
4599,11510.445022211803
4600,11510.445022211803
4601,11510.445022211803
4602,11510.445022211803
4603,11510.445022211803
4604,11510.445022211803
4605,11510.445022211803
4606,11510.445022211803
4607,11510.445022211803
4608,11510.445022211803
4609,11510.445022211803
4610,11510.445022211803
4611,11510.445022211803
4612,11510.445022211803
4613,11510.445022211803
4614,11510.445022211803
4615,11510.445022211803
4616,11510.445022211803
4617,11510.445022211803
4618,11510.445022211803
4619,11510.445022211803
4620,11510.445022211803
4621,11510.445022211803
4622,11510.445022211803
4623,11510.445022211803
4624,11510.445022211803
4625,11510.445022211803
4626,11510.445022211803
4627,11510.445022211803
4628,11510.445022211803
4629,11510.445022211803
4630,11510.445022211803
4631,11510.445022211803
4632,11510.445022211803
4633,11510.445022211803
4634,11510.445022211803
4635,11510.445022211803
4636,11510.445022211803
4637,11510.445022211803
4638,11510.445022211803
4639,11510.445022211803
4640,11510.445022211803
4641,11510.445022211803
4642,11510.445022211803
4643,11510.445022211803
4644,11510.445022211803
4645,11510.445022211803
4646,11510.445022211803
4647,11510.445022211803
4648,11510.445022211803
4649,11510.445022211803
4650,11510.445022211803
4651,11510.445022211803
4652,11510.445022211803
4653,11510.445022211803
4654,11510.445022211803
4655,11510.445022211803
4656,11510.445022211803
4657,11510.445022211803
4658,11510.445022211803
4659,11510.445022211803
4660,11510.445022211803
4661,11510.445022211803
4662,11510.445022211803
4663,11510.445022211803
4664,11510.445022211803
4665,11510.445022211803
4666,11510.445022211803
4667,11510.445022211803
4668,11510.445022211803
4669,11510.445022211803
4670,11510.445022211803
4671,11510.445022211803
4672,11510.445022211803
4673,11510.445022211803
4674,11510.445022211803
4675,11510.445022211803
4676,11510.445022211803
4677,11510.445022211803
4678,11510.445022211803
4679,11510.445022211803
4680,11510.445022211803
4681,11510.445022211803
4682,11510.445022211803
4683,11510.445022211803
4684,11510.445022211803
4685,11510.445022211803
4686,11510.445022211803
4687,11510.445022211803
4688,11510.445022211803
4689,11510.445022211803
4690,11510.445022211803
4691,11510.445022211803
4692,11510.445022211803
4693,11510.445022211803
4694,11510.445022211803
4695,11510.445022211803
4696,11510.445022211803
4697,11510.445022211803
4698,11510.445022211803
4699,11510.445022211803
4700,11510.445022211803
4701,11510.445022211803
4702,11510.445022211803
4703,11510.445022211803
4704,11510.445022211803
4705,11510.445022211803
4706,11510.445022211803
4707,11510.445022211803
4708,11510.445022211803
4709,11510.445022211803
4710,11510.445022211803
4711,11510.445022211803
4712,11510.445022211803
4713,11510.445022211803
4714,11510.445022211803
4715,11510.445022211803
4716,11510.445022211803
4717,11510.445022211803
4718,11510.445022211803
4719,11510.445022211803
4720,11510.445022211803
4721,11510.445022211803
4722,11510.445022211803
4723,11510.445022211803
4724,11510.445022211803
4725,11510.445022211803
4726,11510.445022211803
4727,11510.445022211803
4728,11510.445022211803
4729,11510.445022211803
4730,11510.445022211803
4731,11510.445022211803
4732,11510.445022211803
4733,11510.445022211803
4734,11510.445022211803
4735,11510.445022211803
4736,11510.445022211803
4737,11510.445022211803
4738,11510.445022211803
4739,11510.445022211803
4740,11510.445022211803
4741,11510.445022211803
4742,11510.445022211803
4743,11510.445022211803
4744,11510.445022211803
4745,11510.445022211803
4746,11510.445022211803
4747,11510.445022211803
4748,11510.445022211803
4749,11510.445022211803
4750,11510.445022211803
4751,11510.445022211803
4752,11510.445022211803
4753,11510.445022211803
4754,11510.445022211803
4755,11510.445022211803
4756,11510.445022211803
4757,11510.445022211803
4758,11510.445022211803
4759,11510.445022211803
4760,11510.445022211803
4761,11510.445022211803
4762,11469.516470907689
4763,11469.516470907689
4764,11469.516470907689
4765,11505.191477279557
4766,11500.277945849097
4767,11500.277945849097
4768,11500.277945849097
4769,11500.277945849097
4770,11500.277945849097
4771,11500.277945849097
4772,11500.277945849097
4773,11500.277945849097
4774,11500.277945849097
4775,11500.277945849097
4776,11500.277945849097
4777,11500.277945849097
4778,11500.277945849097
4779,11500.277945849097
4780,11500.277945849097
4781,11500.277945849097
4782,11500.277945849097
4783,11500.277945849097
4784,11500.277945849097
4785,11500.277945849097
4786,11500.277945849097
4787,11500.277945849097
4788,11500.277945849097
4789,11500.277945849097
4790,11500.277945849097
4791,11500.277945849097
4792,11500.277945849097
4793,11500.277945849097
4794,11500.277945849097
4795,11500.277945849097
4796,11500.277945849097
4797,11500.277945849097
4798,11500.277945849097
4799,11500.277945849097
4800,11500.277945849097
4801,11500.277945849097
4802,11500.277945849097
4803,11500.277945849097
4804,11500.277945849097
4805,11500.277945849097
4806,11500.277945849097
4807,11500.277945849097
4808,11500.277945849097
4809,11500.277945849097
4810,11500.277945849097
4811,11500.277945849097
4812,11500.277945849097
4813,11500.277945849097
4814,11500.277945849097
4815,11500.277945849097
4816,11500.277945849097
4817,11473.653577254512
4818,11473.653577254512
4819,11467.37615151726
4820,11467.37615151726
4821,11467.37615151726
4822,11467.37615151726
4823,11467.37615151726
4824,11467.37615151726
4825,11467.37615151726
4826,11467.37615151726
4827,11467.37615151726
4828,11467.37615151726
4829,11467.37615151726
4830,11467.37615151726
4831,11467.37615151726
4832,11467.37615151726
4833,11467.37615151726
4834,11467.37615151726
4835,11467.37615151726
4836,11467.37615151726
4837,11467.37615151726
4838,11461.592779014087
4839,11447.00962339892
4840,11483.079907511274
4841,11505.990812517204
4842,11465.426613871865
4843,11465.426613871865
4844,11465.426613871865
4845,11465.426613871865
4846,11465.426613871865
4847,11465.426613871865
4848,11465.426613871865
4849,11465.426613871865
4850,11465.426613871865
4851,11465.426613871865
4852,11465.426613871865
4853,11465.426613871865
4854,11465.426613871865
4855,11465.426613871865
4856,11465.426613871865
4857,11465.426613871865
4858,11465.426613871865
4859,11465.426613871865
4860,11465.426613871865
4861,11465.426613871865
4862,11465.426613871865
4863,11465.426613871865
4864,11465.426613871865
4865,11465.426613871865
4866,11465.426613871865
4867,11465.426613871865
4868,11465.426613871865
4869,11465.426613871865
4870,11465.426613871865
4871,11465.426613871865
4872,11465.426613871865
4873,11465.426613871865
4874,11465.426613871865
4875,11465.426613871865
4876,11465.426613871865
4877,11465.426613871865
4878,11465.426613871865
4879,11465.426613871865
4880,11465.426613871865
4881,11465.426613871865
4882,11465.426613871865
4883,11465.426613871865
4884,11465.426613871865
4885,11465.426613871865
4886,11465.426613871865
4887,11465.426613871865
4888,11465.426613871865
4889,11465.426613871865
4890,11465.426613871865
4891,11465.426613871865
4892,11465.426613871865
4893,11465.426613871865
4894,11465.426613871865
4895,11465.426613871865
4896,11465.426613871865
4897,11465.426613871865
4898,11465.426613871865
4899,11465.426613871865
4900,11465.426613871865
4901,11465.426613871865
4902,11465.426613871865
4903,11465.426613871865
4904,11465.426613871865
4905,11465.426613871865
4906,11465.426613871865
4907,11465.426613871865
4908,11465.426613871865
4909,11465.426613871865
4910,11465.426613871865
4911,11465.426613871865
4912,11465.426613871865
4913,11465.426613871865
4914,11465.426613871865
4915,11465.426613871865
4916,11465.426613871865
4917,11465.426613871865
4918,11465.426613871865
4919,11465.426613871865
4920,11465.426613871865
4921,11465.426613871865
4922,11465.426613871865
4923,11465.426613871865
4924,11465.426613871865
4925,11465.426613871865
4926,11465.426613871865
4927,11465.426613871865
4928,11465.426613871865
4929,11465.426613871865
4930,11465.426613871865
4931,11465.426613871865
4932,11465.426613871865
4933,11465.426613871865
4934,11465.426613871865
4935,11465.426613871865
4936,11465.426613871865
4937,11465.426613871865
4938,11465.426613871865
4939,11465.426613871865
4940,11465.426613871865
4941,11465.426613871865
4942,11465.426613871865
4943,11465.426613871865
4944,11465.426613871865
4945,11465.426613871865
4946,11465.426613871865
4947,11465.426613871865
4948,11465.426613871865
4949,11465.426613871865
4950,11465.426613871865
4951,11465.426613871865
4952,11465.426613871865
4953,11465.426613871865
4954,11465.426613871865
4955,11465.426613871865
4956,11465.426613871865
4957,11465.426613871865
4958,11465.426613871865
4959,11465.426613871865
4960,11465.426613871865
4961,11465.426613871865
4962,11465.426613871865
4963,11465.426613871865
4964,11465.426613871865
4965,11465.426613871865
4966,11465.426613871865
4967,11465.426613871865
4968,11465.426613871865
4969,11465.426613871865
4970,11465.426613871865
4971,11465.426613871865
4972,11465.426613871865
4973,11465.426613871865
4974,11465.426613871865
4975,11465.426613871865
4976,11465.426613871865
4977,11465.426613871865
4978,11465.426613871865
4979,11465.426613871865
4980,11465.426613871865
4981,11465.426613871865
4982,11465.426613871865
4983,11465.426613871865
4984,11465.426613871865
4985,11465.426613871865
4986,11465.426613871865
4987,11465.426613871865
4988,11465.426613871865
4989,11465.426613871865
4990,11465.426613871865
4991,11465.426613871865
4992,11465.426613871865
4993,11465.426613871865
4994,11465.426613871865
4995,11465.426613871865
4996,11465.426613871865
4997,11465.426613871865
4998,11465.426613871865
4999,11465.426613871865
5000,11465.426613871865
5001,11465.426613871865
5002,11465.426613871865
5003,11465.426613871865
5004,11465.426613871865
5005,11465.426613871865
5006,11465.426613871865
5007,11465.426613871865
5008,11465.426613871865
5009,11465.426613871865
5010,11465.426613871865
5011,11465.426613871865
5012,11465.426613871865
5013,11465.426613871865
5014,11465.426613871865
5015,11465.426613871865
5016,11465.426613871865
5017,11465.426613871865
5018,11465.426613871865
5019,11465.426613871865
5020,11465.426613871865
5021,11465.426613871865
5022,11465.426613871865
5023,11465.426613871865
5024,11465.426613871865
5025,11465.426613871865
5026,11465.426613871865
5027,11465.426613871865
5028,11465.426613871865
5029,11465.426613871865
5030,11465.426613871865
5031,11465.426613871865
5032,11465.426613871865
5033,11465.426613871865
5034,11465.426613871865
5035,11465.426613871865
5036,11462.637906509563
5037,11464.305662873292
5038,11464.51657351414
5039,11462.926932202576
5040,11454.29521893831
5041,11454.29521893831
5042,11454.29521893831
5043,11454.29521893831
5044,11454.29521893831
5045,11454.29521893831
5046,11454.29521893831
5047,11454.29521893831
5048,11454.29521893831
5049,11454.29521893831
5050,11454.29521893831
5051,11454.29521893831
5052,11454.29521893831
5053,11454.29521893831
5054,11454.29521893831
5055,11454.29521893831
5056,11454.29521893831
5057,11454.29521893831
5058,11454.29521893831
5059,11454.29521893831
5060,11454.29521893831
5061,11454.29521893831
5062,11454.29521893831
5063,11454.29521893831
5064,11454.29521893831
5065,11454.29521893831
5066,11454.29521893831
5067,11454.29521893831
5068,11454.29521893831
5069,11454.29521893831
5070,11454.29521893831
5071,11454.29521893831
5072,11454.29521893831
5073,11454.29521893831
5074,11454.29521893831
5075,11454.29521893831
5076,11454.29521893831
5077,11454.29521893831
5078,11454.29521893831
5079,11454.29521893831
5080,11454.29521893831
5081,11454.29521893831
5082,11454.29521893831
5083,11454.29521893831
5084,11468.036481411973
5085,11454.969732963844
5086,11454.969732963844
5087,11475.232849381211
5088,11442.543830399645
5089,11442.543830399645
5090,11442.543830399645
5091,11442.543830399645
5092,11442.543830399645
5093,11442.543830399645
5094,11442.543830399645
5095,11442.543830399645
5096,11442.543830399645
5097,11442.543830399645
5098,11442.543830399645
5099,11442.543830399645
5100,11438.75983785499
5101,11438.75983785499
5102,11438.75983785499
5103,11438.75983785499
5104,11438.75983785499
5105,11438.75983785499
5106,11438.75983785499
5107,11438.75983785499
5108,11438.75983785499
5109,11438.75983785499
5110,11438.75983785499
5111,11438.75983785499
5112,11438.75983785499
5113,11438.75983785499
5114,11438.75983785499
5115,11438.75983785499
5116,11438.75983785499
5117,11438.75983785499
5118,11438.75983785499
5119,11438.75983785499
5120,11438.75983785499
5121,11438.75983785499
5122,11438.75983785499
5123,11438.75983785499
5124,11438.75983785499
5125,11438.75983785499
5126,11438.75983785499
5127,11438.75983785499
5128,11438.75983785499
5129,11438.75983785499
5130,11438.75983785499
5131,11438.75983785499
5132,11438.75983785499
5133,11438.75983785499
5134,11438.75983785499
5135,11438.75983785499
5136,11438.75983785499
5137,11438.75983785499
5138,11438.75983785499
5139,11438.75983785499
5140,11438.75983785499
5141,11438.75983785499
5142,11438.75983785499
5143,11438.75983785499
5144,11438.75983785499
5145,11438.75983785499
5146,11438.75983785499
5147,11438.75983785499
5148,11438.75983785499
5149,11438.75983785499
5150,11438.75983785499
5151,11438.75983785499
5152,11438.75983785499
5153,11438.75983785499
5154,11438.75983785499
5155,11438.75983785499
5156,11438.75983785499
5157,11438.75983785499
5158,11438.75983785499
5159,11438.75983785499
5160,11438.75983785499
5161,11438.75983785499
5162,11438.75983785499
5163,11438.75983785499
5164,11438.75983785499
5165,11438.75983785499
5166,11438.75983785499
5167,11438.75983785499
5168,11438.75983785499
5169,11438.75983785499
5170,11438.75983785499
5171,11438.75983785499
5172,11438.75983785499
5173,11438.75983785499
5174,11438.75983785499
5175,11438.75983785499
5176,11438.75983785499
5177,11438.75983785499
5178,11438.75983785499
5179,11438.75983785499
5180,11438.75983785499
5181,11438.75983785499
5182,11438.75983785499
5183,11438.75983785499
5184,11438.75983785499
5185,11438.75983785499
5186,11438.75983785499
5187,11438.75983785499
5188,11438.75983785499
5189,11438.75983785499
5190,11438.75983785499
5191,11438.75983785499
5192,11438.75983785499
5193,11438.75983785499
5194,11438.75983785499
5195,11438.75983785499
5196,11438.75983785499
5197,11438.75983785499
5198,11438.75983785499
5199,11438.75983785499
5200,11438.75983785499
5201,11438.75983785499
5202,11438.75983785499
5203,11438.75983785499
5204,11438.75983785499
5205,11438.75983785499
5206,11438.75983785499
5207,11438.75983785499
5208,11438.75983785499
5209,11438.75983785499
5210,11438.75983785499
5211,11438.75983785499
5212,11438.75983785499
5213,11438.75983785499
5214,11438.75983785499
5215,11438.75983785499
5216,11438.75983785499
5217,11438.75983785499
5218,11438.75983785499
5219,11438.75983785499
5220,11438.75983785499
5221,11438.75983785499
5222,11438.75983785499
5223,11438.75983785499
5224,11438.75983785499
5225,11438.75983785499
5226,11438.75983785499
5227,11438.75983785499
5228,11438.75983785499
5229,11438.75983785499
5230,11438.75983785499
5231,11438.75983785499
5232,11438.75983785499
5233,11438.75983785499
5234,11438.75983785499
5235,11438.75983785499
5236,11438.75983785499
5237,11438.75983785499
5238,11438.75983785499
5239,11438.75983785499
5240,11438.75983785499
5241,11438.75983785499
5242,11438.75983785499
5243,11438.75983785499
5244,11438.75983785499
5245,11438.75983785499
5246,11438.75983785499
5247,11438.75983785499
5248,11438.75983785499
5249,11438.75983785499
5250,11438.75983785499
5251,11438.75983785499
5252,11438.75983785499
5253,11438.75983785499
5254,11438.75983785499
5255,11438.75983785499
5256,11438.75983785499
5257,11438.75983785499
5258,11438.75983785499
5259,11438.75983785499
5260,11438.75983785499
5261,11438.75983785499
5262,11438.75983785499
5263,11438.75983785499
5264,11438.75983785499
5265,11438.75983785499
5266,11438.75983785499
5267,11438.75983785499
5268,11438.75983785499
5269,11438.75983785499
5270,11438.75983785499
5271,11438.75983785499
5272,11438.75983785499
5273,11438.75983785499
5274,11438.75983785499
5275,11438.75983785499
5276,11438.75983785499
5277,11438.75983785499
5278,11438.75983785499
5279,11438.75983785499
5280,11438.75983785499
5281,11438.75983785499
5282,11438.75983785499
5283,11438.75983785499
5284,11438.75983785499
5285,11438.75983785499
5286,11438.75983785499
5287,11438.75983785499
5288,11438.75983785499
5289,11438.75983785499
5290,11438.75983785499
5291,11438.75983785499
5292,11438.75983785499
5293,11438.75983785499
5294,11438.75983785499
5295,11438.75983785499
5296,11438.75983785499
5297,11438.75983785499
5298,11438.75983785499
5299,11438.75983785499
5300,11438.75983785499
5301,11438.75983785499
5302,11438.75983785499
5303,11438.75983785499
5304,11438.75983785499
5305,11438.75983785499
5306,11438.75983785499
5307,11438.75983785499
5308,11438.75983785499
5309,11438.75983785499
5310,11438.75983785499
5311,11438.75983785499
5312,11438.75983785499
5313,11438.75983785499
5314,11438.75983785499
5315,11438.75983785499
5316,11438.75983785499
5317,11438.75983785499
5318,11438.75983785499
5319,11438.75983785499
5320,11438.75983785499
5321,11438.75983785499
5322,11438.75983785499
5323,11438.75983785499
5324,11438.75983785499
5325,11438.75983785499
5326,11438.75983785499
5327,11438.75983785499
5328,11438.75983785499
5329,11438.75983785499
5330,11438.75983785499
5331,11438.75983785499
5332,11438.75983785499
5333,11438.75983785499
5334,11438.75983785499
5335,11438.75983785499
5336,11438.75983785499
5337,11438.75983785499
5338,11438.75983785499
5339,11438.75983785499
5340,11438.75983785499
5341,11438.75983785499
5342,11438.75983785499
5343,11438.75983785499
5344,11438.75983785499
5345,11438.75983785499
5346,11438.75983785499
5347,11438.75983785499
5348,11438.75983785499
5349,11438.75983785499
5350,11438.75983785499
5351,11438.75983785499
5352,11438.75983785499
5353,11438.75983785499
5354,11438.75983785499
5355,11438.75983785499
5356,11438.75983785499
5357,11438.75983785499
5358,11438.75983785499
5359,11438.75983785499
5360,11438.75983785499
5361,11438.75983785499
5362,11438.75983785499
5363,11438.75983785499
5364,11438.75983785499
5365,11438.75983785499
5366,11438.75983785499
5367,11438.75983785499
5368,11438.75983785499
5369,11438.75983785499
5370,11438.75983785499
5371,11438.75983785499
5372,11438.75983785499
5373,11438.75983785499
5374,11438.75983785499
5375,11438.75983785499
5376,11438.75983785499
5377,11438.75983785499
5378,11438.75983785499
5379,11438.75983785499
5380,11438.75983785499
5381,11438.75983785499
5382,11438.75983785499
5383,11438.75983785499
5384,11438.75983785499
5385,11438.75983785499
5386,11438.75983785499
5387,11438.75983785499
5388,11433.310954145605
5389,11433.310954145605
5390,11433.310954145605
5391,11433.310954145605
5392,11433.310954145605
5393,11433.310954145605
5394,11433.310954145605
5395,11433.310954145605
5396,11433.310954145605
5397,11433.310954145605
5398,11433.310954145605
5399,11433.310954145605
5400,11433.310954145605
5401,11433.310954145605
5402,11433.310954145605
5403,11433.310954145605
5404,11433.310954145605
5405,11433.310954145605
5406,11433.310954145605
5407,11433.310954145605
5408,11433.310954145605
5409,11433.310954145605
5410,11433.310954145605
5411,11433.310954145605
5412,11433.310954145605
5413,11491.316148546137
5414,11516.992045906554
5415,11538.002781737172
5416,11473.137971175645
5417,11411.94614850747
5418,11411.94614850747
5419,11411.94614850747
5420,11411.94614850747
5421,11411.94614850747
5422,11411.94614850747
5423,11411.94614850747
5424,11411.94614850747
5425,11411.94614850747
5426,11411.94614850747
5427,11411.94614850747
5428,11411.94614850747
5429,11411.94614850747
5430,11411.94614850747
5431,11411.94614850747
5432,11411.94614850747
5433,11411.94614850747
5434,11411.94614850747
5435,11411.94614850747
5436,11411.94614850747
5437,11411.94614850747
5438,11411.94614850747
5439,11411.94614850747
5440,11411.94614850747
5441,11411.94614850747
5442,11411.94614850747
5443,11411.94614850747
5444,11411.94614850747
5445,11411.94614850747
5446,11411.94614850747
5447,11411.94614850747
5448,11411.94614850747
5449,11415.719502782713
5450,11405.328145559364
5451,11397.469267058492
5452,11397.469267058492
5453,11397.469267058492
5454,11397.469267058492
5455,11397.469267058492
5456,11397.469267058492
5457,11397.469267058492
5458,11384.720109986178
5459,11384.720109986178
5460,11384.720109986178
5461,11384.720109986178
5462,11384.720109986178
5463,11384.720109986178
5464,11384.720109986178
5465,11384.720109986178
5466,11384.720109986178
5467,11384.720109986178
5468,11384.720109986178
5469,11384.720109986178
5470,11384.720109986178
5471,11384.720109986178
5472,11384.720109986178
5473,11384.720109986178
5474,11384.720109986178
5475,11384.720109986178
5476,11384.720109986178
5477,11384.720109986178
5478,11384.720109986178
5479,11384.720109986178
5480,11384.720109986178
5481,11384.720109986178
5482,11384.720109986178
5483,11384.720109986178
5484,11384.720109986178
5485,11384.720109986178
5486,11384.720109986178
5487,11384.720109986178
5488,11384.720109986178
5489,11384.720109986178
5490,11384.720109986178
5491,11384.720109986178
5492,11384.720109986178
5493,11384.720109986178
5494,11384.720109986178
5495,11384.720109986178
5496,11384.720109986178
5497,11384.720109986178
5498,11384.720109986178
5499,11384.720109986178
5500,11384.720109986178
5501,11384.720109986178
5502,11384.720109986178
5503,11384.720109986178
5504,11384.720109986178
5505,11384.720109986178
5506,11384.720109986178
5507,11384.720109986178
5508,11384.720109986178
5509,11384.720109986178
5510,11384.720109986178
5511,11384.720109986178
5512,11384.720109986178
5513,11384.720109986178
5514,11384.720109986178
5515,11384.720109986178
5516,11384.720109986178
5517,11384.720109986178
5518,11384.720109986178
5519,11384.720109986178
5520,11384.720109986178
5521,11384.720109986178
5522,11384.720109986178
5523,11384.720109986178
5524,11384.720109986178
5525,11384.720109986178
5526,11384.720109986178
5527,11384.720109986178
5528,11384.720109986178
5529,11384.720109986178
5530,11384.720109986178
5531,11384.720109986178
5532,11384.720109986178
5533,11384.720109986178
5534,11384.720109986178
5535,11384.720109986178
5536,11384.720109986178
5537,11384.720109986178
5538,11384.720109986178
5539,11384.720109986178
5540,11384.720109986178
5541,11384.720109986178
5542,11384.720109986178
5543,11384.720109986178
5544,11384.720109986178
5545,11384.720109986178
5546,11384.720109986178
5547,11384.720109986178
5548,11384.720109986178
5549,11384.720109986178
5550,11384.720109986178
5551,11384.720109986178
5552,11384.720109986178
5553,11384.720109986178
5554,11384.720109986178
5555,11384.720109986178
5556,11384.720109986178
5557,11384.720109986178
5558,11384.720109986178
5559,11384.720109986178
5560,11384.720109986178
5561,11380.200942397356
5562,11380.200942397356
5563,11421.881939297018
5564,11397.447200489862
5565,11411.641293239563
5566,11403.164023735371
5567,11382.269100083278
5568,11382.269100083278
5569,11382.269100083278
5570,11382.269100083278
5571,11382.269100083278
5572,11382.269100083278
5573,11382.269100083278
5574,11382.269100083278
5575,11382.269100083278
5576,11382.269100083278
5577,11382.269100083278
5578,11382.269100083278
5579,11382.269100083278
5580,11382.269100083278
5581,11382.269100083278
5582,11382.269100083278
5583,11382.269100083278
5584,11382.269100083278
5585,11382.269100083278
5586,11382.269100083278
5587,11382.269100083278
5588,11382.269100083278
5589,11382.269100083278
5590,11382.269100083278
5591,11382.269100083278
5592,11382.269100083278
5593,11382.269100083278
5594,11382.269100083278
5595,11382.269100083278
5596,11382.269100083278
5597,11382.269100083278
5598,11382.269100083278
5599,11382.269100083278
5600,11382.269100083278
5601,11382.269100083278
5602,11382.269100083278
5603,11382.269100083278
5604,11382.269100083278
5605,11382.269100083278
5606,11382.269100083278
5607,11382.269100083278
5608,11382.269100083278
5609,11382.269100083278
5610,11382.269100083278
5611,11382.269100083278
5612,11382.269100083278
5613,11382.269100083278
5614,11382.269100083278
5615,11382.269100083278
5616,11382.269100083278
5617,11380.088723529281
5618,11363.440958658095
5619,11382.531269608808
5620,11379.035675935069
5621,11388.644189045763
5622,11385.642347978437
5623,11377.279140114015
5624,11377.279140114015
5625,11377.279140114015
5626,11377.279140114015
5627,11377.279140114015
5628,11377.279140114015
5629,11377.279140114015
5630,11377.279140114015
5631,11377.279140114015
5632,11377.279140114015
5633,11377.279140114015
5634,11377.279140114015
5635,11377.279140114015
5636,11377.279140114015
5637,11377.279140114015
5638,11377.279140114015
5639,11377.279140114015
5640,11377.279140114015
5641,11377.279140114015
5642,11377.279140114015
5643,11377.279140114015
5644,11377.279140114015
5645,11377.279140114015
5646,11377.279140114015
5647,11377.279140114015
5648,11377.279140114015
5649,11377.279140114015
5650,11377.279140114015
5651,11377.279140114015
5652,11377.279140114015
5653,11377.279140114015
5654,11377.279140114015
5655,11377.279140114015
5656,11377.279140114015
5657,11377.279140114015
5658,11377.279140114015
5659,11377.279140114015
5660,11377.279140114015
5661,11377.279140114015
5662,11377.279140114015
5663,11377.279140114015
5664,11377.279140114015
5665,11377.279140114015
5666,11377.279140114015
5667,11377.279140114015
5668,11377.279140114015
5669,11377.279140114015
5670,11377.279140114015
5671,11377.279140114015
5672,11377.279140114015
5673,11377.279140114015
5674,11380.938114945195
5675,11386.297924322453
5676,11368.69646732765
5677,11266.31931099638
5678,11266.31931099638
5679,11267.761705169163
5680,11267.761705169163
5681,11267.761705169163
5682,11233.312262695561
5683,11233.312262695561
5684,11242.37276204101
5685,11230.355315716028
5686,11232.954497973546
5687,11224.4457321753
5688,11226.915601882694
5689,11239.851167313564
5690,11244.652973341554
5691,11239.846856895228
5692,11233.812271222712
5693,11233.812271222712
5694,11233.812271222712
5695,11233.812271222712
5696,11233.812271222712
5697,11233.812271222712
5698,11233.812271222712
5699,11233.812271222712
5700,11233.812271222712
5701,11233.812271222712
5702,11233.812271222712
5703,11233.812271222712
5704,11233.812271222712
5705,11233.812271222712
5706,11233.812271222712
5707,11233.812271222712
5708,11233.812271222712
5709,11233.812271222712
5710,11233.812271222712
5711,11233.812271222712
5712,11233.812271222712
5713,11233.812271222712
5714,11233.812271222712
5715,11233.812271222712
5716,11233.812271222712
5717,11233.812271222712
5718,11233.812271222712
5719,11233.812271222712
5720,11233.812271222712
5721,11233.812271222712
5722,11233.812271222712
5723,11233.812271222712
5724,11233.812271222712
5725,11233.812271222712
5726,11233.812271222712
5727,11233.812271222712
5728,11233.812271222712
5729,11233.812271222712
5730,11233.812271222712
5731,11233.812271222712
5732,11233.812271222712
5733,11233.812271222712
5734,11233.812271222712
5735,11233.812271222712
5736,11233.812271222712
5737,11233.812271222712
5738,11233.812271222712
5739,11233.812271222712
5740,11233.812271222712
5741,11233.812271222712
5742,11233.812271222712
5743,11233.812271222712
5744,11233.812271222712
5745,11233.812271222712
5746,11233.812271222712
5747,11233.812271222712
5748,11233.812271222712
5749,11233.812271222712
5750,11233.812271222712
5751,11233.812271222712
5752,11233.812271222712
5753,11233.812271222712
5754,11233.812271222712
5755,11233.812271222712
5756,11233.812271222712
5757,11233.812271222712
5758,11233.812271222712
5759,11233.812271222712
5760,11233.812271222712
5761,11233.812271222712
5762,11233.812271222712
5763,11233.812271222712
5764,11233.812271222712
5765,11233.812271222712
5766,11233.812271222712
5767,11233.812271222712
5768,11233.812271222712
5769,11233.812271222712
5770,11233.812271222712
5771,11233.812271222712
5772,11233.812271222712
5773,11233.812271222712
5774,11233.812271222712
5775,11233.812271222712
5776,11233.812271222712
5777,11233.812271222712
5778,11233.812271222712
5779,11233.812271222712
5780,11233.812271222712
5781,11233.812271222712
5782,11233.812271222712
5783,11233.812271222712
5784,11233.812271222712
5785,11233.812271222712
5786,11233.812271222712
5787,11233.812271222712
5788,11233.812271222712
5789,11233.812271222712
5790,11233.812271222712
5791,11233.812271222712
5792,11233.812271222712
5793,11233.812271222712
5794,11233.812271222712
5795,11233.812271222712
5796,11233.812271222712
5797,11233.812271222712
5798,11233.812271222712
5799,11233.812271222712
5800,11233.812271222712
5801,11233.812271222712
5802,11233.812271222712
5803,11233.812271222712
5804,11233.812271222712
5805,11233.812271222712
5806,11233.812271222712
5807,11233.812271222712
5808,11233.812271222712
5809,11233.812271222712
5810,11233.812271222712
5811,11233.812271222712
5812,11233.812271222712
5813,11233.812271222712
5814,11233.812271222712
5815,11233.812271222712
5816,11233.812271222712
5817,11233.812271222712
5818,11233.812271222712
5819,11233.812271222712
5820,11233.812271222712
5821,11233.812271222712
5822,11233.812271222712
5823,11233.812271222712
5824,11233.812271222712
5825,11233.812271222712
5826,11233.812271222712
5827,11233.812271222712
5828,11233.812271222712
5829,11233.812271222712
5830,11233.812271222712
5831,11233.812271222712
5832,11233.812271222712
5833,11233.812271222712
5834,11243.464549691515
5835,11227.707927179916
5836,11220.297356975418
5837,11220.297356975418
5838,11220.297356975418
5839,11220.297356975418
5840,11220.297356975418
5841,11220.297356975418
5842,11220.297356975418
5843,11220.297356975418
5844,11220.297356975418
5845,11220.297356975418
5846,11220.297356975418
5847,11220.297356975418
5848,11220.297356975418
5849,11220.297356975418
5850,11220.297356975418
5851,11220.297356975418
5852,11220.297356975418
5853,11220.297356975418
5854,11220.297356975418
5855,11220.297356975418
5856,11220.297356975418
5857,11220.297356975418
5858,11220.297356975418
5859,11220.297356975418
5860,11220.297356975418
5861,11220.297356975418
5862,11220.297356975418
5863,11220.297356975418
5864,11220.297356975418
5865,11220.297356975418
5866,11220.297356975418
5867,11220.297356975418
5868,11220.297356975418
5869,11220.297356975418
5870,11220.297356975418
5871,11220.297356975418
5872,11220.297356975418
5873,11220.297356975418
5874,11220.297356975418
5875,11220.297356975418
5876,11220.297356975418
5877,11220.297356975418
5878,11220.297356975418
5879,11220.297356975418
5880,11220.297356975418
5881,11220.297356975418
5882,11220.297356975418
5883,11220.297356975418
5884,11220.297356975418
5885,11220.297356975418
5886,11220.297356975418
5887,11220.297356975418
5888,11220.297356975418
5889,11232.403400944018
5890,11236.912306765596
5891,11216.416492790851
5892,11216.416492790851
5893,11216.416492790851
5894,11216.416492790851
5895,11216.416492790851
5896,11216.416492790851
5897,11216.416492790851
5898,11216.416492790851
5899,11216.416492790851
5900,11216.416492790851
5901,11216.416492790851
5902,11216.416492790851
5903,11216.416492790851
5904,11216.416492790851
5905,11216.416492790851
5906,11216.416492790851
5907,11216.416492790851
5908,11216.416492790851
5909,11216.416492790851
5910,11216.416492790851
5911,11216.416492790851
5912,11216.416492790851
5913,11216.416492790851
5914,11216.416492790851
5915,11216.416492790851
5916,11216.416492790851
5917,11216.416492790851
5918,11216.416492790851
5919,11216.416492790851
5920,11216.416492790851
5921,11216.416492790851
5922,11216.416492790851
5923,11216.416492790851
5924,11216.416492790851
5925,11216.416492790851
5926,11216.416492790851
5927,11216.416492790851
5928,11216.416492790851
5929,11216.416492790851
5930,11216.416492790851
5931,11216.416492790851
5932,11216.416492790851
5933,11216.416492790851
5934,11216.416492790851
5935,11216.416492790851
5936,11216.416492790851
5937,11216.416492790851
5938,11216.416492790851
5939,11216.416492790851
5940,11216.416492790851
5941,11216.416492790851
5942,11216.416492790851
5943,11216.416492790851
5944,11216.416492790851
5945,11216.416492790851
5946,11216.416492790851
5947,11216.416492790851
5948,11216.416492790851
5949,11216.416492790851
5950,11216.416492790851
5951,11216.416492790851
5952,11216.416492790851
5953,11216.416492790851
5954,11216.416492790851
5955,11216.416492790851
5956,11216.416492790851
5957,11216.416492790851
5958,11216.416492790851
5959,11216.416492790851
5960,11216.416492790851
5961,11216.416492790851
5962,11216.416492790851
5963,11216.416492790851
5964,11216.416492790851
5965,11216.416492790851
5966,11216.416492790851
5967,11216.416492790851
5968,11216.416492790851
5969,11216.416492790851
5970,11216.416492790851
5971,11216.416492790851
5972,11216.416492790851
5973,11216.416492790851
5974,11216.416492790851
5975,11216.416492790851
5976,11216.416492790851
5977,11216.416492790851
5978,11216.416492790851
5979,11216.416492790851
5980,11216.416492790851
5981,11216.416492790851
5982,11216.416492790851
5983,11216.416492790851
5984,11216.416492790851
5985,11216.416492790851
5986,11216.416492790851
5987,11216.416492790851
5988,11216.416492790851
5989,11216.416492790851
5990,11216.416492790851
5991,11216.416492790851
5992,11216.416492790851
5993,11216.416492790851
5994,11216.416492790851
5995,11216.416492790851
5996,11216.416492790851
5997,11216.416492790851
5998,11216.416492790851
5999,11216.416492790851
6000,11216.416492790851
6001,11216.416492790851
6002,11216.416492790851
6003,11216.416492790851
6004,11216.416492790851
6005,11216.416492790851
6006,11216.416492790851
6007,11216.416492790851
6008,11216.416492790851
6009,11216.416492790851
6010,11216.416492790851
6011,11216.416492790851
6012,11216.416492790851
6013,11216.416492790851
6014,11216.416492790851
6015,11216.416492790851
6016,11216.416492790851
6017,11216.416492790851
6018,11216.416492790851
6019,11216.416492790851
6020,11216.416492790851
6021,11216.416492790851
6022,11216.416492790851
6023,11216.416492790851
6024,11216.416492790851
6025,11216.416492790851
6026,11216.416492790851
6027,11216.416492790851
6028,11216.416492790851
6029,11216.416492790851
6030,11216.416492790851
6031,11216.416492790851
6032,11216.416492790851
6033,11216.416492790851
6034,11216.416492790851
6035,11216.416492790851
6036,11216.416492790851
6037,11216.416492790851
6038,11216.416492790851
6039,11216.416492790851
6040,11216.416492790851
6041,11216.416492790851
6042,11216.416492790851
6043,11216.416492790851
6044,11216.416492790851
6045,11216.416492790851
6046,11216.416492790851
6047,11216.416492790851
6048,11216.416492790851
6049,11216.416492790851
6050,11219.904628316888
6051,11219.904628316888
6052,11219.904628316888
6053,11221.727745998382
6054,11221.727745998382
6055,11226.43742295277
6056,11212.073993420907
6057,11212.073993420907
6058,11212.073993420907
6059,11212.073993420907
6060,11212.073993420907
6061,11212.073993420907
6062,11212.073993420907
6063,11212.073993420907
6064,11212.073993420907
6065,11212.073993420907
6066,11212.073993420907
6067,11212.073993420907
6068,11212.073993420907
6069,11212.073993420907
6070,11212.073993420907
6071,11212.073993420907
6072,11212.073993420907
6073,11212.073993420907
6074,11212.073993420907
6075,11212.073993420907
6076,11212.073993420907
6077,11212.073993420907
6078,11212.073993420907
6079,11212.073993420907
6080,11212.073993420907
6081,11212.073993420907
6082,11212.073993420907
6083,11212.073993420907
6084,11212.073993420907
6085,11212.073993420907
6086,11212.073993420907
6087,11212.073993420907
6088,11212.073993420907
6089,11212.073993420907
6090,11212.073993420907
6091,11212.073993420907
6092,11212.073993420907
6093,11212.073993420907
6094,11212.073993420907
6095,11212.073993420907
6096,11212.073993420907
6097,11212.073993420907
6098,11212.073993420907
6099,11212.073993420907
6100,11212.073993420907
6101,11208.006458929938
6102,11233.66455350505
6103,11209.39855629583
6104,11254.224091477583
6105,11380.387265565894
6106,11353.85475983283
6107,11363.795205086159
6108,11430.58107621487
6109,11360.554228406188
6110,11400.394314896337
6111,11358.348624142101
6112,11358.348624142101
6113,11358.348624142101
6114,11358.348624142101
6115,11358.348624142101
6116,11358.348624142101
6117,11358.348624142101
6118,11358.348624142101
6119,11358.348624142101
6120,11358.348624142101
6121,11358.348624142101
6122,11358.348624142101
6123,11358.348624142101
6124,11358.348624142101
6125,11358.348624142101
6126,11358.348624142101
6127,11358.348624142101
6128,11358.348624142101
6129,11358.348624142101
6130,11358.348624142101
6131,11358.348624142101
6132,11358.348624142101
6133,11358.348624142101
6134,11370.021378892052
6135,11386.806921542864
6136,11306.250182006477
6137,11306.250182006477
6138,11306.250182006477
6139,11306.250182006477
6140,11306.250182006477
6141,11306.250182006477
6142,11306.250182006477
6143,11306.250182006477
6144,11306.250182006477
6145,11306.250182006477
6146,11306.250182006477
6147,11306.250182006477
6148,11306.250182006477
6149,11306.250182006477
6150,11306.250182006477
6151,11306.250182006477
6152,11306.250182006477
6153,11306.250182006477
6154,11306.250182006477
6155,11306.250182006477
6156,11306.250182006477
6157,11306.250182006477
6158,11306.250182006477
6159,11306.250182006477
6160,11306.250182006477
6161,11306.250182006477
6162,11306.250182006477
6163,11306.250182006477
6164,11306.250182006477
6165,11306.250182006477
6166,11306.250182006477
6167,11306.250182006477
6168,11306.250182006477
6169,11306.250182006477
6170,11306.250182006477
6171,11306.250182006477
6172,11306.250182006477
6173,11306.250182006477
6174,11306.250182006477
6175,11306.250182006477
6176,11306.250182006477
6177,11306.250182006477
6178,11306.250182006477
6179,11306.250182006477
6180,11306.250182006477
6181,11306.250182006477
6182,11306.250182006477
6183,11306.250182006477
6184,11306.250182006477
6185,11306.250182006477
6186,11306.250182006477
6187,11306.250182006477
6188,11306.250182006477
6189,11306.250182006477
6190,11306.250182006477
6191,11306.250182006477
6192,11306.250182006477
6193,11306.250182006477
6194,11306.250182006477
6195,11306.250182006477
6196,11306.250182006477
6197,11306.250182006477
6198,11306.250182006477
6199,11312.045304672376
6200,11312.045304672376
6201,11312.045304672376
6202,11312.045304672376
6203,11312.045304672376
6204,11312.045304672376
6205,11312.045304672376
6206,11312.045304672376
6207,11312.045304672376
6208,11312.045304672376
6209,11312.045304672376
6210,11312.045304672376
6211,11312.045304672376
6212,11312.045304672376
6213,11312.045304672376
6214,11312.045304672376
6215,11312.045304672376
6216,11312.045304672376
6217,11312.045304672376
6218,11312.045304672376
6219,11312.045304672376
6220,11312.045304672376
6221,11312.045304672376
6222,11312.045304672376
6223,11312.045304672376
6224,11312.045304672376
6225,11312.045304672376
6226,11312.045304672376
6227,11312.045304672376
6228,11312.045304672376
6229,11312.045304672376
6230,11312.045304672376
6231,11312.045304672376
6232,11312.045304672376
6233,11312.045304672376
6234,11312.045304672376
6235,11312.045304672376
6236,11312.045304672376
6237,11312.045304672376
6238,11312.045304672376
6239,11312.045304672376
6240,11312.045304672376
6241,11312.045304672376
6242,11312.045304672376
6243,11312.045304672376
6244,11312.045304672376
6245,11301.593927321033
6246,11338.882675758965
6247,11344.88096828433
6248,11407.500085794345
6249,11516.513639970819
6250,11545.324971442615
6251,11619.346363349749
6252,11570.044049556696
6253,11572.272714507733
6254,11576.076302690837
6255,11566.134334471162
6256,11360.031644875291
6257,11360.031644875291
6258,11360.031644875291
6259,11360.031644875291
6260,11360.031644875291
6261,11360.031644875291
6262,11360.031644875291
6263,11360.031644875291
6264,11360.031644875291
6265,11360.031644875291
6266,11360.031644875291
6267,11360.031644875291
6268,11360.031644875291
6269,11360.031644875291
6270,11360.031644875291
6271,11360.031644875291
6272,11360.031644875291
6273,11360.031644875291
6274,11360.031644875291
6275,11360.031644875291
6276,11360.031644875291
6277,11360.031644875291
6278,11360.031644875291
6279,11360.031644875291
6280,11360.031644875291
6281,11360.031644875291
6282,11360.031644875291
6283,11360.031644875291
6284,11360.031644875291
6285,11360.031644875291
6286,11360.031644875291
6287,11360.031644875291
6288,11360.031644875291
6289,11360.031644875291
6290,11360.031644875291
6291,11360.031644875291
6292,11360.031644875291
6293,11360.031644875291
6294,11360.031644875291
6295,11360.031644875291
6296,11360.031644875291
6297,11360.031644875291
6298,11360.031644875291
6299,11360.031644875291
6300,11360.031644875291
6301,11360.031644875291
6302,11360.031644875291
6303,11360.031644875291
6304,11360.031644875291
6305,11360.031644875291
6306,11360.031644875291
6307,11360.031644875291
6308,11360.031644875291
6309,11360.031644875291
6310,11360.031644875291
6311,11360.031644875291
6312,11360.031644875291
6313,11360.031644875291
6314,11360.031644875291
6315,11360.031644875291
6316,11360.031644875291
6317,11360.031644875291
6318,11360.031644875291
6319,11360.031644875291
6320,11360.031644875291
6321,11360.031644875291
6322,11360.031644875291
6323,11360.031644875291
6324,11360.031644875291
6325,11360.031644875291
6326,11360.031644875291
6327,11360.031644875291
6328,11360.031644875291
6329,11360.031644875291
6330,11360.031644875291
6331,11360.031644875291
6332,11360.031644875291
6333,11360.031644875291
6334,11360.031644875291
6335,11360.031644875291
6336,11360.031644875291
6337,11360.031644875291
6338,11360.031644875291
6339,11368.529984404508
6340,11376.439583544654
6341,11356.712514276029
6342,11356.712514276029
6343,11356.712514276029
6344,11356.712514276029
6345,11356.712514276029
6346,11356.712514276029
6347,11356.712514276029
6348,11356.712514276029
6349,11356.712514276029
6350,11356.712514276029
6351,11356.712514276029
6352,11356.712514276029
6353,11356.712514276029
6354,11356.712514276029
6355,11356.712514276029
6356,11356.712514276029
6357,11356.712514276029
6358,11356.712514276029
6359,11356.712514276029
6360,11356.712514276029
6361,11356.712514276029
6362,11356.712514276029
6363,11356.712514276029
6364,11356.712514276029
6365,11356.712514276029
6366,11356.712514276029
6367,11356.712514276029
6368,11356.712514276029
6369,11356.712514276029
6370,11356.712514276029
6371,11356.712514276029
6372,11356.712514276029
6373,11356.712514276029
6374,11356.712514276029
6375,11356.712514276029
6376,11356.712514276029
6377,11356.712514276029
6378,11356.712514276029
6379,11356.712514276029
6380,11356.712514276029
6381,11356.712514276029
6382,11356.712514276029
6383,11356.712514276029
6384,11356.712514276029
6385,11356.712514276029
6386,11356.712514276029
6387,11356.712514276029
6388,11356.712514276029
6389,11356.712514276029
6390,11356.712514276029
6391,11356.712514276029
6392,11356.712514276029
6393,11356.712514276029
6394,11356.712514276029
6395,11356.712514276029
6396,11356.712514276029
6397,11356.712514276029
6398,11356.712514276029
6399,11356.712514276029
6400,11356.712514276029
6401,11356.712514276029
6402,11356.712514276029
6403,11356.712514276029
6404,11356.712514276029
6405,11356.712514276029
6406,11356.712514276029
6407,11356.712514276029
6408,11356.712514276029
6409,11356.712514276029
6410,11356.712514276029
6411,11356.712514276029
6412,11356.712514276029
6413,11356.712514276029
6414,11356.712514276029
6415,11356.712514276029
6416,11356.712514276029
6417,11356.712514276029
6418,11356.712514276029
6419,11356.712514276029
6420,11356.712514276029
6421,11356.712514276029
6422,11356.712514276029
6423,11356.712514276029
6424,11356.712514276029
6425,11356.712514276029
6426,11356.712514276029
6427,11356.712514276029
6428,11356.712514276029
6429,11356.712514276029
6430,11356.712514276029
6431,11356.712514276029
6432,11356.712514276029
6433,11356.712514276029
6434,11356.712514276029
6435,11356.712514276029
6436,11356.712514276029
6437,11356.712514276029
6438,11356.712514276029
6439,11356.712514276029
6440,11356.712514276029
6441,11356.712514276029
6442,11356.712514276029
6443,11356.712514276029
6444,11356.712514276029
6445,11356.712514276029
6446,11356.712514276029
6447,11356.712514276029
6448,11356.712514276029
6449,11356.712514276029
6450,11356.712514276029
6451,11356.712514276029
6452,11356.712514276029
6453,11356.712514276029
6454,11356.712514276029
6455,11356.712514276029
6456,11356.712514276029
6457,11356.712514276029
6458,11356.712514276029
6459,11356.712514276029
6460,11356.712514276029
6461,11356.712514276029
6462,11356.712514276029
6463,11356.712514276029
6464,11356.712514276029
6465,11356.712514276029
6466,11356.712514276029
6467,11356.712514276029
6468,11356.712514276029
6469,11356.712514276029
6470,11356.712514276029
6471,11356.712514276029
6472,11356.712514276029
6473,11356.712514276029
6474,11356.712514276029
6475,11356.712514276029
6476,11356.712514276029
6477,11356.712514276029
6478,11356.712514276029
6479,11356.712514276029
6480,11356.712514276029
6481,11356.712514276029
6482,11356.712514276029
6483,11356.712514276029
6484,11356.712514276029
6485,11368.726178428491
6486,11361.023350162044
6487,11339.559337618026
6488,11339.559337618026
6489,11339.559337618026
6490,11339.559337618026
6491,11339.559337618026
6492,11339.559337618026
6493,11339.559337618026
6494,11339.559337618026
6495,11339.559337618026
6496,11339.559337618026
6497,11339.559337618026
6498,11339.559337618026
6499,11339.559337618026
6500,11339.559337618026
6501,11339.559337618026
6502,11339.559337618026
6503,11339.559337618026
6504,11339.559337618026
6505,11339.559337618026
6506,11339.559337618026
6507,11339.559337618026
6508,11339.559337618026
6509,11339.559337618026
6510,11339.559337618026
6511,11339.559337618026
6512,11339.559337618026
6513,11339.559337618026
6514,11339.559337618026
6515,11339.559337618026
6516,11339.559337618026
6517,11339.559337618026
6518,11339.559337618026
6519,11339.559337618026
6520,11339.559337618026
6521,11339.559337618026
6522,11339.559337618026
6523,11339.559337618026
6524,11339.559337618026
6525,11339.559337618026
6526,11339.559337618026
6527,11339.559337618026
6528,11339.559337618026
6529,11339.559337618026
6530,11339.559337618026
6531,11339.559337618026
6532,11339.559337618026
6533,11339.559337618026
6534,11339.559337618026
6535,11339.559337618026
6536,11339.559337618026
6537,11339.559337618026
6538,11339.559337618026
6539,11339.559337618026
6540,11339.559337618026
6541,11339.559337618026
6542,11339.559337618026
6543,11339.559337618026
6544,11339.559337618026
6545,11339.559337618026
6546,11339.559337618026
6547,11339.559337618026
6548,11339.559337618026
6549,11339.559337618026
6550,11339.559337618026
6551,11339.559337618026
6552,11339.559337618026
6553,11339.559337618026
6554,11339.559337618026
6555,11339.559337618026
6556,11339.559337618026
6557,11339.559337618026
6558,11339.559337618026
6559,11339.559337618026
6560,11339.559337618026
6561,11339.559337618026
6562,11339.559337618026
6563,11339.559337618026
6564,11339.559337618026
6565,11339.559337618026
6566,11339.559337618026
6567,11339.559337618026
6568,11339.559337618026
6569,11339.559337618026
6570,11339.559337618026
6571,11339.559337618026
6572,11339.559337618026
6573,11339.559337618026
6574,11339.559337618026
6575,11339.559337618026
6576,11339.559337618026
6577,11339.559337618026
6578,11339.559337618026
6579,11339.559337618026
6580,11339.559337618026
6581,11339.559337618026
6582,11424.42770698388
6583,11411.930686257081
6584,11415.025686223971
6585,11421.841142474395
6586,11378.478861321606
6587,11427.9585087714
6588,11518.080711197086
6589,11422.724851721785
6590,11422.724851721785
6591,11422.724851721785
6592,11422.724851721785
6593,11422.724851721785
6594,11422.724851721785
6595,11422.724851721785
6596,11422.724851721785
6597,11422.724851721785
6598,11422.724851721785
6599,11422.724851721785
6600,11422.724851721785
6601,11422.724851721785
6602,11422.724851721785
6603,11422.724851721785
6604,11422.724851721785
6605,11422.724851721785
6606,11422.724851721785
6607,11422.724851721785
6608,11422.724851721785
6609,11422.724851721785
6610,11422.724851721785
6611,11422.724851721785
6612,11422.724851721785
6613,11422.724851721785
6614,11422.724851721785
6615,11422.724851721785
6616,11422.724851721785
6617,11422.724851721785
6618,11422.724851721785
6619,11422.724851721785
6620,11422.724851721785
6621,11422.724851721785
6622,11422.724851721785
6623,11422.724851721785
6624,11422.724851721785
6625,11422.724851721785
6626,11422.724851721785
6627,11422.724851721785
6628,11422.724851721785
6629,11428.06378499951
6630,11442.146732341762
6631,11469.71663369394
6632,11515.59144914117
6633,11473.934432661197
6634,11491.597507782972
6635,11490.593071467645
6636,11428.06795278505
6637,11428.06795278505
6638,11428.06795278505
6639,11428.06795278505
6640,11428.06795278505
6641,11428.06795278505
6642,11428.06795278505
6643,11428.06795278505
6644,11428.06795278505
6645,11428.06795278505
6646,11428.06795278505
6647,11428.06795278505
6648,11428.06795278505
6649,11428.06795278505
6650,11428.06795278505
6651,11428.06795278505
6652,11428.06795278505
6653,11428.06795278505
6654,11428.06795278505
6655,11428.06795278505
6656,11428.06795278505
6657,11428.06795278505
6658,11428.06795278505
6659,11428.06795278505
6660,11428.06795278505
6661,11428.06795278505
6662,11428.06795278505
6663,11428.06795278505
6664,11428.06795278505
6665,11428.06795278505
6666,11428.06795278505
6667,11428.06795278505
6668,11428.06795278505
6669,11428.06795278505
6670,11428.06795278505
6671,11428.06795278505
6672,11428.06795278505
6673,11428.06795278505
6674,11428.06795278505
6675,11428.06795278505
6676,11428.06795278505
6677,11428.06795278505
6678,11428.06795278505
6679,11428.06795278505
6680,11428.06795278505
6681,11428.06795278505
6682,11428.06795278505
6683,11428.06795278505
6684,11428.06795278505
6685,11428.06795278505
6686,11428.06795278505
6687,11428.06795278505
6688,11428.06795278505
6689,11428.06795278505
6690,11428.06795278505
6691,11428.06795278505
6692,11428.06795278505
6693,11399.08451833204
6694,11382.718169518304
6695,11382.718169518304
6696,11382.718169518304
6697,11382.718169518304
6698,11382.718169518304
6699,11382.718169518304
6700,11382.718169518304
6701,11382.718169518304
6702,11382.718169518304
6703,11382.718169518304
6704,11382.718169518304
6705,11382.718169518304
6706,11382.718169518304
6707,11382.718169518304
6708,11382.718169518304
6709,11382.718169518304
6710,11382.718169518304
6711,11382.718169518304
6712,11382.718169518304
6713,11382.718169518304
6714,11382.718169518304
6715,11382.718169518304
6716,11382.718169518304
6717,11382.718169518304
6718,11382.718169518304
6719,11382.718169518304
6720,11382.718169518304
6721,11382.718169518304
6722,11382.718169518304
6723,11382.718169518304
6724,11382.718169518304
6725,11382.718169518304
6726,11382.718169518304
6727,11382.718169518304
6728,11382.718169518304
6729,11382.718169518304
6730,11382.718169518304
6731,11382.718169518304
6732,11382.718169518304
6733,11382.718169518304
6734,11382.718169518304
6735,11382.718169518304
6736,11382.718169518304
6737,11382.718169518304
6738,11382.718169518304
6739,11382.718169518304
6740,11382.718169518304
6741,11382.718169518304
6742,11382.718169518304
6743,11382.718169518304
6744,11382.718169518304
6745,11382.718169518304
6746,11382.718169518304
6747,11382.718169518304
6748,11382.718169518304
6749,11382.718169518304
6750,11382.718169518304
6751,11382.718169518304
6752,11382.718169518304
6753,11382.718169518304
6754,11382.718169518304
6755,11382.718169518304
6756,11382.718169518304
6757,11382.718169518304
6758,11382.718169518304
6759,11382.718169518304
6760,11382.718169518304
6761,11382.718169518304
6762,11382.718169518304
6763,11382.718169518304
6764,11382.718169518304
6765,11382.718169518304
6766,11382.718169518304
6767,11382.718169518304
6768,11382.718169518304
6769,11382.718169518304
6770,11382.718169518304
6771,11382.718169518304
6772,11382.718169518304
6773,11382.718169518304
6774,11382.718169518304
6775,11382.718169518304
6776,11382.718169518304
6777,11382.718169518304
6778,11382.718169518304
6779,11382.718169518304
6780,11382.718169518304
6781,11382.718169518304
6782,11382.718169518304
6783,11382.718169518304
6784,11382.718169518304
6785,11382.718169518304
6786,11382.718169518304
6787,11382.718169518304
6788,11382.718169518304
6789,11391.927867870021
6790,11367.946958867671
6791,11367.946958867671
6792,11358.29790180537
6793,11226.572336023903
6794,11226.572336023903
6795,11226.572336023903
6796,11222.466406222056
6797,11222.466406222056
6798,11222.466406222056
6799,11222.466406222056
6800,11222.466406222056
6801,11222.466406222056
6802,11222.466406222056
6803,11222.466406222056
6804,11222.466406222056
6805,11222.466406222056
6806,11222.466406222056
6807,11222.466406222056
6808,11222.466406222056
6809,11222.466406222056
6810,11253.076496530668
6811,11253.076496530668
6812,11253.076496530668
6813,11276.531247036935
6814,11314.999395551702
6815,11283.932692269393
6816,11274.695621256873
6817,11326.690984522424
6818,11303.0215163217
6819,11292.087754507882
6820,11315.559345617636
6821,11312.675392270521
6822,11287.692356997824
6823,11287.692356997824
6824,11287.692356997824
6825,11287.692356997824
6826,11287.692356997824
6827,11287.692356997824
6828,11287.692356997824
6829,11287.692356997824
6830,11287.692356997824
6831,11287.692356997824
6832,11287.692356997824
6833,11287.692356997824
6834,11287.692356997824
6835,11287.692356997824
6836,11287.692356997824
6837,11287.692356997824
6838,11287.692356997824
6839,11287.692356997824
6840,11287.692356997824
6841,11287.692356997824
6842,11287.692356997824
6843,11287.692356997824
6844,11287.692356997824
6845,11287.692356997824
6846,11287.692356997824
6847,11287.692356997824
6848,11287.692356997824
6849,11287.692356997824
6850,11287.692356997824
6851,11287.692356997824
6852,11287.692356997824
6853,11287.692356997824
6854,11287.692356997824
6855,11287.692356997824
6856,11287.692356997824
6857,11287.692356997824
6858,11287.692356997824
6859,11287.692356997824
6860,11287.692356997824
6861,11287.692356997824
6862,11287.692356997824
6863,11287.692356997824
6864,11287.692356997824
6865,11287.692356997824
6866,11287.692356997824
6867,11287.692356997824
6868,11287.692356997824
6869,11287.692356997824
6870,11287.692356997824
6871,11286.532869752198
6872,11286.532869752198
6873,11286.532869752198
6874,11286.532869752198
6875,11286.532869752198
6876,11286.532869752198
6877,11286.532869752198
6878,11286.532869752198
6879,11286.532869752198
6880,11286.532869752198
6881,11286.532869752198
6882,11286.532869752198
6883,11286.532869752198
6884,11286.532869752198
6885,11286.532869752198
6886,11286.532869752198
6887,11286.532869752198
6888,11286.532869752198
6889,11286.532869752198
6890,11286.532869752198
6891,11286.532869752198
6892,11286.532869752198
6893,11286.532869752198
6894,11286.532869752198
6895,11286.532869752198
6896,11286.532869752198
6897,11286.532869752198
6898,11286.532869752198
6899,11286.532869752198
6900,11286.532869752198
6901,11286.532869752198
6902,11286.532869752198
6903,11286.532869752198
6904,11286.532869752198
6905,11286.532869752198
6906,11286.532869752198
6907,11286.532869752198
6908,11286.532869752198
6909,11286.532869752198
6910,11286.532869752198
6911,11286.532869752198
6912,11286.532869752198
6913,11286.532869752198
6914,11286.532869752198
6915,11286.532869752198
6916,11286.532869752198
6917,11244.55471251344
6918,11259.29133806822
6919,11243.434809830676
6920,11226.547324249794
6921,11227.339746364674
6922,11219.079958708044
6923,11275.03062017652
6924,11320.31592685391
6925,11398.680813857558
6926,11346.2556222063
6927,11355.890019654049
6928,11415.321678270033
6929,11543.16847478395
6930,11509.870574079103
6931,11485.026523589635
6932,11491.48718960789
6933,11526.33354781273
6934,11522.779777205691
6935,11432.746878857439
6936,11432.746878857439
6937,11432.746878857439
6938,11432.746878857439
6939,11432.746878857439
6940,11432.746878857439
6941,11432.746878857439
6942,11432.746878857439
6943,11432.746878857439
6944,11432.746878857439
6945,11432.746878857439
6946,11432.746878857439
6947,11432.746878857439
6948,11432.746878857439
6949,11432.746878857439
6950,11432.746878857439
6951,11432.746878857439
6952,11432.746878857439
6953,11432.746878857439
6954,11432.746878857439
6955,11404.353913881036
6956,11421.060138825496
6957,11392.831549952456
6958,11392.831549952456
6959,11392.831549952456
6960,11392.831549952456
6961,11392.831549952456
6962,11410.1461937644
6963,11496.699405146965
6964,11482.60599735735
6965,11471.213625983972
6966,11402.195142862081
6967,11402.195142862081
6968,11402.195142862081
6969,11402.195142862081
6970,11402.195142862081
6971,11402.195142862081
6972,11402.195142862081
6973,11402.195142862081
6974,11402.195142862081
6975,11402.195142862081
6976,11402.195142862081
6977,11402.195142862081
6978,11402.195142862081
6979,11402.195142862081
6980,11402.195142862081
6981,11402.195142862081
6982,11402.195142862081
6983,11402.195142862081
6984,11402.195142862081
6985,11402.195142862081
6986,11402.195142862081
6987,11402.195142862081
6988,11402.195142862081
6989,11402.195142862081
6990,11402.195142862081
6991,11402.195142862081
6992,11402.195142862081
6993,11402.195142862081
6994,11402.195142862081
6995,11402.195142862081
6996,11402.195142862081
6997,11402.195142862081
6998,11402.195142862081
6999,11402.195142862081
7000,11402.195142862081
7001,11402.195142862081
7002,11402.195142862081
7003,11402.195142862081
7004,11402.195142862081
7005,11402.195142862081
7006,11402.195142862081
7007,11402.195142862081
7008,11402.195142862081
7009,11402.195142862081
7010,11402.195142862081
7011,11402.195142862081
7012,11402.195142862081
7013,11402.195142862081
7014,11385.80594266937
7015,11577.12230595482
7016,11602.926827142059
7017,11623.13589081518
7018,11619.2342565569
7019,11490.433599874914
7020,11490.433599874914
7021,11490.433599874914
7022,11490.433599874914
7023,11490.433599874914
7024,11490.433599874914
7025,11490.433599874914
7026,11490.433599874914
7027,11490.433599874914
7028,11490.433599874914
7029,11490.433599874914
7030,11490.433599874914
7031,11490.433599874914
7032,11490.433599874914
7033,11490.433599874914
7034,11490.433599874914
7035,11490.433599874914
7036,11490.433599874914
7037,11490.433599874914
7038,11490.433599874914
7039,11490.433599874914
7040,11490.433599874914
7041,11490.433599874914
7042,11490.433599874914
7043,11490.433599874914
7044,11490.433599874914
7045,11490.433599874914
7046,11490.433599874914
7047,11490.433599874914
7048,11490.433599874914
7049,11490.433599874914
7050,11490.433599874914
7051,11490.433599874914
7052,11490.433599874914
7053,11490.433599874914
7054,11490.433599874914
7055,11490.433599874914
7056,11490.433599874914
7057,11490.433599874914
7058,11490.433599874914
7059,11490.433599874914
7060,11490.433599874914
7061,11490.433599874914
7062,11490.433599874914
7063,11490.433599874914
7064,11490.433599874914
7065,11490.433599874914
7066,11490.433599874914
7067,11490.433599874914
7068,11490.433599874914
7069,11490.433599874914
7070,11490.433599874914
7071,11490.433599874914
7072,11490.433599874914
7073,11490.433599874914
7074,11490.433599874914
7075,11490.433599874914
7076,11490.433599874914
7077,11490.433599874914
7078,11490.433599874914
7079,11490.433599874914
7080,11490.433599874914
7081,11490.433599874914
7082,11490.433599874914
7083,11490.433599874914
7084,11490.433599874914
7085,11490.433599874914
7086,11490.433599874914
7087,11490.433599874914
7088,11490.433599874914
7089,11490.433599874914
7090,11490.433599874914
7091,11490.433599874914
7092,11490.433599874914
7093,11490.433599874914
7094,11490.433599874914
7095,11490.433599874914
7096,11490.433599874914
7097,11490.433599874914
7098,11490.433599874914
7099,11490.433599874914
7100,11490.433599874914
7101,11490.433599874914
7102,11490.433599874914
7103,11490.433599874914
7104,11490.433599874914
7105,11490.433599874914
7106,11490.433599874914
7107,11490.433599874914
7108,11490.433599874914
7109,11490.433599874914
7110,11490.433599874914
7111,11490.433599874914
7112,11490.433599874914
7113,11490.433599874914
7114,11490.433599874914
7115,11490.433599874914
7116,11490.433599874914
7117,11490.433599874914
7118,11490.433599874914
7119,11490.433599874914
7120,11490.433599874914
7121,11490.433599874914
7122,11490.433599874914
7123,11490.433599874914
7124,11490.433599874914
7125,11490.433599874914
7126,11490.433599874914
7127,11490.433599874914
7128,11490.433599874914
7129,11424.396065133691
7130,11424.392704957903
7131,11424.392704957903
7132,11424.392704957903
7133,11424.392704957903
7134,11424.392704957903
7135,11424.392704957903
7136,11424.392704957903
7137,11424.392704957903
7138,11424.392704957903
7139,11424.392704957903
7140,11424.392704957903
7141,11424.392704957903
7142,11424.392704957903
7143,11424.392704957903
7144,11424.392704957903
7145,11424.745389530655
7146,11450.230970058938
7147,11428.025026445506
7148,11388.992402982509
7149,11388.992402982509
7150,11388.992402982509
7151,11388.992402982509
7152,11388.992402982509
7153,11388.992402982509
7154,11388.992402982509
7155,11388.992402982509
7156,11388.992402982509
7157,11388.992402982509
7158,11388.992402982509
7159,11388.992402982509
7160,11388.992402982509
7161,11388.992402982509
7162,11388.992402982509
7163,11388.992402982509
7164,11388.992402982509
7165,11388.992402982509
7166,11388.992402982509
7167,11388.992402982509
7168,11388.992402982509
7169,11388.992402982509
7170,11388.992402982509
7171,11388.992402982509
7172,11388.992402982509
7173,11388.992402982509
7174,11388.992402982509
7175,11388.992402982509
7176,11388.992402982509
7177,11388.992402982509
7178,11388.992402982509
7179,11388.992402982509
7180,11388.992402982509
7181,11388.992402982509
7182,11289.870915363093
7183,11289.870915363093
7184,11314.166612427403
7185,11283.736541680324
7186,11283.736541680324
7187,11283.736541680324
7188,11283.736541680324
7189,11283.736541680324
7190,11283.736541680324
7191,11283.736541680324
7192,11283.736541680324
7193,11283.736541680324
7194,11283.736541680324
7195,11283.736541680324
7196,11283.736541680324
7197,11283.736541680324
7198,11283.736541680324
7199,11283.736541680324
7200,11283.736541680324
7201,11283.736541680324
7202,11283.736541680324
7203,11283.736541680324
7204,11283.736541680324
7205,11283.736541680324
7206,11283.736541680324
7207,11283.736541680324
7208,11283.736541680324
7209,11283.736541680324
7210,11283.736541680324
7211,11283.736541680324
7212,11283.736541680324
7213,11283.736541680324
7214,11283.736541680324
7215,11283.736541680324
7216,11283.736541680324
7217,11283.736541680324
7218,11283.736541680324
7219,11283.736541680324
7220,11283.736541680324
7221,11283.736541680324
7222,11283.736541680324
7223,11283.736541680324
7224,11283.736541680324
7225,11283.736541680324
7226,11263.40193027991
7227,11263.40193027991
7228,11267.487478162453
7229,11267.487478162453
7230,11267.487478162453
7231,11267.487478162453
7232,11267.487478162453
7233,11267.487478162453
7234,11267.487478162453
7235,11267.487478162453
7236,11267.487478162453
7237,11267.487478162453
7238,11257.683976933338
7239,11240.446153938812
7240,11294.420963872577
7241,11333.50098760557
7242,11294.277179187882
7243,11298.028652324889
7244,11253.582845585826
7245,11253.582845585826
7246,11196.32658306786
7247,11196.32658306786
7248,11196.32658306786
7249,11196.32658306786
7250,11196.32658306786
7251,11196.32658306786
7252,11196.32658306786
7253,11196.32658306786
7254,11196.32658306786
7255,11196.32658306786
7256,11196.32658306786
7257,11196.32658306786
7258,11196.32658306786
7259,11196.32658306786
7260,11196.32658306786
7261,11196.32658306786
7262,11196.32658306786
7263,11196.32658306786
7264,11196.32658306786
7265,11196.32658306786
7266,11196.32658306786
7267,11196.32658306786
7268,11196.32658306786
7269,11196.32658306786
7270,11196.32658306786
7271,11196.32658306786
7272,11196.32658306786
7273,11196.32658306786
7274,11196.32658306786
7275,11196.32658306786
7276,11196.32658306786
7277,11184.719471193734
7278,11184.719471193734
7279,11184.719471193734
7280,11189.183485479967
7281,11195.312157679196
7282,11213.119445549326
7283,11150.984138175576
7284,11150.984138175576
7285,11150.984138175576
7286,11136.800004620014
7287,11136.800004620014
7288,11122.381456324389
7289,11152.894300731916
7290,11173.90584912323
7291,11203.784626789466
7292,11153.09810789876
7293,11180.003888956586
7294,11206.084736243849
7295,11163.353166928855
7296,11163.353166928855
7297,11163.353166928855
7298,11163.353166928855
7299,11163.353166928855
7300,11163.353166928855
7301,11163.353166928855
7302,11163.353166928855
7303,11163.353166928855
7304,11163.353166928855
7305,11163.353166928855
7306,11163.353166928855
7307,11163.353166928855
7308,11163.353166928855
7309,11163.353166928855
7310,11163.353166928855
7311,11163.353166928855
7312,11163.353166928855
7313,11163.353166928855
7314,11163.353166928855
7315,11163.353166928855
7316,11163.353166928855
7317,11163.353166928855
7318,11163.353166928855
7319,11163.353166928855
7320,11163.353166928855
7321,11163.353166928855
7322,11163.353166928855
7323,11163.353166928855
7324,11163.353166928855
7325,11163.353166928855
7326,11163.353166928855
7327,11163.353166928855
7328,11163.353166928855
7329,11163.353166928855
7330,11163.353166928855
7331,11163.353166928855
7332,11163.353166928855
7333,11163.353166928855
7334,11163.353166928855
7335,11163.353166928855
7336,11163.353166928855
7337,11163.353166928855
7338,11163.353166928855
7339,11163.353166928855
7340,11163.353166928855
7341,11163.353166928855
7342,11163.353166928855
7343,11163.353166928855
7344,11163.353166928855
7345,11190.223832928654
7346,11190.223832928654
7347,11100.632788035831
7348,11100.632788035831
7349,11100.632788035831
7350,11100.632788035831
7351,11100.632788035831
7352,11100.632788035831
7353,11100.632788035831
7354,11100.632788035831
7355,11100.632788035831
7356,11100.632788035831
7357,11100.632788035831
7358,11100.632788035831
7359,11100.632788035831
7360,11100.632788035831
7361,11100.632788035831
7362,11100.632788035831
7363,11100.632788035831
7364,11100.632788035831
7365,11100.632788035831
7366,11100.632788035831
7367,11100.632788035831
7368,11100.632788035831
7369,11100.632788035831
7370,11100.632788035831
7371,11100.632788035831
7372,11100.632788035831
7373,11100.632788035831
7374,11100.632788035831
7375,11100.632788035831
7376,11100.632788035831
7377,11100.632788035831
7378,11100.632788035831
7379,11100.632788035831
7380,11100.632788035831
7381,11100.632788035831
7382,11100.632788035831
7383,11100.632788035831
7384,11100.632788035831
7385,11100.632788035831
7386,11100.632788035831
7387,11100.632788035831
7388,11100.632788035831
7389,11100.632788035831
7390,11100.632788035831
7391,11100.632788035831
7392,11100.632788035831
7393,11100.632788035831
7394,11100.632788035831
7395,11100.632788035831
7396,11100.632788035831
7397,11100.632788035831
7398,11100.632788035831
7399,11100.632788035831
7400,11100.632788035831
7401,11100.632788035831
7402,11100.632788035831
7403,11100.632788035831
7404,11100.632788035831
7405,11100.632788035831
7406,11096.093567832562
7407,11096.093567832562
7408,11131.751951766537
7409,11119.781172293999
7410,11106.766005007496
7411,11115.121107519222
7412,10998.108404751465
7413,10998.108404751465
7414,10998.108404751465
7415,10998.108404751465
7416,10998.108404751465
7417,10998.108404751465
7418,10998.108404751465
7419,10998.108404751465
7420,10998.108404751465
7421,10998.108404751465
7422,10998.108404751465
7423,10998.108404751465
7424,10998.108404751465
7425,10998.108404751465
7426,10998.108404751465
7427,10998.108404751465
7428,10998.108404751465
7429,10998.108404751465
7430,10998.108404751465
7431,10998.108404751465
7432,10998.108404751465
7433,10998.108404751465
7434,10998.108404751465
7435,10998.108404751465
7436,10998.108404751465
7437,10998.108404751465
7438,10976.297430885708
7439,10938.341199943854
7440,10938.341199943854
7441,10898.808583692195
7442,10898.808583692195
7443,10890.740365209242
7444,10890.740365209242
7445,10890.740365209242
7446,10890.740365209242
7447,10890.740365209242
7448,10890.740365209242
7449,10890.740365209242
7450,10890.740365209242
7451,10890.740365209242
7452,10890.740365209242
7453,10904.035957588509
7454,10872.334455646047
7455,10872.334455646047
7456,10872.334455646047
7457,11036.748486678185
7458,11060.761215029725
7459,11112.099847971504
7460,11067.521716827538
7461,11007.132684386235
7462,11043.646257548038
7463,11031.385633613838
7464,11036.14013510893
7465,11036.14013510893
7466,11036.14013510893
7467,11036.14013510893
7468,11008.935637159157
7469,11008.935637159157
7470,11008.935637159157
7471,11008.935637159157
7472,11008.935637159157
7473,11008.935637159157
7474,11008.935637159157
7475,11008.935637159157
7476,11008.935637159157
7477,11008.935637159157
7478,11008.935637159157
7479,11008.935637159157
7480,11008.935637159157
7481,11008.935637159157
7482,11008.935637159157
7483,11008.935637159157
7484,11008.935637159157
7485,11008.935637159157
7486,11008.935637159157
7487,11008.935637159157
7488,11008.935637159157
7489,11008.935637159157
7490,11008.935637159157
7491,11008.935637159157
7492,11008.935637159157
7493,11008.935637159157
7494,11008.935637159157
7495,11008.935637159157
7496,11008.935637159157
7497,11008.935637159157
7498,11008.935637159157
7499,11008.935637159157
7500,11008.935637159157
7501,11008.935637159157
7502,11008.935637159157
7503,11008.935637159157
7504,11008.935637159157
7505,11008.935637159157
7506,11008.935637159157
7507,11008.935637159157
7508,11008.935637159157
7509,11008.935637159157
7510,11008.935637159157
7511,11008.935637159157
7512,11008.935637159157
7513,11008.935637159157
7514,11008.935637159157
7515,11008.935637159157
7516,11008.935637159157
7517,11008.935637159157
7518,11008.935637159157
7519,11008.935637159157
7520,11008.935637159157
7521,11008.935637159157
7522,11008.935637159157
7523,11008.935637159157
7524,10942.891473442467
7525,10970.853958932164
7526,10978.388583132404
7527,11065.81982945127
7528,11013.420884964016
7529,11027.03353803777
7530,11020.967351402685
7531,11022.714081570914
7532,11032.895446059962
7533,11058.196388462813
7534,11043.369905950118
7535,11041.91923174261
7536,10969.835526427298
7537,10969.835526427298
7538,10969.835526427298
7539,10969.835526427298
7540,10969.835526427298
7541,10969.835526427298
7542,10969.835526427298
7543,10969.835526427298
7544,10969.835526427298
7545,10969.835526427298
7546,10969.835526427298
7547,10969.835526427298
7548,10969.835526427298
7549,10969.835526427298
7550,10969.835526427298
7551,10969.835526427298
7552,10969.835526427298
7553,10969.835526427298
7554,10969.835526427298
7555,10969.835526427298
7556,10969.835526427298
7557,10969.835526427298
7558,10969.835526427298
7559,10969.835526427298
7560,10969.835526427298
7561,10969.835526427298
7562,10969.835526427298
7563,10969.835526427298
7564,10969.835526427298
7565,10969.835526427298
7566,10969.835526427298
7567,10969.835526427298
7568,10969.835526427298
7569,10969.835526427298
7570,10969.835526427298
7571,10969.835526427298
7572,10969.835526427298
7573,10969.835526427298
7574,10969.835526427298
7575,10969.835526427298
7576,10969.835526427298
7577,10969.835526427298
7578,10969.835526427298
7579,10969.835526427298
7580,10969.835526427298
7581,10969.835526427298
7582,10969.835526427298
7583,10969.835526427298
7584,10969.835526427298
7585,10969.835526427298
7586,10969.835526427298
7587,10969.835526427298
7588,10969.835526427298
7589,10969.835526427298
7590,10969.835526427298
7591,10969.835526427298
7592,10969.835526427298
7593,10969.835526427298
7594,10969.835526427298
7595,10969.835526427298
7596,10969.835526427298
7597,10969.835526427298
7598,10969.835526427298
7599,10969.835526427298
7600,10969.835526427298
7601,10969.835526427298
7602,10969.835526427298
7603,10969.835526427298
7604,10969.835526427298
7605,10969.835526427298
7606,10969.835526427298
7607,10969.835526427298
7608,10969.835526427298
7609,10969.835526427298
7610,10969.835526427298
7611,10969.835526427298
7612,10969.835526427298
7613,10969.835526427298
7614,10969.835526427298
7615,10969.835526427298
7616,10969.835526427298
7617,10969.835526427298
7618,10969.835526427298
7619,10969.835526427298
7620,10969.835526427298
7621,10997.347821012614
7622,10862.800529568176
7623,10862.800529568176
7624,10809.545135493292
7625,10809.545135493292
7626,10809.545135493292
7627,10809.545135493292
7628,10809.545135493292
7629,10809.545135493292
7630,10809.545135493292
7631,10809.545135493292
7632,10809.545135493292
7633,10809.545135493292
7634,10779.502541912265
7635,10779.502541912265
7636,10785.913494989625
7637,10780.411467206786
7638,10778.908710719845
7639,10844.118041099806
7640,10841.227658663227
7641,10867.280487355198
7642,10980.102354413184
7643,10964.883915231909
7644,10937.361657313797
7645,10940.764067666289
7646,11029.026773266298
7647,11019.813300530832
7648,11055.876426466466
7649,11328.241950471827
7650,11361.563151768989
7651,11370.982647571214
7652,11398.283733667662
7653,11424.166896304654
7654,11470.091861685849
7655,11442.045456847893
7656,11341.378950728646
7657,11341.378950728646
7658,11341.378950728646
7659,11341.378950728646
7660,11341.378950728646
7661,11341.378950728646
7662,11341.378950728646
7663,11341.378950728646
7664,11341.378950728646
7665,11341.378950728646
7666,11341.378950728646
7667,11341.378950728646
7668,11341.378950728646
7669,11341.378950728646
7670,11341.378950728646
7671,11341.378950728646
7672,11341.378950728646
7673,11341.378950728646
7674,11341.378950728646
7675,11341.378950728646
7676,11341.378950728646
7677,11341.378950728646
7678,11341.378950728646
7679,11341.378950728646
7680,11341.378950728646
7681,11341.378950728646
7682,11341.378950728646
7683,11341.378950728646
7684,11341.378950728646
7685,11341.378950728646
7686,11341.378950728646
7687,11341.378950728646
7688,11341.378950728646
7689,11341.378950728646
7690,11341.378950728646
7691,11341.378950728646
7692,11341.378950728646
7693,11341.378950728646
7694,11341.378950728646
7695,11320.659462649768
7696,11320.659462649768
7697,11320.659462649768
7698,11320.659462649768
7699,11320.659462649768
7700,11320.659462649768
7701,11320.659462649768
7702,11320.659462649768
7703,11320.659462649768
7704,11320.659462649768
7705,11320.659462649768
7706,11320.659462649768
7707,11320.659462649768
7708,11320.659462649768
7709,11320.659462649768
7710,11320.659462649768
7711,11320.659462649768
7712,11320.659462649768
7713,11320.659462649768
7714,11320.659462649768
7715,11320.659462649768
7716,11320.659462649768
7717,11320.659462649768
7718,11320.659462649768
7719,11320.659462649768
7720,11320.659462649768
7721,11320.659462649768
7722,11320.659462649768
7723,11320.659462649768
7724,11320.659462649768
7725,11320.659462649768
7726,11320.659462649768
7727,11320.659462649768
7728,11320.659462649768
7729,11320.659462649768
7730,11320.659462649768
7731,11320.659462649768
7732,11320.659462649768
7733,11320.659462649768
7734,11320.659462649768
7735,11320.659462649768
7736,11320.659462649768
7737,11290.571283953952
7738,11290.571283953952
7739,11290.571283953952
7740,11288.841776010095
7741,11288.841776010095
7742,11288.841776010095
7743,11288.841776010095
7744,11288.841776010095
7745,11288.841776010095
7746,11288.841776010095
7747,11288.841776010095
7748,11288.841776010095
7749,11288.841776010095
7750,11288.841776010095
7751,11288.841776010095
7752,11288.841776010095
7753,11288.841776010095
7754,11288.841776010095
7755,11288.841776010095
7756,11288.841776010095
7757,11288.841776010095
7758,11288.841776010095
7759,11288.841776010095
7760,11288.841776010095
7761,11288.841776010095
7762,11288.841776010095
7763,11288.841776010095
7764,11288.841776010095
7765,11288.841776010095
7766,11288.841776010095
7767,11288.841776010095
7768,11288.841776010095
7769,11288.841776010095
7770,11288.841776010095
7771,11288.841776010095
7772,11288.841776010095
7773,11288.841776010095
7774,11288.841776010095
7775,11288.841776010095
7776,11288.841776010095
7777,11288.841776010095
7778,11288.841776010095
7779,11288.841776010095
7780,11288.841776010095
7781,11288.841776010095
7782,11288.841776010095
7783,11288.841776010095
7784,11288.841776010095
7785,11288.841776010095
7786,11288.841776010095
7787,11288.841776010095
7788,11288.841776010095
7789,11288.841776010095
7790,11288.841776010095
7791,11288.841776010095
7792,11288.841776010095
7793,11288.841776010095
7794,11288.841776010095
7795,11288.841776010095
7796,11288.841776010095
7797,11288.841776010095
7798,11288.841776010095
7799,11288.841776010095
7800,11284.105286930018
7801,11284.105286930018
7802,11284.105286930018
7803,11284.105286930018
7804,11284.105286930018
7805,11284.105286930018
7806,11284.105286930018
7807,11284.105286930018
7808,11284.105286930018
7809,11284.105286930018
7810,11284.105286930018
7811,11284.105286930018
7812,11284.105286930018
7813,11284.105286930018
7814,11284.105286930018
7815,11284.105286930018
7816,11284.105286930018
7817,11284.105286930018
7818,11284.105286930018
7819,11284.105286930018
7820,11284.105286930018
7821,11284.105286930018
7822,11284.105286930018
7823,11284.105286930018
7824,11284.105286930018
7825,11284.105286930018
7826,11284.105286930018
7827,11284.105286930018
7828,11284.105286930018
7829,11284.105286930018
7830,11284.105286930018
7831,11284.105286930018
7832,11284.105286930018
7833,11284.105286930018
7834,11284.105286930018
7835,11284.105286930018
7836,11284.105286930018
7837,11284.105286930018
7838,11284.105286930018
7839,11284.105286930018
7840,11310.206855032511
7841,11310.206855032511
7842,11310.206855032511
7843,11310.206855032511
7844,11310.206855032511
7845,11310.206855032511
7846,11310.206855032511
7847,11310.206855032511
7848,11310.206855032511
7849,11310.206855032511
7850,11310.206855032511
7851,11310.206855032511
7852,11310.206855032511
7853,11310.206855032511
7854,11310.206855032511
7855,11310.206855032511
7856,11310.206855032511
7857,11310.206855032511
7858,11310.206855032511
7859,11310.206855032511
7860,11310.206855032511
7861,11310.206855032511
7862,11310.206855032511
7863,11310.206855032511
7864,11310.206855032511
7865,11310.206855032511
7866,11310.206855032511
7867,11310.206855032511
7868,11310.206855032511
7869,11310.206855032511
7870,11310.206855032511
7871,11310.206855032511
7872,11310.206855032511
7873,11310.206855032511
7874,11310.206855032511
7875,11310.206855032511
7876,11310.206855032511
7877,11310.206855032511
7878,11310.206855032511
7879,11310.206855032511
7880,11310.206855032511
7881,11310.206855032511
7882,11310.206855032511
7883,11310.206855032511
7884,11310.206855032511
7885,11310.206855032511
7886,11310.206855032511
7887,11310.206855032511
7888,11310.206855032511
7889,11310.206855032511
7890,11310.206855032511
7891,11310.206855032511
7892,11310.206855032511
7893,11310.206855032511
7894,11310.206855032511
7895,11310.206855032511
7896,11310.206855032511
7897,11310.206855032511
7898,11310.206855032511
7899,11310.206855032511
7900,11310.206855032511
7901,11310.206855032511
7902,11310.206855032511
7903,11310.206855032511
7904,11310.206855032511
7905,11310.206855032511
7906,11310.206855032511
7907,11310.206855032511
7908,11310.206855032511
7909,11310.206855032511
7910,11310.206855032511
7911,11310.206855032511
7912,11310.206855032511
7913,11310.206855032511
7914,11310.206855032511
7915,11310.206855032511
7916,11310.206855032511
7917,11310.206855032511
7918,11310.206855032511
7919,11310.206855032511
7920,11310.206855032511
7921,11310.206855032511
7922,11310.206855032511
7923,11310.206855032511
7924,11310.206855032511
7925,11310.206855032511
7926,11310.206855032511
7927,11310.206855032511
7928,11310.206855032511
7929,11310.206855032511
7930,11310.206855032511
7931,11310.206855032511
7932,11310.206855032511
7933,11310.206855032511
7934,11310.206855032511
7935,11310.206855032511
7936,11310.206855032511
7937,11310.206855032511
7938,11310.206855032511
7939,11310.206855032511
7940,11310.206855032511
7941,11310.206855032511
7942,11310.206855032511
7943,11310.206855032511
7944,11310.206855032511
7945,11310.206855032511
7946,11310.206855032511
7947,11310.206855032511
7948,11310.206855032511
7949,11310.206855032511
7950,11310.206855032511
7951,11310.206855032511
7952,11310.206855032511
7953,11310.206855032511
7954,11310.206855032511
7955,11310.206855032511
7956,11310.206855032511
7957,11310.206855032511
7958,11310.206855032511
7959,11310.206855032511
7960,11310.206855032511
7961,11310.206855032511
7962,11310.206855032511
7963,11310.206855032511
7964,11310.206855032511
7965,11310.206855032511
7966,11310.206855032511
7967,11310.206855032511
7968,11310.206855032511
7969,11310.206855032511
7970,11310.206855032511
7971,11310.206855032511
7972,11310.206855032511
7973,11351.444383184486
7974,11328.333763859626
7975,11400.089084874575
7976,11383.139711463393
7977,11291.666619380103
7978,11291.666619380103
7979,11291.666619380103
7980,11291.666619380103
7981,11291.666619380103
7982,11291.666619380103
7983,11291.666619380103
7984,11291.666619380103
7985,11291.666619380103
7986,11291.666619380103
7987,11291.666619380103
7988,11291.666619380103
7989,11291.666619380103
7990,11291.666619380103
7991,11291.666619380103
7992,11291.666619380103
7993,11291.666619380103
7994,11291.666619380103
7995,11291.666619380103
7996,11291.666619380103
7997,11291.666619380103
7998,11291.666619380103
7999,11291.666619380103
8000,11291.666619380103
8001,11291.666619380103
8002,11291.666619380103
8003,11291.666619380103
8004,11291.666619380103
8005,11291.666619380103
8006,11291.666619380103
8007,11291.666619380103
8008,11291.666619380103
8009,11291.666619380103
8010,11291.666619380103
8011,11291.666619380103
8012,11291.666619380103
8013,11291.666619380103
8014,11291.666619380103
8015,11291.666619380103
8016,11291.666619380103
8017,11304.991885935488
8018,11320.540014062299
8019,11361.250816148984
8020,11343.688126731862
8021,11371.47835995221
8022,11380.360879083031
8023,11401.009388379098
8024,11517.589104288027
8025,11468.721858336157
8026,11480.371795487636
8027,11415.138098875961
8028,11415.138098875961
8029,11415.138098875961
8030,11415.138098875961
8031,11415.138098875961
8032,11415.138098875961
8033,11415.138098875961
8034,11415.138098875961
8035,11415.138098875961
8036,11415.138098875961
8037,11415.138098875961
8038,11415.138098875961
8039,11415.138098875961
8040,11415.138098875961
8041,11415.138098875961
8042,11415.138098875961
8043,11415.138098875961
8044,11415.138098875961
8045,11415.138098875961
8046,11415.138098875961
8047,11415.138098875961
8048,11415.138098875961
8049,11415.138098875961
8050,11415.138098875961
8051,11415.138098875961
8052,11415.138098875961
8053,11415.138098875961
8054,11415.138098875961
8055,11415.138098875961
8056,11415.138098875961
8057,11415.138098875961
8058,11415.138098875961
8059,11415.138098875961
8060,11415.138098875961
8061,11415.138098875961
8062,11415.138098875961
8063,11430.418912430257
8064,11425.297336972746
8065,11390.19863058881
8066,11390.19863058881
8067,11390.19863058881
8068,11390.19863058881
8069,11390.19863058881
8070,11390.19863058881
8071,11390.19863058881
8072,11390.19863058881
8073,11390.19863058881
8074,11390.19863058881
8075,11390.19863058881
8076,11390.19863058881
8077,11390.19863058881
8078,11390.19863058881
8079,11390.19863058881
8080,11390.19863058881
8081,11390.19863058881
8082,11390.19863058881
8083,11390.19863058881
8084,11390.19863058881
8085,11390.19863058881
8086,11390.19863058881
8087,11390.19863058881
8088,11390.19863058881
8089,11390.19863058881
8090,11390.19863058881
8091,11390.19863058881
8092,11390.19863058881
8093,11357.565025355629
8094,11374.032782411901
8095,11440.123380731076
8096,11402.522002119254
8097,11521.441165074953
8098,11416.549786505024
8099,11472.402929187549
8100,11454.949851334075
8101,11430.25096037584
8102,11430.25096037584
8103,11430.25096037584
8104,11430.25096037584
8105,11430.25096037584
8106,11501.855264047557
8107,11440.789303702866
8108,11516.29446541921
8109,11491.807267342716
8110,11502.901702090428
8111,11484.484940409227
8112,11451.94126514927
8113,11451.94126514927
8114,11451.94126514927
8115,11437.650290323772
8116,11437.650290323772
8117,11437.650290323772
8118,11437.650290323772
8119,11437.650290323772
8120,11437.650290323772
8121,11437.650290323772
8122,11437.650290323772
8123,11437.650290323772
8124,11437.650290323772
8125,11437.650290323772
8126,11437.650290323772
8127,11437.650290323772
8128,11437.650290323772
8129,11437.650290323772
8130,11437.650290323772
8131,11437.650290323772
8132,11437.650290323772
8133,11437.650290323772
8134,11437.650290323772
8135,11437.650290323772
8136,11437.650290323772
8137,11437.650290323772
8138,11437.650290323772
8139,11437.650290323772
8140,11437.650290323772
8141,11437.650290323772
8142,11437.650290323772
8143,11437.650290323772
8144,11437.650290323772
8145,11437.650290323772
8146,11437.650290323772
8147,11437.650290323772
8148,11437.650290323772
8149,11425.967535632517
8150,11357.276880718258
8151,11357.276880718258
8152,11385.216048494503
8153,11385.216048494503
8154,11385.216048494503
8155,11385.216048494503
8156,11385.216048494503
8157,11385.216048494503
8158,11385.216048494503
8159,11385.216048494503
8160,11385.216048494503
8161,11385.216048494503
8162,11385.216048494503
8163,11385.216048494503
8164,11385.216048494503
8165,11385.216048494503
8166,11385.216048494503
8167,11385.216048494503
8168,11385.216048494503
8169,11385.216048494503
8170,11385.216048494503
8171,11385.216048494503
8172,11385.216048494503
8173,11385.216048494503
8174,11385.216048494503
8175,11385.216048494503
8176,11385.216048494503
8177,11385.216048494503
8178,11385.216048494503
8179,11385.216048494503
8180,11385.216048494503
8181,11385.216048494503
8182,11385.216048494503
8183,11385.216048494503
8184,11385.216048494503
8185,11385.216048494503
8186,11385.216048494503
8187,11385.216048494503
8188,11385.216048494503
8189,11385.216048494503
8190,11385.216048494503
8191,11385.216048494503
8192,11385.216048494503
8193,11385.216048494503
8194,11465.012380443233
8195,11488.65213898816
8196,11443.457942227677
8197,11546.208555887624
8198,11493.145820453596
8199,11509.831009436586
8200,11486.548434222635
8201,11506.03331019695
8202,11541.515271972528
8203,11651.527737912966
8204,11694.429132850346
8205,11624.358167626637
8206,11600.839221090713
8207,11602.425535295928
8208,11587.106047284311
8209,11587.106047284311
8210,11587.106047284311
8211,11587.106047284311
8212,11587.106047284311
8213,11587.106047284311
8214,11587.106047284311
8215,11587.106047284311
8216,11587.106047284311
8217,11587.106047284311
8218,11587.106047284311
8219,11587.106047284311
8220,11587.106047284311
8221,11587.106047284311
8222,11587.106047284311
8223,11587.106047284311
8224,11587.106047284311
8225,11587.106047284311
8226,11587.106047284311
8227,11587.106047284311
8228,11587.106047284311
8229,11587.106047284311
8230,11587.106047284311
8231,11587.106047284311
8232,11587.106047284311
8233,11587.106047284311
8234,11587.106047284311
8235,11587.106047284311
8236,11587.106047284311
8237,11587.106047284311
8238,11587.106047284311
8239,11587.106047284311
8240,11587.106047284311
8241,11587.106047284311
8242,11587.106047284311
8243,11587.106047284311
8244,11587.106047284311
8245,11587.106047284311
8246,11587.106047284311
8247,11587.106047284311
8248,11587.106047284311
8249,11587.106047284311
8250,11587.106047284311
8251,11587.106047284311
8252,11587.106047284311
8253,11587.106047284311
8254,11587.106047284311
8255,11587.106047284311
8256,11587.106047284311
8257,11587.106047284311
8258,11587.106047284311
8259,11587.106047284311
8260,11587.106047284311
8261,11587.106047284311
8262,11587.106047284311
8263,11587.106047284311
8264,11587.106047284311
8265,11587.106047284311
8266,11587.106047284311
8267,11587.106047284311
8268,11587.106047284311
8269,11587.106047284311
8270,11587.106047284311
8271,11587.106047284311
8272,11587.106047284311
8273,11587.106047284311
8274,11587.106047284311
8275,11587.106047284311
8276,11587.106047284311
8277,11587.106047284311
8278,11587.106047284311
8279,11587.106047284311
8280,11587.106047284311
8281,11587.106047284311
8282,11587.106047284311
8283,11587.106047284311
8284,11587.106047284311
8285,11587.106047284311
8286,11587.106047284311
8287,11587.106047284311
8288,11587.106047284311
8289,11587.106047284311
8290,11587.106047284311
8291,11587.106047284311
8292,11587.106047284311
8293,11587.106047284311
8294,11587.106047284311
8295,11587.106047284311
8296,11587.106047284311
8297,11587.106047284311
8298,11587.106047284311
8299,11587.106047284311
8300,11587.106047284311
8301,11587.106047284311
8302,11587.106047284311
8303,11587.106047284311
8304,11587.106047284311
8305,11587.106047284311
8306,11587.106047284311
8307,11587.106047284311
8308,11587.106047284311
8309,11587.106047284311
8310,11587.106047284311
8311,11587.106047284311
8312,11587.106047284311
8313,11587.106047284311
8314,11587.106047284311
8315,11587.106047284311
8316,11587.106047284311
8317,11587.106047284311
8318,11587.106047284311
8319,11587.106047284311
8320,11587.106047284311
8321,11587.106047284311
8322,11587.106047284311
8323,11587.106047284311
8324,11587.106047284311
8325,11580.07645108977
8326,11554.906830972954
8327,11533.295135310434
8328,11548.343538513709
8329,11527.133457050953
8330,11527.133457050953
8331,11527.133457050953
8332,11527.133457050953
8333,11527.133457050953
8334,11527.133457050953
8335,11527.133457050953
8336,11527.133457050953
8337,11527.133457050953
8338,11527.133457050953
8339,11527.133457050953
8340,11527.133457050953
8341,11527.133457050953
8342,11527.133457050953
8343,11527.133457050953
8344,11527.133457050953
8345,11527.133457050953
8346,11527.133457050953
8347,11527.133457050953
8348,11527.133457050953
8349,11527.133457050953
8350,11527.133457050953
8351,11527.133457050953
8352,11527.133457050953
8353,11527.133457050953
8354,11527.133457050953
8355,11527.133457050953
8356,11527.133457050953
8357,11527.133457050953
8358,11527.133457050953
8359,11527.133457050953
8360,11527.133457050953
8361,11527.133457050953
8362,11527.133457050953
8363,11527.133457050953
8364,11527.133457050953
8365,11527.133457050953
8366,11527.133457050953
8367,11527.133457050953
8368,11527.133457050953
8369,11527.133457050953
8370,11527.133457050953
8371,11527.133457050953
8372,11527.133457050953
8373,11478.858605283063
8374,11445.880296234322
8375,11445.880296234322
8376,11445.880296234322
8377,11445.880296234322
8378,11445.880296234322
8379,11445.880296234322
8380,11445.880296234322
8381,11445.880296234322
8382,11445.880296234322
8383,11434.077309163678
8384,11434.077309163678
8385,11434.077309163678
8386,11434.077309163678
8387,11434.077309163678
8388,11434.077309163678
8389,11434.077309163678
8390,11434.077309163678
8391,11434.077309163678
8392,11434.077309163678
8393,11434.077309163678
8394,11434.077309163678
8395,11434.077309163678
8396,11434.077309163678
8397,11434.077309163678
8398,11434.077309163678
8399,11434.077309163678
8400,11434.077309163678
8401,11434.077309163678
8402,11434.077309163678
8403,11434.077309163678
8404,11434.077309163678
8405,11434.077309163678
8406,11434.077309163678
8407,11434.077309163678
8408,11434.077309163678
8409,11434.077309163678
8410,11434.077309163678
8411,11434.077309163678
8412,11434.077309163678
8413,11434.077309163678
8414,11434.077309163678
8415,11434.077309163678
8416,11434.077309163678
8417,11434.077309163678
8418,11434.077309163678
8419,11434.077309163678
8420,11434.077309163678
8421,11434.077309163678
8422,11434.077309163678
8423,11434.077309163678
8424,11434.077309163678
8425,11434.077309163678
8426,11434.077309163678
8427,11434.077309163678
8428,11434.077309163678
8429,11434.077309163678
8430,11434.077309163678
8431,11434.077309163678
8432,11434.077309163678
8433,11434.077309163678
8434,11434.077309163678
8435,11434.077309163678
8436,11434.077309163678
8437,11434.077309163678
8438,11434.077309163678
8439,11434.077309163678
8440,11434.077309163678
8441,11434.077309163678
8442,11434.077309163678
8443,11434.077309163678
8444,11434.077309163678
8445,11434.077309163678
8446,11434.077309163678
8447,11434.077309163678
8448,11434.077309163678
8449,11434.077309163678
8450,11434.077309163678
8451,11434.077309163678
8452,11434.077309163678
8453,11420.321957746864
8454,11420.321957746864
8455,11434.094439065062
8456,11420.58466981825
8457,11445.096502175902
8458,11404.386745739968
8459,11404.386745739968
8460,11404.386745739968
8461,11404.386745739968
8462,11404.386745739968
8463,11404.386745739968
8464,11404.386745739968
8465,11404.386745739968
8466,11404.386745739968
8467,11404.386745739968
8468,11404.386745739968
8469,11404.386745739968
8470,11404.386745739968
8471,11404.386745739968
8472,11404.386745739968
8473,11404.386745739968
8474,11404.386745739968
8475,11404.386745739968
8476,11404.386745739968
8477,11404.386745739968
8478,11404.386745739968
8479,11404.386745739968
8480,11404.386745739968
8481,11404.386745739968
8482,11404.386745739968
8483,11404.386745739968
8484,11404.386745739968
8485,11404.386745739968
8486,11404.386745739968
8487,11404.386745739968
8488,11404.386745739968
8489,11404.386745739968
8490,11404.386745739968
8491,11404.386745739968
8492,11404.386745739968
8493,11404.386745739968
8494,11404.386745739968
8495,11404.386745739968
8496,11404.386745739968
8497,11404.386745739968
8498,11404.386745739968
8499,11404.386745739968
8500,11404.386745739968
8501,11404.386745739968
8502,11404.386745739968
8503,11404.386745739968
8504,11404.386745739968
8505,11404.386745739968
8506,11404.386745739968
8507,11404.386745739968
8508,11404.386745739968
8509,11404.386745739968
8510,11404.386745739968
8511,11404.386745739968
8512,11404.386745739968
8513,11404.386745739968
8514,11404.386745739968
8515,11404.386745739968
8516,11404.386745739968
8517,11404.386745739968
8518,11404.386745739968
8519,11404.386745739968
8520,11404.386745739968
8521,11404.386745739968
8522,11404.386745739968
8523,11404.386745739968
8524,11404.386745739968
8525,11404.386745739968
8526,11404.386745739968
8527,11404.386745739968
8528,11404.386745739968
8529,11404.386745739968
8530,11404.386745739968
8531,11404.386745739968
8532,11404.386745739968
8533,11404.386745739968
8534,11404.386745739968
8535,11404.386745739968
8536,11404.386745739968
8537,11404.386745739968
8538,11404.386745739968
8539,11404.386745739968
8540,11404.386745739968
8541,11428.85179469592
8542,11472.959856508145
8543,11432.476149751363
8544,11386.700728054022
8545,11386.700728054022
8546,11386.700728054022
8547,11386.700728054022
8548,11386.700728054022
8549,11386.700728054022
8550,11386.700728054022
8551,11386.700728054022
8552,11386.700728054022
8553,11386.700728054022
8554,11386.700728054022
8555,11386.700728054022
8556,11386.700728054022
8557,11386.700728054022
8558,11386.700728054022
8559,11386.700728054022
8560,11386.700728054022
8561,11386.700728054022
8562,11386.700728054022
8563,11386.700728054022
8564,11386.700728054022
8565,11386.700728054022
8566,11386.700728054022
8567,11386.700728054022
8568,11386.700728054022
8569,11386.700728054022
8570,11386.700728054022
8571,11386.700728054022
8572,11386.700728054022
8573,11386.700728054022
8574,11386.700728054022
8575,11386.700728054022
8576,11386.700728054022
8577,11386.700728054022
8578,11386.700728054022
8579,11386.700728054022
8580,11386.700728054022
8581,11386.700728054022
8582,11386.700728054022
8583,11386.700728054022
8584,11386.700728054022
8585,11386.700728054022
8586,11386.700728054022
8587,11386.700728054022
8588,11386.700728054022
8589,11386.700728054022
8590,11386.700728054022
8591,11368.202951078405
8592,11368.202951078405
8593,11372.343765865298
8594,11372.343765865298
8595,11359.620211159994
8596,11394.802368433362
8597,11395.31362974505
8598,11386.935796189093
8599,11362.268755583946
8600,11362.268755583946
8601,11362.268755583946
8602,11362.268755583946
8603,11362.268755583946
8604,11362.268755583946
8605,11362.268755583946
8606,11362.268755583946
8607,11362.268755583946
8608,11362.268755583946
8609,11362.268755583946
8610,11362.268755583946
8611,11362.268755583946
8612,11362.268755583946
8613,11362.268755583946
8614,11362.268755583946
8615,11362.268755583946
8616,11362.268755583946
8617,11362.268755583946
8618,11362.268755583946
8619,11362.268755583946
8620,11362.268755583946
8621,11362.268755583946
8622,11362.268755583946
8623,11362.268755583946
8624,11362.268755583946
8625,11362.268755583946
8626,11362.268755583946
8627,11362.268755583946
8628,11362.268755583946
8629,11362.268755583946
8630,11362.268755583946
8631,11362.268755583946
8632,11362.268755583946
8633,11362.268755583946
8634,11362.268755583946
8635,11362.268755583946
8636,11362.268755583946
8637,11362.268755583946
8638,11362.268755583946
8639,11362.268755583946
8640,11362.268755583946
8641,11362.268755583946
8642,11362.268755583946
8643,11362.268755583946
8644,11362.268755583946
8645,11362.268755583946
8646,11362.268755583946
8647,11362.268755583946
8648,11362.268755583946
8649,11362.268755583946
8650,11362.268755583946
8651,11362.268755583946
8652,11362.268755583946
8653,11362.268755583946
8654,11362.268755583946
8655,11362.268755583946
8656,11362.268755583946
8657,11362.268755583946
8658,11362.268755583946
8659,11362.268755583946
8660,11362.268755583946
8661,11362.268755583946
8662,11362.268755583946
8663,11362.268755583946
8664,11362.268755583946
8665,11362.268755583946
8666,11362.268755583946
8667,11362.268755583946
8668,11362.268755583946
8669,11362.268755583946
8670,11362.268755583946
8671,11362.268755583946
8672,11362.268755583946
8673,11362.268755583946
8674,11362.268755583946
8675,11362.268755583946
8676,11362.268755583946
8677,11362.268755583946
8678,11362.268755583946
8679,11362.268755583946
8680,11362.268755583946
8681,11362.268755583946
8682,11362.268755583946
8683,11362.268755583946
8684,11362.268755583946
8685,11362.268755583946
8686,11362.268755583946
8687,11362.268755583946
8688,11362.268755583946
8689,11362.268755583946
8690,11362.268755583946
8691,11362.268755583946
8692,11362.268755583946
8693,11362.268755583946
8694,11362.268755583946
8695,11362.268755583946
8696,11362.268755583946
8697,11362.268755583946
8698,11362.268755583946
8699,11362.268755583946
8700,11362.268755583946
8701,11362.268755583946
8702,11362.268755583946
8703,11362.268755583946
8704,11362.268755583946
8705,11362.268755583946
8706,11362.268755583946
8707,11362.268755583946
8708,11362.268755583946
8709,11362.268755583946
8710,11362.268755583946
8711,11362.268755583946
8712,11362.268755583946
8713,11362.268755583946
8714,11362.268755583946
8715,11362.268755583946
8716,11362.268755583946
8717,11347.790660421086
8718,11319.94360282825
8719,11319.94360282825
8720,11319.94360282825
8721,11319.94360282825
8722,11319.94360282825
8723,11319.94360282825
8724,11319.94360282825
8725,11319.94360282825
8726,11319.94360282825
8727,11319.94360282825
8728,11319.94360282825
8729,11319.94360282825
8730,11319.94360282825
8731,11319.94360282825
8732,11319.94360282825
8733,11319.94360282825
8734,11319.94360282825
8735,11319.94360282825
8736,11319.94360282825
8737,11319.94360282825
8738,11319.94360282825
8739,11319.94360282825
8740,11319.94360282825
8741,11319.94360282825
8742,11319.94360282825
8743,11319.94360282825
8744,11319.94360282825
8745,11319.94360282825
8746,11319.94360282825
8747,11319.94360282825
8748,11319.94360282825
8749,11319.94360282825
8750,11319.94360282825
8751,11319.94360282825
8752,11319.94360282825
8753,11319.94360282825
8754,11319.94360282825
8755,11319.94360282825
8756,11319.94360282825
8757,11319.94360282825
8758,11319.94360282825
8759,11319.94360282825
8760,11319.94360282825
8761,11319.94360282825
8762,11319.94360282825
8763,11319.94360282825
8764,11319.94360282825
8765,11319.94360282825
8766,11319.94360282825
8767,11319.94360282825
8768,11319.94360282825
8769,11319.94360282825
8770,11319.94360282825
8771,11319.94360282825
8772,11319.94360282825
8773,11319.94360282825
8774,11319.94360282825
8775,11319.94360282825
8776,11319.94360282825
8777,11319.94360282825
8778,11319.94360282825
8779,11319.94360282825
8780,11319.94360282825
8781,11319.94360282825
8782,11319.94360282825
8783,11319.94360282825
8784,11319.94360282825
8785,11319.94360282825
8786,11319.94360282825
8787,11319.94360282825
8788,11319.94360282825
8789,11319.94360282825
8790,11319.94360282825
8791,11319.94360282825
8792,11319.94360282825
8793,11319.94360282825
8794,11319.94360282825
8795,11319.94360282825
8796,11319.94360282825
8797,11319.94360282825
8798,11319.94360282825
8799,11319.94360282825
8800,11319.94360282825
8801,11319.94360282825
8802,11319.94360282825
8803,11319.94360282825
8804,11319.94360282825
8805,11319.94360282825
8806,11319.94360282825
8807,11319.94360282825
8808,11319.94360282825
8809,11319.94360282825
8810,11319.94360282825
8811,11319.94360282825
8812,11319.94360282825
8813,11319.94360282825
8814,11319.94360282825
8815,11319.94360282825
8816,11319.94360282825
8817,11319.94360282825
8818,11319.94360282825
8819,11319.94360282825
8820,11319.94360282825
8821,11319.94360282825
8822,11319.94360282825
8823,11319.94360282825
8824,11319.94360282825
8825,11319.94360282825
8826,11319.94360282825
8827,11319.94360282825
8828,11319.94360282825
8829,11319.94360282825
8830,11319.94360282825
8831,11319.94360282825
8832,11319.94360282825
8833,11319.94360282825
8834,11319.94360282825
8835,11319.94360282825
8836,11319.94360282825
8837,11319.94360282825
8838,11319.94360282825
8839,11319.94360282825
8840,11319.94360282825
8841,11319.94360282825
8842,11319.94360282825
8843,11319.94360282825
8844,11319.94360282825
8845,11319.94360282825
8846,11319.94360282825
8847,11319.94360282825
8848,11319.94360282825
8849,11319.94360282825
8850,11319.94360282825
8851,11319.94360282825
8852,11319.94360282825
8853,11319.94360282825
8854,11319.94360282825
8855,11319.94360282825
8856,11319.94360282825
8857,11319.94360282825
8858,11309.330342598412
8859,11309.330342598412
8860,11323.410614388398
8861,11323.410614388398
8862,11306.016730575462
8863,11340.615967612122
8864,11401.506182706044
8865,11267.46093377616
8866,11267.46093377616
8867,11267.46093377616
8868,11267.46093377616
8869,11267.46093377616
8870,11267.46093377616
8871,11267.46093377616
8872,11267.46093377616
8873,11267.46093377616
8874,11267.46093377616
8875,11267.46093377616
8876,11267.46093377616
8877,11267.46093377616
8878,11267.46093377616
8879,11267.46093377616
8880,11267.46093377616
8881,11267.46093377616
8882,11267.46093377616
8883,11267.46093377616
8884,11267.46093377616
8885,11267.46093377616
8886,11267.46093377616
8887,11267.46093377616
8888,11267.46093377616
8889,11267.46093377616
8890,11267.46093377616
8891,11267.46093377616
8892,11267.46093377616
8893,11267.46093377616
8894,11267.46093377616
8895,11267.46093377616
8896,11267.46093377616
8897,11267.46093377616
8898,11267.46093377616
8899,11267.46093377616
8900,11267.46093377616
8901,11267.46093377616
8902,11267.46093377616
8903,11267.46093377616
8904,11267.46093377616
8905,11267.46093377616
8906,11267.46093377616
8907,11267.46093377616
8908,11267.46093377616
8909,11267.46093377616
8910,11267.46093377616
8911,11267.46093377616
8912,11267.46093377616
8913,11267.46093377616
8914,11267.46093377616
8915,11267.46093377616
8916,11267.46093377616
8917,11267.46093377616
8918,11267.46093377616
8919,11267.46093377616
8920,11267.46093377616
8921,11267.46093377616
8922,11267.46093377616
8923,11267.46093377616
8924,11267.46093377616
8925,11267.46093377616
8926,11267.46093377616
8927,11267.46093377616
8928,11267.46093377616
8929,11267.46093377616
8930,11267.46093377616
8931,11267.46093377616
8932,11267.46093377616
8933,11267.46093377616
8934,11267.46093377616
8935,11267.46093377616
8936,11267.46093377616
8937,11267.46093377616
8938,11267.46093377616
8939,11267.46093377616
8940,11267.46093377616
8941,11267.46093377616
8942,11267.46093377616
8943,11267.46093377616
8944,11267.46093377616
8945,11267.46093377616
8946,11267.46093377616
8947,11267.46093377616
8948,11267.46093377616
8949,11250.36516248122
8950,11238.648024356224
8951,11171.107519895568
8952,11171.107519895568
8953,11171.107519895568
8954,11171.107519895568
8955,11171.107519895568
8956,11171.107519895568
8957,11171.107519895568
8958,11171.107519895568
8959,11171.107519895568
8960,11171.107519895568
8961,11171.107519895568
8962,11171.107519895568
8963,11171.107519895568
8964,11171.107519895568
8965,11106.0138861641
8966,11179.238857286207
8967,11187.537162590414
8968,11142.959114924332
8969,11124.952818074245
8970,11124.952818074245
8971,11124.952818074245
8972,11124.952818074245
8973,11124.952818074245
8974,11124.952818074245
8975,11124.952818074245
8976,11124.952818074245
8977,11124.952818074245
8978,11124.952818074245
8979,11124.952818074245
8980,11124.952818074245
8981,11124.952818074245
8982,11124.952818074245
8983,11124.952818074245
8984,11124.952818074245
8985,11124.952818074245
8986,11124.952818074245
8987,11124.952818074245
8988,11124.952818074245
8989,11124.952818074245
8990,11124.952818074245
8991,11124.952818074245
8992,11124.952818074245
8993,11124.952818074245
8994,11124.952818074245
8995,11124.952818074245
8996,11124.952818074245
8997,11124.952818074245
8998,11124.952818074245
8999,11124.952818074245
9000,11124.952818074245
9001,11124.952818074245
9002,11124.952818074245
9003,11124.952818074245
9004,11124.952818074245
9005,11124.952818074245
9006,11124.952818074245
9007,11124.952818074245
9008,11124.952818074245
9009,11124.952818074245
9010,11124.952818074245
9011,11124.952818074245
9012,11124.952818074245
9013,11124.952818074245
9014,11124.952818074245
9015,11124.952818074245
9016,11124.952818074245
9017,11124.952818074245
9018,11124.952818074245
9019,11124.952818074245
9020,11124.952818074245
9021,11124.952818074245
9022,11110.368097691258
9023,11110.368097691258
9024,11110.368097691258
9025,11110.368097691258
9026,11110.368097691258
9027,11110.368097691258
9028,11110.368097691258
9029,11110.368097691258
9030,11110.368097691258
9031,11110.368097691258
9032,11110.368097691258
9033,11110.368097691258
9034,11110.368097691258
9035,11110.368097691258
9036,11110.368097691258
9037,11110.368097691258
9038,11110.368097691258
9039,11110.368097691258
9040,11110.368097691258
9041,11110.368097691258
9042,11110.368097691258
9043,11110.368097691258
9044,11110.368097691258
9045,11110.368097691258
9046,11110.368097691258
9047,11110.368097691258
9048,11110.368097691258
9049,11110.368097691258
9050,11110.368097691258
9051,11110.368097691258
9052,11110.368097691258
9053,11110.368097691258
9054,11110.368097691258
9055,11110.368097691258
9056,11110.368097691258
9057,11110.368097691258
9058,11110.368097691258
9059,11110.368097691258
9060,11110.368097691258
9061,11110.368097691258
9062,11110.368097691258
9063,11110.368097691258
9064,11110.368097691258
9065,11110.368097691258
9066,11110.368097691258
9067,11110.368097691258
9068,11110.368097691258
9069,11110.368097691258
9070,11110.368097691258
9071,11110.368097691258
9072,11110.368097691258
9073,11110.368097691258
9074,11110.368097691258
9075,11110.368097691258
9076,11110.368097691258
9077,11110.368097691258
9078,11110.368097691258
9079,11110.368097691258
9080,11110.368097691258
9081,11110.368097691258
9082,11110.368097691258
9083,11110.368097691258
9084,11110.368097691258
9085,11110.368097691258
9086,11110.368097691258
9087,11110.368097691258
9088,11110.368097691258
9089,11110.368097691258
9090,11110.368097691258
9091,11110.368097691258
9092,11110.368097691258
9093,11110.368097691258
9094,11110.368097691258
9095,11110.368097691258
9096,11110.368097691258
9097,11110.368097691258
9098,11153.93727464816
9099,11160.692632691998
9100,11199.495325443415
9101,11176.239389586526
9102,11192.926014886432
9103,11183.92760545178
9104,11202.385612457518
9105,11153.745986387028
9106,11153.745986387028
9107,11153.745986387028
9108,11153.745986387028
9109,11153.745986387028
9110,11153.745986387028
9111,11153.745986387028
9112,11153.745986387028
9113,11153.745986387028
9114,11153.745986387028
9115,11153.745986387028
9116,11153.745986387028
9117,11153.745986387028
9118,11153.745986387028
9119,11153.745986387028
9120,11153.745986387028
9121,11153.745986387028
9122,11153.745986387028
9123,11153.745986387028
9124,11153.745986387028
9125,11153.745986387028
9126,11153.745986387028
9127,11153.745986387028
9128,11153.745986387028
9129,11153.745986387028
9130,11153.745986387028
9131,11153.745986387028
9132,11153.745986387028
9133,11153.745986387028
9134,11153.745986387028
9135,11153.745986387028
9136,11153.745986387028
9137,11153.745986387028
9138,11153.745986387028
9139,11153.745986387028
9140,11153.745986387028
9141,11153.745986387028
9142,11153.745986387028
9143,11153.745986387028
9144,11153.745986387028
9145,11153.745986387028
9146,11153.745986387028
9147,11153.745986387028
9148,11153.745986387028
9149,11153.745986387028
9150,11153.745986387028
9151,11153.745986387028
9152,11153.745986387028
9153,11153.745986387028
9154,11153.745986387028
9155,11153.745986387028
9156,11153.745986387028
9157,11153.745986387028
9158,11153.745986387028
9159,11153.745986387028
9160,11153.745986387028
9161,11153.745986387028
9162,11153.745986387028
9163,11153.745986387028
9164,11153.745986387028
9165,11153.745986387028
9166,11153.745986387028
9167,11153.745986387028
9168,11153.745986387028
9169,11153.745986387028
9170,11153.745986387028
9171,11153.745986387028
9172,11153.745986387028
9173,11153.745986387028
9174,11153.745986387028
9175,11153.745986387028
9176,11153.745986387028
9177,11076.459610473024
9178,11076.459610473024
9179,11047.521771708942
9180,11047.521771708942
9181,11047.521771708942
9182,11047.521771708942
9183,11047.521771708942
9184,11047.521771708942
9185,11047.521771708942
9186,11047.521771708942
9187,11047.521771708942
9188,11047.521771708942
9189,11047.521771708942
9190,11047.521771708942
9191,11047.521771708942
9192,11047.521771708942
9193,11047.521771708942
9194,11047.521771708942
9195,11047.521771708942
9196,11047.521771708942
9197,11047.521771708942
9198,11047.521771708942
9199,11047.521771708942
9200,11047.521771708942
9201,11047.521771708942
9202,11047.521771708942
9203,11047.521771708942
9204,11047.521771708942
9205,11047.521771708942
9206,11047.521771708942
9207,11047.521771708942
9208,11047.521771708942
9209,11047.521771708942
9210,11047.521771708942
9211,11047.521771708942
9212,11047.521771708942
9213,11047.521771708942
9214,11047.521771708942
9215,11047.521771708942
9216,11047.521771708942
9217,11047.521771708942
9218,11047.521771708942
9219,11047.521771708942
9220,11047.521771708942
9221,11047.521771708942
9222,11047.521771708942
9223,11047.521771708942
9224,11047.521771708942
9225,11047.521771708942
9226,11047.521771708942
9227,11047.521771708942
9228,11047.521771708942
9229,11047.521771708942
9230,11047.521771708942
9231,11047.521771708942
9232,11047.521771708942
9233,11047.521771708942
9234,11047.521771708942
9235,11047.521771708942
9236,11047.521771708942
9237,11047.521771708942
9238,11047.521771708942
9239,11047.521771708942
9240,11047.521771708942
9241,11047.521771708942
9242,11047.521771708942
9243,11047.521771708942
9244,11047.521771708942
9245,11047.521771708942
9246,11047.521771708942
9247,11047.521771708942
9248,11047.521771708942
9249,11047.521771708942
9250,11047.521771708942
9251,11047.521771708942
9252,11047.521771708942
9253,11047.521771708942
9254,11047.521771708942
9255,11047.521771708942
9256,11047.521771708942
9257,11047.521771708942
9258,11047.521771708942
9259,11047.521771708942
9260,11047.521771708942
9261,11047.521771708942
9262,11047.521771708942
9263,11047.521771708942
9264,11047.521771708942
9265,11047.521771708942
9266,11047.521771708942
9267,11047.521771708942
9268,11047.521771708942
9269,11047.521771708942
9270,11047.521771708942
9271,11047.521771708942
9272,11047.521771708942
9273,11047.521771708942
9274,11047.521771708942
9275,11047.521771708942
9276,11047.521771708942
9277,11047.521771708942
9278,11047.521771708942
9279,11047.521771708942
9280,11047.521771708942
9281,11047.521771708942
9282,11047.521771708942
9283,11047.521771708942
9284,11047.521771708942
9285,11047.521771708942
9286,11047.521771708942
9287,11047.521771708942
9288,11047.521771708942
9289,11047.521771708942
9290,11047.521771708942
9291,11047.521771708942
9292,11047.521771708942
9293,11047.521771708942
9294,11047.521771708942
9295,11047.521771708942
9296,11047.521771708942
9297,11047.521771708942
9298,11047.521771708942
9299,11047.521771708942
9300,11047.521771708942
9301,11047.521771708942
9302,11047.521771708942
9303,11076.712996592403
9304,11102.440951335724
9305,11016.11281403435
9306,11031.76093371558
9307,11039.366601826448
9308,11053.087238370283
9309,11122.115932717745
9310,11242.975324939665
9311,11322.419191327792
9312,11207.009729497284
9313,11205.183692840801
9314,11163.0580416406
9315,11163.0580416406
9316,11163.0580416406
9317,11163.0580416406
9318,11163.0580416406
9319,11163.0580416406
9320,11163.0580416406
9321,11254.429604554249
9322,11214.524097330157
9323,11164.410723427272
9324,11164.410723427272
9325,11164.410723427272
9326,11164.410723427272
9327,11164.410723427272
9328,11164.410723427272
9329,11164.410723427272
9330,11164.410723427272
9331,11091.861639032622
9332,11091.861639032622
9333,11091.861639032622
9334,11091.861639032622
9335,11091.861639032622
9336,11091.861639032622
9337,11091.861639032622
9338,11091.861639032622
9339,11091.861639032622
9340,11091.861639032622
9341,11091.861639032622
9342,11091.861639032622
9343,11091.861639032622
9344,11091.861639032622
9345,11091.861639032622
9346,11091.861639032622
9347,11091.861639032622
9348,11091.861639032622
9349,11091.861639032622
9350,11091.861639032622
9351,11091.861639032622
9352,11091.861639032622
9353,11091.861639032622
9354,11091.861639032622
9355,11091.861639032622
9356,11091.861639032622
9357,11091.861639032622
9358,11091.861639032622
9359,11091.861639032622
9360,11091.861639032622
9361,11091.861639032622
9362,11091.861639032622
9363,11091.861639032622
9364,11091.861639032622
9365,11091.861639032622
9366,11091.861639032622
9367,11091.861639032622
9368,11091.861639032622
9369,11091.861639032622
9370,11091.861639032622
9371,11091.861639032622
9372,11091.861639032622
9373,11091.861639032622
9374,11091.861639032622
9375,11091.861639032622
9376,11091.861639032622
9377,11091.861639032622
9378,11091.861639032622
9379,11091.861639032622
9380,11091.861639032622
9381,11091.861639032622
9382,11091.861639032622
9383,11091.861639032622
9384,11091.861639032622
9385,11091.861639032622
9386,11091.861639032622
9387,11091.861639032622
9388,11091.861639032622
9389,11091.861639032622
9390,11091.861639032622
9391,11091.861639032622
9392,11091.861639032622
9393,11091.861639032622
9394,11091.861639032622
9395,11091.861639032622
9396,11091.861639032622
9397,11091.861639032622
9398,11091.861639032622
9399,11091.861639032622
9400,11091.861639032622
9401,11091.861639032622
9402,11091.861639032622
9403,11091.861639032622
9404,11091.861639032622
9405,11091.861639032622
9406,11091.861639032622
9407,11091.861639032622
9408,11091.861639032622
9409,11092.44653054898
9410,11126.594183447674
9411,11255.294028864562
9412,11213.698230394957
9413,11174.397209000786
9414,11167.955498381445
9415,11194.902662477412
9416,11217.015250300785
9417,11223.599231829512
9418,11189.865218426623
9419,11189.865218426623
9420,11189.865218426623
9421,11189.865218426623
9422,11189.865218426623
9423,11189.865218426623
9424,11189.865218426623
9425,11189.865218426623
9426,11189.865218426623
9427,11189.865218426623
9428,11189.865218426623
9429,11189.865218426623
9430,11189.865218426623
9431,11189.865218426623
9432,11189.865218426623
9433,11189.865218426623
9434,11189.865218426623
9435,11189.865218426623
9436,11189.865218426623
9437,11189.865218426623
9438,11189.865218426623
9439,11189.865218426623
9440,11189.865218426623
9441,11189.865218426623
9442,11189.865218426623
9443,11189.865218426623
9444,11189.865218426623
9445,11189.865218426623
9446,11189.865218426623
9447,11189.865218426623
9448,11189.865218426623
9449,11189.865218426623
9450,11189.865218426623
9451,11189.865218426623
9452,11189.865218426623
9453,11189.865218426623
9454,11189.865218426623
9455,11189.865218426623
9456,11189.865218426623
9457,11189.865218426623
9458,11189.865218426623
9459,11189.865218426623
9460,11189.865218426623
9461,11189.865218426623
9462,11189.865218426623
9463,11189.865218426623
9464,11189.865218426623
9465,11189.865218426623
9466,11189.865218426623
9467,11189.865218426623
9468,11189.865218426623
9469,11189.865218426623
9470,11189.865218426623
9471,11189.865218426623
9472,11189.865218426623
9473,11189.865218426623
9474,11189.865218426623
9475,11189.865218426623
9476,11189.865218426623
9477,11189.865218426623
9478,11189.865218426623
9479,11189.865218426623
9480,11189.865218426623
9481,11189.865218426623
9482,11202.14763700348
9483,11202.14763700348
9484,11206.674111237335
9485,11205.612892911771
9486,11224.928630886656
9487,11206.155235446704
9488,11119.586415724229
9489,11119.586415724229
9490,11119.586415724229
9491,11113.023854259798
9492,11113.023854259798
9493,11113.023854259798
9494,11113.023854259798
9495,11113.023854259798
9496,11113.023854259798
9497,11113.023854259798
9498,11113.023854259798
9499,11113.023854259798
9500,11113.023854259798
9501,11113.023854259798
9502,11113.023854259798
9503,11113.023854259798
9504,11113.023854259798
9505,11113.023854259798
9506,11113.023854259798
9507,11113.023854259798
9508,11113.023854259798
9509,11113.023854259798
9510,11113.023854259798
9511,11113.023854259798
9512,11113.023854259798
9513,11113.023854259798
9514,11113.023854259798
9515,11113.023854259798
9516,11113.023854259798
9517,11113.023854259798
9518,11113.023854259798
9519,11113.023854259798
9520,11113.023854259798
9521,11113.023854259798
9522,11113.023854259798
9523,11113.023854259798
9524,11113.023854259798
9525,11113.023854259798
9526,11113.023854259798
9527,11113.023854259798
9528,11113.023854259798
9529,11113.023854259798
9530,11113.023854259798
9531,11113.023854259798
9532,11113.023854259798
9533,11113.023854259798
9534,11113.023854259798
9535,11113.023854259798
9536,11113.023854259798
9537,11113.023854259798
9538,11113.023854259798
9539,11113.023854259798
9540,11113.023854259798
9541,11113.023854259798
9542,11113.023854259798
9543,11113.023854259798
9544,11113.023854259798
9545,11113.023854259798
9546,11113.023854259798
9547,11113.023854259798
9548,11113.023854259798
9549,11113.023854259798
9550,11113.023854259798
9551,11113.023854259798
9552,11113.023854259798
9553,11113.023854259798
9554,11113.023854259798
9555,11113.023854259798
9556,11113.023854259798
9557,11113.023854259798
9558,11113.023854259798
9559,11113.023854259798
9560,11113.023854259798
9561,11113.023854259798
9562,11113.023854259798
9563,11113.023854259798
9564,11113.023854259798
9565,11113.023854259798
9566,11113.023854259798
9567,11113.023854259798
9568,11113.023854259798
9569,11071.980482107649
9570,11071.980482107649
9571,11071.980482107649
9572,11066.80509163287
9573,11066.80509163287
9574,11066.80509163287
9575,11066.80509163287
9576,11066.80509163287
9577,11066.80509163287
9578,11066.80509163287
9579,11066.80509163287
9580,11066.80509163287
9581,11066.80509163287
9582,11066.80509163287
9583,11066.80509163287
9584,11066.80509163287
9585,11066.80509163287
9586,11066.80509163287
9587,11066.80509163287
9588,11066.80509163287
9589,11035.526526918798
9590,11035.526526918798
9591,11027.804291619344
9592,11027.804291619344
9593,11027.804291619344
9594,11027.804291619344
9595,11027.804291619344
9596,11027.804291619344
9597,11027.804291619344
9598,11027.804291619344
9599,10970.333065427125
9600,10970.333065427125
9601,10949.024195301046
9602,10949.024195301046
9603,10956.923593140033
9604,10964.128397593438
9605,10974.913818134144
9606,11039.64684598017
9607,11029.81745249785
9608,11030.85806103861
9609,11057.962581527674
9610,11070.967625211977
9611,11086.674150181905
9612,11135.96464980603
9613,11071.275194238802
9614,10929.985672540502
9615,10929.985672540502
9616,10929.985672540502
9617,10929.985672540502
9618,10929.985672540502
9619,10929.985672540502
9620,10929.985672540502
9621,10929.985672540502
9622,10929.985672540502
9623,10929.985672540502
9624,10929.985672540502
9625,10929.985672540502
9626,10929.985672540502
9627,10929.985672540502
9628,10929.985672540502
9629,10929.985672540502
9630,10929.985672540502
9631,10929.985672540502
9632,10929.985672540502
9633,10929.985672540502
9634,10929.985672540502
9635,10929.985672540502
9636,10929.985672540502
9637,10929.985672540502
9638,10929.985672540502
9639,10929.985672540502
9640,10929.985672540502
9641,10929.985672540502
9642,10929.985672540502
9643,10929.985672540502
9644,10929.985672540502
9645,10929.985672540502
9646,10929.985672540502
9647,10929.985672540502
9648,10929.985672540502
9649,10929.985672540502
9650,10929.985672540502
9651,10929.985672540502
9652,10955.430900427775
9653,10955.430900427775
9654,10955.430900427775
9655,10955.430900427775
9656,10955.430900427775
9657,10955.430900427775
9658,10955.430900427775
9659,10955.430900427775
9660,10955.430900427775
9661,10955.430900427775
9662,10955.430900427775
9663,10955.430900427775
9664,10955.430900427775
9665,10955.430900427775
9666,10955.430900427775
9667,10955.430900427775
9668,10955.430900427775
9669,10955.430900427775
9670,10955.430900427775
9671,10955.430900427775
9672,10955.430900427775
9673,10955.430900427775
9674,10955.430900427775
9675,10955.430900427775
9676,10955.430900427775
9677,10955.430900427775
9678,10955.430900427775
9679,10955.430900427775
9680,10955.430900427775
9681,10955.430900427775
9682,10955.430900427775
9683,10955.430900427775
9684,10955.430900427775
9685,10955.430900427775
9686,10955.430900427775
9687,10955.430900427775
9688,10955.430900427775
9689,10955.430900427775
9690,10955.430900427775
9691,10955.430900427775
9692,10955.430900427775
9693,10955.430900427775
9694,10955.430900427775
9695,10955.430900427775
9696,10955.430900427775
9697,10955.430900427775
9698,10955.430900427775
9699,10955.430900427775
9700,10955.430900427775
9701,10955.430900427775
9702,10955.430900427775
9703,10955.430900427775
9704,10955.430900427775
9705,10955.430900427775
9706,10955.430900427775
9707,10955.430900427775
9708,10955.430900427775
9709,10955.430900427775
9710,10955.430900427775
9711,10955.430900427775
9712,10955.430900427775
9713,10955.430900427775
9714,10955.430900427775
9715,10955.430900427775
9716,10955.430900427775
9717,10955.430900427775
9718,10955.430900427775
9719,10955.430900427775
9720,10955.430900427775
9721,10955.430900427775
9722,10955.430900427775
9723,10955.430900427775
9724,10955.430900427775
9725,10955.430900427775
9726,10955.430900427775
9727,10955.430900427775
9728,10955.430900427775
9729,10955.430900427775
9730,10955.430900427775
9731,10955.430900427775
9732,10955.430900427775
9733,10955.430900427775
9734,10955.430900427775
9735,10955.430900427775
9736,10955.430900427775
9737,10955.430900427775
9738,10955.430900427775
9739,10955.430900427775
9740,10955.430900427775
9741,10928.984740418062
9742,10911.889456305673
9743,10907.6253472088
9744,10883.436925563346
9745,10883.436925563346
9746,10883.436925563346
9747,10883.436925563346
9748,10883.436925563346
9749,10883.436925563346
9750,10883.436925563346
9751,10883.436925563346
9752,10883.436925563346
9753,10883.436925563346
9754,10883.436925563346
9755,10883.436925563346
9756,10883.436925563346
9757,10883.436925563346
9758,10883.436925563346
9759,10883.436925563346
9760,10883.436925563346
9761,10883.436925563346
9762,10883.436925563346
9763,10883.436925563346
9764,10883.436925563346
9765,10883.436925563346
9766,10883.436925563346
9767,10883.436925563346
9768,10883.436925563346
9769,10883.436925563346
9770,10883.436925563346
9771,10883.436925563346
9772,10883.436925563346
9773,10883.436925563346
9774,10883.436925563346
9775,10883.436925563346
9776,10883.436925563346
9777,10883.436925563346
9778,10883.436925563346
9779,10883.436925563346
9780,10883.436925563346
9781,10883.436925563346
9782,10883.436925563346
9783,10883.436925563346
9784,10883.436925563346
9785,10883.436925563346
9786,10883.436925563346
9787,10883.436925563346
9788,10883.436925563346
9789,10883.436925563346
9790,10860.845913850664
9791,10900.973625400024
9792,10909.559210704681
9793,10867.438494558497
9794,10867.438494558497
9795,10867.438494558497
9796,10899.568811891293
9797,10888.680131759535
9798,10884.997580138972
9799,10884.997580138972
9800,10903.895062428717
9801,10829.204289420511
9802,10829.204289420511
9803,10829.204289420511
9804,10829.204289420511
9805,10829.204289420511
9806,10829.204289420511
9807,10829.204289420511
9808,10829.204289420511
9809,10829.204289420511
9810,10829.204289420511
9811,10829.204289420511
9812,10829.204289420511
9813,10829.204289420511
9814,10829.204289420511
9815,10829.204289420511
9816,10829.204289420511
9817,10829.204289420511
9818,10829.204289420511
9819,10829.204289420511
9820,10829.204289420511
9821,10850.797533532155
9822,10894.757863465864
9823,11095.665971035098
9824,11269.037118078479
9825,11214.146820483482
9826,11269.915887478448
9827,11274.37094229719
9828,11320.388292144751
9829,11347.153596953718
9830,11277.540632918965
9831,11275.649748513559
9832,11275.649748513559
9833,11275.649748513559
9834,11275.649748513559
9835,11275.649748513559
9836,11275.649748513559
9837,11275.649748513559
9838,11275.649748513559
9839,11275.649748513559
9840,11275.649748513559
9841,11275.649748513559
9842,11275.649748513559
9843,11275.649748513559
9844,11275.649748513559
9845,11275.649748513559
9846,11232.718343137205
9847,11232.718343137205
9848,11282.89290122045
9849,11309.001061002453
9850,11318.36634406567
9851,11318.78594335303
9852,11294.083657471972
9853,11381.373286540154
9854,11235.793962655887
9855,11235.793962655887
9856,11235.793962655887
9857,11235.793962655887
9858,11235.793962655887
9859,11235.793962655887
9860,11235.793962655887
9861,11235.793962655887
9862,11235.793962655887
9863,11235.793962655887
9864,11235.793962655887
9865,11235.793962655887
9866,11235.793962655887
9867,11235.793962655887
9868,11235.793962655887
9869,11235.793962655887
9870,11235.793962655887
9871,11235.793962655887
9872,11235.793962655887
9873,11235.793962655887
9874,11235.793962655887
9875,11235.793962655887
9876,11235.793962655887
9877,11235.793962655887
9878,11235.793962655887
9879,11235.793962655887
9880,11235.793962655887
9881,11235.793962655887
9882,11235.793962655887
9883,11235.793962655887
9884,11235.793962655887
9885,11234.896949536444
9886,11266.508556456576
9887,11240.503821902312
9888,11233.485504796694
9889,11225.816582994805
9890,11225.816582994805
9891,11225.816582994805
9892,11225.816582994805
9893,11225.816582994805
9894,11225.816582994805
9895,11225.816582994805
9896,11225.816582994805
9897,11225.816582994805
9898,11225.816582994805
9899,11225.816582994805
9900,11225.816582994805
9901,11225.816582994805
9902,11225.816582994805
9903,11225.816582994805
9904,11225.816582994805
9905,11225.816582994805
9906,11225.816582994805
9907,11225.816582994805
9908,11225.816582994805
9909,11205.600760429134
9910,11190.893419047074
9911,11198.32835175399
9912,11166.664336390113
9913,11166.664336390113
9914,11166.664336390113
9915,11166.664336390113
9916,11166.664336390113
9917,11166.664336390113
9918,11166.664336390113
9919,11166.664336390113
9920,11166.664336390113
9921,11166.664336390113
9922,11166.664336390113
9923,11166.664336390113
9924,11166.664336390113
9925,11166.664336390113
9926,11166.664336390113
9927,11166.664336390113
9928,11166.664336390113
9929,11166.664336390113
9930,11166.664336390113
9931,11166.664336390113
9932,11166.664336390113
9933,11166.664336390113
9934,11166.664336390113
9935,11166.664336390113
9936,11166.664336390113
9937,11166.664336390113
9938,11166.664336390113
9939,11166.664336390113
9940,11166.664336390113
9941,11166.664336390113
9942,11166.664336390113
9943,11166.664336390113
9944,11166.664336390113
9945,11166.664336390113
9946,11166.664336390113
9947,11166.664336390113
9948,11166.664336390113
9949,11166.664336390113
9950,11166.664336390113
9951,11166.664336390113
9952,11166.664336390113
9953,11166.664336390113
9954,11166.664336390113
9955,11166.664336390113
9956,11166.664336390113
9957,11166.664336390113
9958,11166.664336390113
9959,11166.664336390113
9960,11166.664336390113
9961,11166.664336390113
9962,11166.664336390113
9963,11166.664336390113
9964,11166.664336390113
9965,11175.04539563687
9966,11151.644686579833
9967,11138.204014563991
9968,11134.876114498607
9969,11134.876114498607
9970,11134.876114498607
9971,11134.876114498607
9972,11134.876114498607
9973,11134.876114498607
9974,11134.876114498607
9975,11134.876114498607
9976,11134.876114498607
9977,11134.876114498607
9978,11134.876114498607
9979,11134.876114498607
9980,11134.876114498607
9981,11134.876114498607
9982,11134.876114498607
9983,11134.876114498607
9984,11134.876114498607
9985,11134.876114498607
9986,11134.876114498607
9987,11134.876114498607
9988,11134.876114498607
9989,11134.876114498607
9990,11134.876114498607
9991,11134.876114498607
9992,11134.876114498607
9993,11134.876114498607
9994,11134.876114498607
9995,11134.876114498607
9996,11134.876114498607
9997,11134.876114498607
9998,11134.876114498607
9999,11134.876114498607
10000,11134.876114498607
10001,11134.876114498607
10002,11134.876114498607
10003,11134.876114498607
10004,11134.876114498607
10005,11134.876114498607
10006,11134.876114498607
10007,11134.876114498607
10008,11134.876114498607
10009,11134.876114498607
10010,11134.876114498607
10011,11134.876114498607
10012,11134.876114498607
10013,11134.876114498607
10014,11134.876114498607
10015,11134.876114498607
10016,11134.876114498607
10017,11134.876114498607
10018,11134.876114498607
10019,11134.876114498607
10020,11134.876114498607
10021,11134.876114498607
10022,11134.876114498607
10023,11134.876114498607
10024,11134.876114498607
10025,11134.876114498607
10026,11134.876114498607
10027,11134.876114498607
10028,11134.876114498607
10029,11134.876114498607
10030,11134.876114498607
10031,11134.876114498607
10032,11134.876114498607
10033,11134.876114498607
10034,11134.876114498607
10035,11134.876114498607
10036,11134.876114498607
10037,11134.876114498607
10038,11134.876114498607
10039,11134.876114498607
10040,11134.876114498607
10041,11134.876114498607
10042,11134.876114498607
10043,11134.876114498607
10044,11134.876114498607
10045,11134.876114498607
10046,11134.876114498607
10047,11134.876114498607
10048,11134.876114498607
10049,11134.876114498607
10050,11134.876114498607
10051,11134.876114498607
10052,11134.876114498607
10053,11134.876114498607
10054,11134.876114498607
10055,11134.876114498607
10056,11134.876114498607
10057,11134.876114498607
10058,11134.876114498607
10059,11134.876114498607
10060,11134.876114498607
10061,11134.876114498607
10062,11134.876114498607
10063,11134.876114498607
10064,11134.876114498607
10065,11134.876114498607
10066,11134.876114498607
10067,11134.876114498607
10068,11134.876114498607
10069,11134.876114498607
10070,11134.876114498607
10071,11134.876114498607
10072,11134.876114498607
10073,11134.876114498607
10074,11134.876114498607
10075,11134.876114498607
10076,11134.876114498607
10077,11134.876114498607
10078,11134.876114498607
10079,11134.876114498607
10080,11134.876114498607
10081,11134.876114498607
10082,11134.876114498607
10083,11134.876114498607
10084,11134.876114498607
10085,11134.876114498607
10086,11134.876114498607
10087,11134.876114498607
10088,11134.876114498607
10089,11134.876114498607
10090,11134.876114498607
10091,11134.876114498607
10092,11134.876114498607
10093,11134.876114498607
10094,11134.876114498607
10095,11134.876114498607
10096,11134.876114498607
10097,11134.876114498607
10098,11134.876114498607
10099,11134.876114498607
10100,11134.876114498607
10101,11134.876114498607
10102,11134.876114498607
10103,11134.876114498607
10104,11134.876114498607
10105,11134.876114498607
10106,11134.876114498607
10107,11134.876114498607
10108,11134.876114498607
10109,11134.876114498607
10110,11134.876114498607
10111,11134.876114498607
10112,11134.876114498607
10113,11134.876114498607
10114,11134.876114498607
10115,11134.876114498607
10116,11134.876114498607
10117,11134.876114498607
10118,11134.876114498607
10119,11134.876114498607
10120,11134.876114498607
10121,11134.876114498607
10122,11134.876114498607
10123,11134.876114498607
10124,11134.876114498607
10125,11134.876114498607
10126,11134.876114498607
10127,11134.876114498607
10128,11134.876114498607
10129,11134.876114498607
10130,11134.876114498607
10131,11134.876114498607
10132,11134.876114498607
10133,11134.876114498607
10134,11134.876114498607
10135,11134.876114498607
10136,11134.876114498607
10137,11117.629782697344
10138,11117.539312716404
10139,11168.509313282208
10140,11232.495190670996
10141,11205.755411087237
10142,11160.388649123533
10143,11218.279603231205
10144,11163.20698570367
10145,11163.20698570367
10146,11163.20698570367
10147,11163.20698570367
10148,11163.20698570367
10149,11163.20698570367
10150,11191.546228413265
10151,11187.229512082786
10152,11139.608282382454
10153,11139.608282382454
10154,11139.608282382454
10155,11139.608282382454
10156,11139.608282382454
10157,11139.608282382454
10158,11139.608282382454
10159,11139.608282382454
10160,11139.608282382454
10161,11139.608282382454
10162,11139.608282382454
10163,11139.608282382454
10164,11139.608282382454
10165,11139.608282382454
10166,11139.608282382454
10167,11139.608282382454
10168,11139.608282382454
10169,11139.608282382454
10170,11139.608282382454
10171,11139.608282382454
10172,11139.608282382454
10173,11139.608282382454
10174,11139.608282382454
10175,11139.608282382454
10176,11139.608282382454
10177,11139.608282382454
10178,11139.608282382454
10179,11139.608282382454
10180,11139.608282382454
10181,11139.608282382454
10182,11139.608282382454
10183,11139.608282382454
10184,11139.608282382454
10185,11139.608282382454
10186,11139.608282382454
10187,11139.608282382454
10188,11139.608282382454
10189,11139.608282382454
10190,11139.608282382454
10191,11139.608282382454
10192,11139.608282382454
10193,11139.608282382454
10194,11139.608282382454
10195,11139.608282382454
10196,11139.608282382454
10197,11139.608282382454
10198,11139.608282382454
10199,11139.608282382454
10200,11139.608282382454
10201,11139.608282382454
10202,11139.608282382454
10203,11139.608282382454
10204,11139.608282382454
10205,11139.608282382454
10206,11139.608282382454
10207,11139.608282382454
10208,11139.608282382454
10209,11139.608282382454
10210,11139.608282382454
10211,11139.608282382454
10212,11139.608282382454
10213,11139.608282382454
10214,11139.608282382454
10215,11139.608282382454
10216,11139.608282382454
10217,11139.608282382454
10218,11139.608282382454
10219,11139.608282382454
10220,11139.608282382454
10221,11139.608282382454
10222,11139.608282382454
10223,11139.608282382454
10224,11139.608282382454
10225,11139.608282382454
10226,11139.608282382454
10227,11139.608282382454
10228,11139.608282382454
10229,11139.608282382454
10230,11139.608282382454
10231,11139.608282382454
10232,11139.608282382454
10233,11139.608282382454
10234,11139.608282382454
10235,11139.608282382454
10236,11139.608282382454
10237,11139.608282382454
10238,11139.608282382454
10239,11139.608282382454
10240,11139.608282382454
10241,11139.608282382454
10242,11139.608282382454
10243,11139.608282382454
10244,11139.608282382454
10245,11139.608282382454
10246,11139.608282382454
10247,11139.608282382454
10248,11139.608282382454
10249,11139.608282382454
10250,11139.608282382454
10251,11139.608282382454
10252,11139.608282382454
10253,11139.608282382454
10254,11139.608282382454
10255,11139.608282382454
10256,11139.608282382454
10257,11139.608282382454
10258,11139.608282382454
10259,11139.608282382454
10260,11139.608282382454
10261,11139.608282382454
10262,11139.608282382454
10263,11139.608282382454
10264,11139.608282382454
10265,11139.608282382454
10266,11139.608282382454
10267,11139.608282382454
10268,11139.608282382454
10269,11139.608282382454
10270,11139.608282382454
10271,11139.608282382454
10272,11139.608282382454
10273,11139.608282382454
10274,11139.608282382454
10275,11139.608282382454
10276,11139.608282382454
10277,11139.608282382454
10278,11139.608282382454
10279,11139.608282382454
10280,11139.608282382454
10281,11139.608282382454
10282,11139.608282382454
10283,11139.608282382454
10284,11139.608282382454
10285,11139.608282382454
10286,11139.608282382454
10287,11139.608282382454
10288,11139.608282382454
10289,11099.42596172457
10290,11230.6662161468
10291,11234.315064769795
10292,11230.59957050985
10293,11317.947008437024
10294,11370.697030082696
10295,11335.424826727076
10296,11414.07167675047
10297,11352.719369515517
10298,11348.742291130546
10299,11217.488707580924
10300,11217.488707580924
10301,11217.488707580924
10302,11217.488707580924
10303,11217.488707580924
10304,11217.488707580924
10305,11217.488707580924
10306,11191.653797580151
10307,11191.653797580151
10308,11265.624237799
10309,11421.949919811237
10310,11099.896407153616
10311,11099.896407153616
10312,11099.896407153616
10313,10831.294121293055
10314,10831.294121293055
10315,10831.294121293055
10316,11072.456575218448
10317,11072.456575218448
10318,11072.456575218448
10319,11072.456575218448
10320,11072.456575218448
10321,11072.456575218448
10322,11072.456575218448
10323,11072.456575218448
10324,11072.456575218448
10325,11072.456575218448
10326,11072.456575218448
10327,11072.456575218448
10328,11072.456575218448
10329,11072.456575218448
10330,11072.456575218448
10331,11072.456575218448
10332,11072.456575218448
10333,11072.456575218448
10334,11072.456575218448
10335,11072.456575218448
10336,11072.456575218448
10337,11072.456575218448
10338,11072.456575218448
10339,11072.456575218448
10340,11072.456575218448
10341,11072.456575218448
10342,11072.456575218448
10343,11072.456575218448
10344,11072.456575218448
10345,11072.456575218448
10346,11072.456575218448
10347,11072.456575218448
10348,11072.456575218448
10349,11072.456575218448
10350,11072.456575218448
10351,11072.456575218448
10352,11072.456575218448
10353,11072.456575218448
10354,11072.456575218448
10355,11072.456575218448
10356,11072.456575218448
10357,11072.456575218448
10358,11072.456575218448
10359,11072.456575218448
10360,11072.456575218448
10361,11072.456575218448
10362,11072.456575218448
10363,11072.456575218448
10364,11072.456575218448
10365,11072.456575218448
10366,11072.456575218448
10367,11072.456575218448
10368,11072.456575218448
10369,11072.456575218448
10370,11072.456575218448
10371,11072.456575218448
10372,11072.456575218448
10373,11072.456575218448
10374,11072.456575218448
10375,11072.456575218448
10376,11072.456575218448
10377,11072.456575218448
10378,11072.456575218448
10379,11072.456575218448
10380,11072.456575218448
10381,11072.456575218448
10382,11072.456575218448
10383,11072.456575218448
10384,11072.456575218448
10385,11072.456575218448
10386,11072.456575218448
10387,11072.456575218448
10388,11072.456575218448
10389,11072.456575218448
10390,11072.456575218448
10391,11072.456575218448
10392,11072.456575218448
10393,11072.456575218448
10394,11072.456575218448
10395,11072.456575218448
10396,11072.456575218448
10397,11072.456575218448
10398,11072.456575218448
10399,11072.456575218448
10400,11072.456575218448
10401,11072.456575218448
10402,11072.456575218448
10403,11072.456575218448
10404,11072.456575218448
10405,11072.456575218448
10406,11072.456575218448
10407,11072.456575218448
10408,11072.456575218448
10409,11072.456575218448
10410,11072.456575218448
10411,11072.456575218448
10412,11072.456575218448
10413,11072.456575218448
10414,11072.456575218448
10415,11072.456575218448
10416,11072.456575218448
10417,11072.456575218448
10418,11072.456575218448
10419,11072.456575218448
10420,11072.456575218448
10421,11072.456575218448
10422,11072.456575218448
10423,11118.471022823978
10424,11140.97769041992
10425,11136.789623656003
10426,11107.790893741309
10427,11141.237947714057
10428,11067.091762284113
10429,11067.091762284113
10430,11067.091762284113
10431,11067.091762284113
10432,11067.091762284113
10433,11067.091762284113
10434,11067.091762284113
10435,11067.091762284113
10436,11067.091762284113
10437,11067.091762284113
10438,11067.091762284113
10439,11067.091762284113
10440,11067.091762284113
10441,11067.091762284113
10442,11067.091762284113
10443,11067.091762284113
10444,11067.091762284113
10445,11067.091762284113
10446,11067.091762284113
10447,11067.091762284113
10448,11067.091762284113
10449,11067.091762284113
10450,11067.091762284113
10451,11067.091762284113
10452,11067.091762284113
10453,11067.091762284113
10454,11067.091762284113
10455,11067.091762284113
10456,11067.091762284113
10457,11067.091762284113
10458,11067.091762284113
10459,11067.091762284113
10460,11067.091762284113
10461,11067.091762284113
10462,11067.091762284113
10463,11067.091762284113
10464,11067.091762284113
10465,11067.091762284113
10466,11067.091762284113
10467,11067.091762284113
10468,11067.091762284113
10469,11067.091762284113
10470,11067.091762284113
10471,11067.091762284113
10472,11067.091762284113
10473,11067.091762284113
10474,11067.091762284113
10475,11067.091762284113
10476,11067.091762284113
10477,11067.091762284113
10478,11067.091762284113
10479,11067.091762284113
10480,11067.091762284113
10481,11067.091762284113
10482,11067.091762284113
10483,11067.091762284113
10484,11067.091762284113
10485,11067.091762284113
10486,11067.091762284113
10487,11067.091762284113
10488,11067.091762284113
10489,11067.091762284113
10490,11067.091762284113
10491,11067.091762284113
10492,11067.091762284113
10493,11067.091762284113
10494,11067.091762284113
10495,11067.091762284113
10496,11067.091762284113
10497,11067.091762284113
10498,11067.091762284113
10499,11067.091762284113
10500,11067.091762284113
10501,11067.091762284113
10502,11067.091762284113
10503,11067.091762284113
10504,11067.091762284113
10505,11067.091762284113
10506,11067.091762284113
10507,11067.091762284113
10508,11067.091762284113
10509,11067.091762284113
10510,11067.091762284113
10511,11067.091762284113
10512,11067.091762284113
10513,11067.091762284113
10514,11067.091762284113
10515,11067.091762284113
10516,11067.091762284113
10517,11067.091762284113
10518,11067.091762284113
10519,11067.091762284113
10520,11067.091762284113
10521,11067.091762284113
10522,11067.091762284113
10523,11067.091762284113
10524,11067.091762284113
10525,11067.091762284113
10526,11067.091762284113
10527,11067.091762284113
10528,11067.091762284113
10529,11067.091762284113
10530,11067.091762284113
10531,11067.091762284113
10532,11067.091762284113
10533,11067.091762284113
10534,11067.091762284113
10535,11067.091762284113
10536,11067.091762284113
10537,11067.091762284113
10538,11067.091762284113
10539,11067.091762284113
10540,11067.091762284113
10541,11067.091762284113
10542,11067.091762284113
10543,11067.091762284113
10544,11067.091762284113
10545,11067.091762284113
10546,11067.091762284113
10547,11067.091762284113
10548,11067.091762284113
10549,11067.091762284113
10550,11067.091762284113
10551,11067.091762284113
10552,11067.091762284113
10553,11067.091762284113
10554,11067.091762284113
10555,11067.091762284113
10556,11067.091762284113
10557,11067.091762284113
10558,11067.091762284113
10559,11067.091762284113
10560,11067.091762284113
10561,11067.091762284113
10562,11067.091762284113
10563,11067.091762284113
10564,11067.091762284113
10565,11067.091762284113
10566,11067.091762284113
10567,11067.091762284113
10568,11067.091762284113
10569,11067.091762284113
10570,11067.091762284113
10571,11067.091762284113
10572,11067.091762284113
10573,11067.091762284113
10574,11067.091762284113
10575,11067.091762284113
10576,11067.091762284113
10577,11067.091762284113
10578,11067.091762284113
10579,11067.091762284113
10580,11067.091762284113
10581,11067.091762284113
10582,11067.091762284113
10583,11067.091762284113
10584,11067.091762284113
10585,11067.091762284113
10586,11067.091762284113
10587,11067.091762284113
10588,11067.091762284113
10589,11067.091762284113
10590,11067.091762284113
10591,11067.091762284113
10592,11067.091762284113
10593,11067.091762284113
10594,11067.091762284113
10595,11067.091762284113
10596,11067.091762284113
10597,11067.091762284113
10598,11067.091762284113
10599,11067.091762284113
10600,11067.091762284113
10601,11067.091762284113
10602,11067.091762284113
10603,11067.091762284113
10604,11067.091762284113
10605,11067.091762284113
10606,11067.091762284113
10607,11067.091762284113
10608,11067.091762284113
10609,11067.091762284113
10610,11067.091762284113
10611,11067.091762284113
10612,11067.091762284113
10613,11067.091762284113
10614,11067.091762284113
10615,11067.091762284113
10616,11067.091762284113
10617,11067.091762284113
10618,11067.091762284113
10619,11067.091762284113
10620,11067.091762284113
10621,11067.091762284113
10622,11067.091762284113
10623,11067.091762284113
10624,11067.091762284113
10625,11067.091762284113
10626,11067.091762284113
10627,11067.091762284113
10628,11067.091762284113
10629,11067.091762284113
10630,11067.091762284113
10631,11067.091762284113
10632,11067.091762284113
10633,11067.091762284113
10634,11067.091762284113
10635,11067.091762284113
10636,11067.091762284113
10637,11067.091762284113
10638,11067.091762284113
10639,11067.091762284113
10640,11067.091762284113
10641,11067.091762284113
10642,11067.091762284113
10643,11067.091762284113
10644,11067.091762284113
10645,11067.091762284113
10646,11067.091762284113
10647,11067.091762284113
10648,11067.091762284113
10649,11067.091762284113
10650,11067.091762284113
10651,11067.091762284113
10652,11067.091762284113
10653,11067.091762284113
10654,11067.091762284113
10655,11067.091762284113
10656,11067.091762284113
10657,11067.091762284113
10658,11067.091762284113
10659,11067.091762284113
10660,11067.091762284113
10661,11067.091762284113
10662,11067.091762284113
10663,11067.091762284113
10664,11067.091762284113
10665,11067.091762284113
10666,11067.091762284113
10667,11067.091762284113
10668,11067.091762284113
10669,11067.091762284113
10670,11067.091762284113
10671,11067.091762284113
10672,11067.091762284113
10673,11292.783676023833
10674,11356.576794075036
10675,11576.3560233419
10676,11683.145147080952
10677,11684.144692864831
10678,11711.519127225718
10679,11679.666589646558
10680,11703.995775712521
10681,11658.25317703305
10682,11506.76588501045
10683,11506.76588501045
10684,11506.76588501045
10685,11506.76588501045
10686,11506.76588501045
10687,11506.76588501045
10688,11506.76588501045
10689,11506.76588501045
10690,11506.76588501045
10691,11506.76588501045
10692,11506.76588501045
10693,11506.76588501045
10694,11506.76588501045
10695,11506.76588501045
10696,11506.76588501045
10697,11506.76588501045
10698,11506.76588501045
10699,11506.76588501045
10700,11506.76588501045
10701,11506.76588501045
10702,11506.76588501045
10703,11506.76588501045
10704,11506.76588501045
10705,11506.76588501045
10706,11506.76588501045
10707,11506.76588501045
10708,11506.76588501045
10709,11509.895905005062
10710,11463.115357138746
10711,11407.802170371795
10712,11407.802170371795
10713,11407.802170371795
10714,11407.802170371795
10715,11407.802170371795
10716,11407.802170371795
10717,11407.802170371795
10718,11407.802170371795
10719,11299.50160741276
10720,11299.50160741276
10721,11299.50160741276
10722,11299.50160741276
10723,11299.50160741276
10724,11299.50160741276
10725,11299.50160741276
10726,11299.50160741276
10727,11299.50160741276
10728,11299.50160741276
10729,11299.50160741276
10730,11299.50160741276
10731,11299.50160741276
10732,11299.50160741276
10733,11299.50160741276
10734,11299.50160741276
10735,11299.50160741276
10736,11299.50160741276
10737,11299.50160741276
10738,11299.50160741276
10739,11299.50160741276
10740,11299.50160741276
10741,11299.50160741276
10742,11274.572670795744
10743,11371.08289717502
10744,11369.586641444761
10745,11321.301222149474
10746,11234.542634678875
10747,11234.542634678875
10748,11234.542634678875
10749,11234.542634678875
10750,11234.542634678875
10751,11234.542634678875
10752,11234.542634678875
10753,11234.542634678875
10754,11234.542634678875
10755,11234.542634678875
10756,11234.542634678875
10757,11234.542634678875
10758,11234.542634678875
10759,11234.542634678875
10760,11234.542634678875
10761,11234.542634678875
10762,11234.542634678875
10763,11234.542634678875
10764,11234.542634678875
10765,11234.542634678875
10766,11234.542634678875
10767,11234.542634678875
10768,11234.542634678875
10769,11234.542634678875
10770,11234.542634678875
10771,11234.542634678875
10772,11234.542634678875
10773,11234.542634678875
10774,11234.542634678875
10775,11234.542634678875
10776,11234.542634678875
10777,11234.542634678875
10778,11344.022983589093
10779,11370.296987229927
10780,11344.022983589093
10781,11310.334519788832
10782,11254.953454354472
10783,11254.953454354472
10784,11254.953454354472
10785,11254.953454354472
10786,11254.953454354472
10787,11254.953454354472
10788,11254.953454354472
10789,11254.953454354472
10790,11254.953454354472
10791,11254.953454354472
10792,11254.953454354472
10793,11254.953454354472
10794,11254.953454354472
10795,11254.953454354472
10796,11254.953454354472
10797,11254.953454354472
10798,11254.953454354472
10799,11254.953454354472
10800,11254.953454354472
10801,11254.953454354472
10802,11254.953454354472
10803,11254.953454354472
10804,11254.953454354472
10805,11254.953454354472
10806,11254.953454354472
10807,11254.953454354472
10808,11254.953454354472
10809,11254.953454354472
10810,11254.953454354472
10811,11254.953454354472
10812,11254.953454354472
10813,11254.953454354472
10814,11254.953454354472
10815,11254.953454354472
10816,11254.953454354472
10817,11254.953454354472
10818,11254.953454354472
10819,11254.953454354472
10820,11254.953454354472
10821,11254.953454354472
10822,11254.953454354472
10823,11254.953454354472
10824,11254.953454354472
10825,11254.953454354472
10826,11254.953454354472
10827,11254.953454354472
10828,11254.953454354472
10829,11254.953454354472
10830,11254.953454354472
10831,11254.953454354472
10832,11254.953454354472
10833,11254.953454354472
10834,11254.953454354472
10835,11254.953454354472
10836,11254.953454354472
10837,11254.953454354472
10838,11065.888300611954
10839,11065.888300611954
10840,10975.757020751429
10841,10975.757020751429
10842,10975.757020751429
10843,10975.757020751429
10844,10975.757020751429
10845,11055.063889611572
10846,11059.816092834448
10847,11093.568675925964
10848,11055.455528470142
10849,11008.37767202001
10850,11008.37767202001
10851,11008.37767202001
10852,11008.37767202001
10853,11008.37767202001
10854,11008.37767202001
10855,11008.37767202001
10856,11008.37767202001
10857,11008.37767202001
10858,11008.37767202001
10859,11008.37767202001
10860,11008.37767202001
10861,11008.37767202001
10862,11008.37767202001
10863,11008.37767202001
10864,11008.37767202001
10865,11008.37767202001
10866,11008.37767202001
10867,11008.37767202001
10868,11008.37767202001
10869,11008.37767202001
10870,11008.37767202001
10871,11008.37767202001
10872,11008.37767202001
10873,11008.37767202001
10874,11008.37767202001
10875,11008.37767202001
10876,11008.37767202001
10877,11008.37767202001
10878,11008.37767202001
10879,11008.37767202001
10880,11008.37767202001
10881,11008.37767202001
10882,11008.37767202001
10883,11008.37767202001
10884,11008.37767202001
10885,11008.37767202001
10886,11008.37767202001
10887,11008.37767202001
10888,11008.37767202001
10889,11025.77586090493
10890,11025.77586090493
10891,11017.799241274754
10892,11017.799241274754
10893,11017.799241274754
10894,11017.799241274754
10895,11017.799241274754
10896,11017.799241274754
10897,11011.175279482093
10898,10985.981551732073
10899,10985.981551732073
10900,10976.306095171018
10901,10968.966796489718
10902,10952.061793630977
10903,10952.061793630977
10904,10952.061793630977
10905,10952.061793630977
10906,10952.061793630977
10907,10952.061793630977
10908,10952.061793630977
10909,10952.061793630977
10910,10952.061793630977
10911,10952.061793630977
10912,10952.061793630977
10913,10952.061793630977
10914,10952.061793630977
10915,10952.061793630977
10916,10952.061793630977
10917,10952.061793630977
10918,10952.061793630977
10919,10952.061793630977
10920,10952.061793630977
10921,10952.061793630977
10922,10952.061793630977
10923,10952.061793630977
10924,10952.061793630977
10925,10952.061793630977
10926,10952.061793630977
10927,10952.061793630977
10928,10952.061793630977
10929,10952.061793630977
10930,10952.061793630977
10931,10952.061793630977
10932,10952.061793630977
10933,10952.061793630977
10934,10952.061793630977
10935,10952.061793630977
10936,10952.061793630977
10937,10952.061793630977
10938,10952.061793630977
10939,10952.061793630977
10940,10952.061793630977
10941,10952.061793630977
10942,10952.061793630977
10943,10952.061793630977
10944,10952.061793630977
10945,10952.061793630977
10946,10952.061793630977
10947,10952.061793630977
10948,10952.061793630977
10949,10952.061793630977
10950,10952.061793630977
10951,10952.061793630977
10952,10952.061793630977
10953,10952.061793630977
10954,10952.061793630977
10955,10952.061793630977
10956,10952.061793630977
10957,10952.061793630977
10958,10952.061793630977
10959,10952.061793630977
10960,10952.061793630977
10961,10952.061793630977
10962,10952.061793630977
10963,10952.061793630977
10964,10952.061793630977
10965,10952.061793630977
10966,10952.061793630977
10967,10952.061793630977
10968,10952.061793630977
10969,10952.061793630977
10970,10952.061793630977
10971,10952.061793630977
10972,10952.061793630977
10973,10952.061793630977
10974,10952.061793630977
10975,10952.061793630977
10976,10952.061793630977
10977,10952.061793630977
10978,10952.061793630977
10979,10952.061793630977
10980,10952.061793630977
10981,10952.061793630977
10982,10952.061793630977
10983,10952.061793630977
10984,10952.061793630977
10985,10952.061793630977
10986,10952.061793630977
10987,10952.061793630977
10988,10952.061793630977
10989,10952.061793630977
10990,10952.061793630977
10991,10952.061793630977
10992,10952.061793630977
10993,10952.061793630977
10994,10952.061793630977
10995,10952.061793630977
10996,10952.061793630977
10997,10952.061793630977
10998,10952.061793630977
10999,10952.061793630977
11000,10952.061793630977
11001,10952.061793630977
11002,10952.061793630977
11003,10952.061793630977
11004,10952.061793630977
11005,10952.061793630977
11006,10952.061793630977
11007,10952.061793630977
11008,10952.061793630977
11009,10952.061793630977
11010,10915.710936358266
11011,10915.710936358266
11012,10915.710936358266
11013,10915.710936358266
11014,10915.710936358266
11015,10915.710936358266
11016,10915.710936358266
11017,10915.710936358266
11018,10915.710936358266
11019,10915.710936358266
11020,10915.710936358266
11021,10945.072314360068
11022,10945.072314360068
11023,10966.337599750144
11024,10975.174260667634
11025,10976.04368476465
11026,10988.472309237242
11027,11047.316588169233
11028,11135.608675278656
11029,11210.100931911047
11030,11202.817642046897
11031,11229.256414825699
11032,11401.740219398424
11033,11359.39843785076
11034,11343.914408694367
11035,11249.72845423012
11036,11249.72845423012
11037,11249.72845423012
11038,11249.72845423012
11039,11249.72845423012
11040,11249.72845423012
11041,11249.72845423012
11042,11249.72845423012
11043,11249.72845423012
11044,11249.72845423012
11045,11249.72845423012
11046,11249.72845423012
11047,11249.72845423012
11048,11249.72845423012
11049,11249.72845423012
11050,11249.72845423012
11051,11249.72845423012
11052,11249.72845423012
11053,11249.72845423012
11054,11249.72845423012
11055,11249.72845423012
11056,11249.72845423012
11057,11249.72845423012
11058,11249.72845423012
11059,11249.72845423012
11060,11249.72845423012
11061,11249.72845423012
11062,11249.72845423012
11063,11249.72845423012
11064,11249.72845423012
11065,11249.72845423012
11066,11249.72845423012
11067,11249.72845423012
11068,11249.72845423012
11069,11249.72845423012
11070,11249.72845423012
11071,11249.72845423012
11072,11249.72845423012
11073,11249.72845423012
11074,11249.72845423012
11075,11249.72845423012
11076,11249.72845423012
11077,11249.72845423012
11078,11249.72845423012
11079,11249.72845423012
11080,11249.72845423012
11081,11249.72845423012
11082,11249.72845423012
11083,11249.72845423012
11084,11249.72845423012
11085,11249.72845423012
11086,11223.663281722636
11087,11240.604014779221
11088,11328.844398156742
11089,11289.477842304033
11090,11307.079979112994
11091,11290.201150841118
11092,11305.403662706105
11093,11280.36969358595
11094,11280.36969358595
11095,11280.36969358595
11096,11280.36969358595
11097,11280.36969358595
11098,11280.36969358595
11099,11280.36969358595
11100,11280.36969358595
11101,11280.36969358595
11102,11280.36969358595
11103,11280.36969358595
11104,11280.36969358595
11105,11280.36969358595
11106,11280.36969358595
11107,11280.36969358595
11108,11280.36969358595
11109,11280.36969358595
11110,11280.36969358595
11111,11280.36969358595
11112,11280.36969358595
11113,11280.36969358595
11114,11280.36969358595
11115,11280.36969358595
11116,11280.36969358595
11117,11280.36969358595
11118,11280.36969358595
11119,11280.36969358595
11120,11280.36969358595
11121,11280.36969358595
11122,11280.36969358595
11123,11280.36969358595
11124,11280.36969358595
11125,11280.36969358595
11126,11280.36969358595
11127,11280.36969358595
11128,11280.36969358595
11129,11280.36969358595
11130,11280.36969358595
11131,11280.36969358595
11132,11280.36969358595
11133,11280.36969358595
11134,11233.926614400558
11135,11233.926614400558
11136,11233.926614400558
11137,11233.926614400558
11138,11233.926614400558
11139,11233.926614400558
11140,11233.926614400558
11141,11233.926614400558
11142,11233.926614400558
11143,11233.926614400558
11144,11233.926614400558
11145,11233.926614400558
11146,11233.926614400558
11147,11233.926614400558
11148,11233.926614400558
11149,11233.926614400558
11150,11233.926614400558
11151,11233.926614400558
11152,11233.926614400558
11153,11233.926614400558
11154,11233.926614400558
11155,11233.926614400558
11156,11233.926614400558
11157,11233.926614400558
11158,11233.926614400558
11159,11233.926614400558
11160,11233.926614400558
11161,11233.926614400558
11162,11233.926614400558
11163,11233.926614400558
11164,11233.926614400558
11165,11233.926614400558
11166,11233.926614400558
11167,11233.926614400558
11168,11233.926614400558
11169,11233.926614400558
11170,11233.926614400558
11171,11233.926614400558
11172,11233.926614400558
11173,11233.926614400558
11174,11233.926614400558
11175,11233.926614400558
11176,11233.926614400558
11177,11233.926614400558
11178,11233.926614400558
11179,11233.926614400558
11180,11233.926614400558
11181,11233.926614400558
11182,11233.926614400558
11183,11233.926614400558
11184,11233.926614400558
11185,11233.926614400558
11186,11233.926614400558
11187,11233.926614400558
11188,11233.926614400558
11189,11233.926614400558
11190,11233.926614400558
11191,11233.926614400558
11192,11233.926614400558
11193,11233.926614400558
11194,11233.926614400558
11195,11233.926614400558
11196,11142.793328178419
11197,11142.793328178419
11198,11142.793328178419
11199,11142.793328178419
11200,11142.793328178419
11201,11142.793328178419
11202,11142.793328178419
11203,11142.793328178419
11204,11142.793328178419
11205,11142.793328178419
11206,11119.756830809936
11207,11119.756830809936
11208,11116.337149890984
11209,11172.633765648285
11210,11226.624232108717
11211,11248.565866571103
11212,11223.310526500392
11213,11209.823191072135
11214,11192.892448909115
11215,11192.25659704537
11216,11192.25659704537
11217,11192.25659704537
11218,11192.25659704537
11219,11192.25659704537
11220,11192.25659704537
11221,11192.25659704537
11222,11192.25659704537
11223,11192.25659704537
11224,11192.25659704537
11225,11192.25659704537
11226,11192.25659704537
11227,11192.25659704537
11228,11192.25659704537
11229,11192.25659704537
11230,11192.25659704537
11231,11192.25659704537
11232,11192.25659704537
11233,11192.25659704537
11234,11192.25659704537
11235,11192.25659704537
11236,11192.25659704537
11237,11192.25659704537
11238,11192.25659704537
11239,11192.25659704537
11240,11192.25659704537
11241,11192.25659704537
11242,11192.25659704537
11243,11192.25659704537
11244,11192.25659704537
11245,11192.25659704537
11246,11192.25659704537
11247,11192.25659704537
11248,11192.25659704537
11249,11192.25659704537
11250,11192.25659704537
11251,11192.25659704537
11252,11192.25659704537
11253,11192.25659704537
11254,11192.25659704537
11255,11192.25659704537
11256,11192.25659704537
11257,11192.25659704537
11258,11192.25659704537
11259,11192.25659704537
11260,11192.25659704537
11261,11192.25659704537
11262,11192.25659704537
11263,11192.25659704537
11264,11192.25659704537
11265,11192.25659704537
11266,11192.25659704537
11267,11192.25659704537
11268,11192.25659704537
11269,11192.25659704537
11270,11192.25659704537
11271,11192.25659704537
11272,11192.25659704537
11273,11192.25659704537
11274,11192.25659704537
11275,11192.25659704537
11276,11192.25659704537
11277,11192.25659704537
11278,11192.25659704537
11279,11192.25659704537
11280,11192.25659704537
11281,11192.25659704537
11282,11192.25659704537
11283,11192.25659704537
11284,11192.25659704537
11285,11192.25659704537
11286,11192.25659704537
11287,11192.25659704537
11288,11192.25659704537
11289,11192.25659704537
11290,11192.25659704537
11291,11192.25659704537
11292,11192.25659704537
11293,11192.25659704537
11294,11192.25659704537
11295,11192.25659704537
11296,11192.25659704537
11297,11192.25659704537
11298,11192.25659704537
11299,11192.25659704537
11300,11192.25659704537
11301,11192.25659704537
11302,11192.25659704537
11303,11192.25659704537
11304,11192.25659704537
11305,11192.25659704537
11306,11113.603789238407
11307,11113.603789238407
11308,11113.603789238407
11309,11113.603789238407
11310,11113.603789238407
11311,11113.603789238407
11312,11113.603789238407
11313,11113.603789238407
11314,11113.603789238407
11315,11113.603789238407
11316,11113.603789238407
11317,11113.603789238407
11318,11113.603789238407
11319,11113.603789238407
11320,11113.603789238407
11321,11113.603789238407
11322,11113.603789238407
11323,11113.603789238407
11324,11113.603789238407
11325,11113.603789238407
11326,11113.603789238407
11327,11113.603789238407
11328,11113.603789238407
11329,11113.603789238407
11330,11113.603789238407
11331,11113.603789238407
11332,11113.603789238407
11333,11113.603789238407
11334,11113.603789238407
11335,11113.603789238407
11336,11113.603789238407
11337,11113.603789238407
11338,11113.603789238407
11339,11113.603789238407
11340,11113.603789238407
11341,11113.603789238407
11342,11113.603789238407
11343,11113.603789238407
11344,11113.603789238407
11345,11113.603789238407
11346,11113.603789238407
11347,11113.603789238407
11348,11113.603789238407
11349,11113.603789238407
11350,11113.603789238407
11351,11113.603789238407
11352,11113.603789238407
11353,11113.603789238407
11354,11113.603789238407
11355,11113.603789238407
11356,11113.603789238407
11357,11113.603789238407
11358,11113.603789238407
11359,11113.603789238407
11360,11113.603789238407
11361,11113.603789238407
11362,11113.603789238407
11363,11113.603789238407
11364,11113.603789238407
11365,11113.603789238407
11366,11113.603789238407
11367,11113.603789238407
11368,11113.603789238407
11369,11113.603789238407
11370,11113.603789238407
11371,11113.603789238407
11372,11113.603789238407
11373,11113.603789238407
11374,11113.603789238407
11375,11113.603789238407
11376,11113.603789238407
11377,11113.603789238407
11378,11113.603789238407
11379,11113.603789238407
11380,11113.603789238407
11381,11113.603789238407
11382,11113.603789238407
11383,11113.603789238407
11384,11113.603789238407
11385,11113.603789238407
11386,11113.603789238407
11387,11113.603789238407
11388,11113.603789238407
11389,11113.603789238407
11390,11113.603789238407
11391,11113.603789238407
11392,11113.603789238407
11393,11113.603789238407
11394,11113.603789238407
11395,11113.603789238407
11396,11113.603789238407
11397,11113.603789238407
11398,11113.603789238407
11399,11113.603789238407
11400,11113.603789238407
11401,11113.603789238407
11402,11113.603789238407
11403,11113.603789238407
11404,11113.603789238407
11405,11113.603789238407
11406,11113.603789238407
11407,11113.603789238407
11408,11113.603789238407
11409,11113.603789238407
11410,11113.603789238407
11411,11113.603789238407
11412,11113.603789238407
11413,11113.603789238407
11414,11113.603789238407
11415,11113.603789238407
11416,11113.603789238407
11417,11113.603789238407
11418,11113.603789238407
11419,11113.603789238407
11420,11113.603789238407
11421,11113.603789238407
11422,11113.603789238407
11423,11113.603789238407
11424,11113.603789238407
11425,11113.603789238407
11426,11113.603789238407
11427,11113.603789238407
11428,11113.603789238407
11429,11113.603789238407
11430,11113.603789238407
11431,11113.603789238407
11432,11113.603789238407
11433,11113.603789238407
11434,11113.603789238407
11435,11113.603789238407
11436,11113.603789238407
11437,11113.603789238407
11438,11113.603789238407
11439,11113.603789238407
11440,11113.603789238407
11441,11105.031388055753
11442,11105.031388055753
11443,11105.031388055753
11444,11107.69915843498
11445,11107.69915843498
11446,11092.451151365773
11447,11086.952850172116
11448,11044.086939406034
11449,11044.086939406034
11450,11044.086939406034
11451,11044.086939406034
11452,11044.086939406034
11453,11044.086939406034
11454,11044.086939406034
11455,11044.086939406034
11456,11044.086939406034
11457,11044.086939406034
11458,11044.086939406034
11459,11044.086939406034
11460,11044.086939406034
11461,11044.086939406034
11462,11044.086939406034
11463,11044.086939406034
11464,11044.086939406034
11465,11044.086939406034
11466,11044.086939406034
11467,11044.086939406034
11468,11044.086939406034
11469,11044.086939406034
11470,11044.086939406034
11471,11044.086939406034
11472,11044.086939406034
11473,11044.086939406034
11474,11044.086939406034
11475,11044.086939406034
11476,11044.086939406034
11477,11025.50849244577
11478,11025.50849244577
11479,11025.50849244577
11480,10999.519523990388
11481,10999.519523990388
11482,10971.81752457722
11483,10971.81752457722
11484,11033.927370116453
11485,11100.368878850917
11486,11019.04111433293
11487,11073.423312548011
11488,11074.476781000318
11489,11079.428912228868
11490,11029.803082600813
11491,11029.803082600813
11492,11029.803082600813
11493,11029.803082600813
11494,11029.803082600813
11495,11029.803082600813
11496,11029.803082600813
11497,11029.803082600813
11498,11029.803082600813
11499,11029.803082600813
11500,11029.803082600813
11501,11029.803082600813
11502,11029.803082600813
11503,11029.803082600813
11504,11029.803082600813
11505,11029.803082600813
11506,11029.803082600813
11507,11029.803082600813
11508,11029.803082600813
11509,11029.803082600813
11510,11029.803082600813
11511,11029.803082600813
11512,11029.803082600813
11513,11029.803082600813
11514,11029.803082600813
11515,11029.803082600813
11516,11029.803082600813
11517,11029.803082600813
11518,11029.803082600813
11519,11029.803082600813
11520,11029.803082600813
11521,11029.803082600813
11522,11029.803082600813
11523,11029.803082600813
11524,11029.803082600813
11525,11029.803082600813
11526,11029.803082600813
11527,11029.803082600813
11528,11029.803082600813
11529,11029.803082600813
11530,11029.803082600813
11531,11029.803082600813
11532,11029.803082600813
11533,11029.803082600813
11534,11029.803082600813
11535,11029.803082600813
11536,11029.803082600813
11537,11029.803082600813
11538,11029.803082600813
11539,11029.803082600813
11540,11029.803082600813
11541,11029.803082600813
11542,11029.803082600813
11543,11029.803082600813
11544,11029.803082600813
11545,11029.803082600813
11546,11029.803082600813
11547,11029.803082600813
11548,11029.803082600813
11549,11029.803082600813
11550,11029.803082600813
11551,11029.803082600813
11552,11029.803082600813
11553,11029.803082600813
11554,11029.803082600813
11555,11029.803082600813
11556,11029.803082600813
11557,11029.803082600813
11558,11029.803082600813
11559,11029.803082600813
11560,11029.803082600813
11561,11029.803082600813
11562,11029.803082600813
11563,11029.803082600813
11564,11029.803082600813
11565,11029.803082600813
11566,11029.803082600813
11567,11029.803082600813
11568,11029.803082600813
11569,11029.803082600813
11570,11029.803082600813
11571,11029.803082600813
11572,11029.803082600813
11573,11029.803082600813
11574,11029.803082600813
11575,11029.803082600813
11576,11029.803082600813
11577,11029.803082600813
11578,11029.803082600813
11579,11029.803082600813
11580,11029.803082600813
11581,11029.803082600813
11582,11029.803082600813
11583,11029.803082600813
11584,11029.803082600813
11585,11029.803082600813
11586,11029.803082600813
11587,11029.803082600813
11588,11029.803082600813
11589,11029.803082600813
11590,11029.803082600813
11591,11029.803082600813
11592,11029.803082600813
11593,11029.803082600813
11594,11029.803082600813
11595,11029.803082600813
11596,11029.803082600813
11597,11029.803082600813
11598,11029.803082600813
11599,11029.803082600813
11600,11029.803082600813
11601,11029.803082600813
11602,11029.803082600813
11603,11029.803082600813
11604,11029.803082600813
11605,11029.803082600813
11606,11029.803082600813
11607,11029.803082600813
11608,11029.803082600813
11609,11029.803082600813
11610,11029.803082600813
11611,11029.803082600813
11612,11029.803082600813
11613,11029.803082600813
11614,11029.803082600813
11615,11029.803082600813
11616,11029.803082600813
11617,11029.803082600813
11618,11029.803082600813
11619,11029.803082600813
11620,11029.803082600813
11621,11029.803082600813
11622,11029.803082600813
11623,11029.803082600813
11624,11029.803082600813
11625,11029.803082600813
11626,11029.803082600813
11627,11029.803082600813
11628,11029.803082600813
11629,11029.803082600813
11630,11029.803082600813
11631,11029.803082600813
11632,11029.803082600813
11633,11029.803082600813
11634,11029.803082600813
11635,11029.803082600813
11636,11029.803082600813
11637,11029.803082600813
11638,11029.803082600813
11639,11029.803082600813
11640,11029.803082600813
11641,11029.803082600813
11642,11006.816872060082
11643,11006.816872060082
11644,11006.816872060082
11645,11006.816872060082
11646,11006.816872060082
11647,11006.816872060082
11648,11006.816872060082
11649,11006.816872060082
11650,11006.816872060082
11651,11006.816872060082
11652,11006.816872060082
11653,11006.816872060082
11654,11006.816872060082
11655,11006.816872060082
11656,11006.816872060082
11657,11006.816872060082
11658,11006.816872060082
11659,11006.816872060082
11660,11006.816872060082
11661,11006.816872060082
11662,11006.816872060082
11663,11006.816872060082
11664,11006.816872060082
11665,11006.816872060082
11666,11006.816872060082
11667,11006.816872060082
11668,11006.816872060082
11669,11006.816872060082
11670,11006.816872060082
11671,11006.816872060082
11672,11006.816872060082
11673,11006.816872060082
11674,11006.816872060082
11675,11006.816872060082
11676,11006.816872060082
11677,11006.816872060082
11678,11006.816872060082
11679,11006.816872060082
11680,11006.816872060082
11681,11006.816872060082
11682,11006.816872060082
11683,11006.816872060082
11684,11006.816872060082
11685,11006.816872060082
11686,11006.816872060082
11687,11006.816872060082
11688,11006.816872060082
11689,11006.816872060082
11690,11006.816872060082
11691,11006.816872060082
11692,11006.816872060082
11693,11006.816872060082
11694,11006.816872060082
11695,11006.816872060082
11696,11006.816872060082
11697,11006.816872060082
11698,11006.816872060082
11699,11006.816872060082
11700,11006.816872060082
11701,11006.816872060082
11702,11006.816872060082
11703,11006.816872060082
11704,11006.816872060082
11705,11006.816872060082
11706,11006.816872060082
11707,11006.816872060082
11708,11006.816872060082
11709,11006.816872060082
11710,11006.816872060082
11711,11006.816872060082
11712,11006.816872060082
11713,11006.816872060082
11714,11006.816872060082
11715,11006.816872060082
11716,11006.816872060082
11717,11006.816872060082
11718,11006.816872060082
11719,11006.816872060082
11720,11006.816872060082
11721,11006.816872060082
11722,11006.816872060082
11723,11006.816872060082
11724,11006.816872060082
11725,11006.816872060082
11726,11006.816872060082
11727,11006.816872060082
11728,11006.816872060082
11729,11006.816872060082
11730,11006.816872060082
11731,11006.816872060082
11732,11006.816872060082
11733,11006.816872060082
11734,11024.274922411427
11735,11059.685416586608
11736,11019.720191058464
11737,10992.20246075974
11738,10992.20246075974
11739,10992.20246075974
11740,10992.20246075974
11741,10919.871476930637
11742,10918.501440553324
11743,10918.501440553324
11744,10921.760000662925
11745,11136.308092844645
11746,11041.645625151443
11747,11075.016046560311
11748,11016.873653602071
11749,11032.272727053698
11750,10995.984295318567
11751,10995.984295318567
11752,10995.984295318567
11753,10995.984295318567
11754,10995.984295318567
11755,10995.984295318567
11756,10995.984295318567
11757,10995.984295318567
11758,10995.984295318567
11759,10995.984295318567
11760,10995.984295318567
11761,10995.984295318567
11762,10995.984295318567
11763,10995.984295318567
11764,10995.984295318567
11765,10995.984295318567
11766,10995.984295318567
11767,10995.984295318567
11768,10995.984295318567
11769,10995.984295318567
11770,10995.984295318567
11771,10995.984295318567
11772,10995.984295318567
11773,10995.984295318567
11774,10995.984295318567
11775,10995.984295318567
11776,10995.984295318567
11777,10995.984295318567
11778,10995.984295318567
11779,10995.984295318567
11780,10995.984295318567
11781,10995.984295318567
11782,10995.984295318567
11783,10995.984295318567
11784,10995.984295318567
11785,10995.984295318567
11786,10995.984295318567
11787,10995.984295318567
11788,10995.984295318567
11789,10995.984295318567
11790,10995.984295318567
11791,10995.984295318567
11792,10995.984295318567
11793,10800.412424044762
11794,10800.412424044762
11795,10697.869708324248
11796,10697.869708324248
11797,10597.703010004707
11798,10597.703010004707
11799,10524.492399666642
11800,10524.492399666642
11801,10524.492399666642
11802,10524.492399666642
11803,10524.492399666642
11804,10524.492399666642
11805,10524.492399666642
11806,10524.492399666642
11807,10524.492399666642
11808,10524.492399666642
11809,10524.492399666642
11810,10524.492399666642
11811,10524.492399666642
11812,10524.492399666642
11813,10524.492399666642
11814,10524.492399666642
11815,10524.492399666642
11816,10524.492399666642
11817,10524.492399666642
11818,10524.492399666642
11819,10524.492399666642
11820,10524.492399666642
11821,10524.492399666642
11822,10524.492399666642
11823,10524.492399666642
11824,10524.492399666642
11825,10524.492399666642
11826,10524.492399666642
11827,10524.492399666642
11828,10524.492399666642
11829,10524.492399666642
11830,10524.492399666642
11831,10524.492399666642
11832,10524.492399666642
11833,10524.492399666642
11834,10524.492399666642
11835,10524.492399666642
11836,10524.492399666642
11837,10524.492399666642
11838,10524.492399666642
11839,10524.492399666642
11840,10524.492399666642
11841,10524.492399666642
11842,10524.492399666642
11843,10524.492399666642
11844,10524.492399666642
11845,10543.435525684155
11846,10495.078309063114
11847,10495.078309063114
11848,10520.243525110593
11849,10507.013004792303
11850,10450.53959102009
11851,10450.53959102009
11852,10450.53959102009
11853,10450.53959102009
11854,10450.53959102009
11855,10450.53959102009
11856,10450.53959102009
11857,10450.53959102009
11858,10450.53959102009
11859,10450.53959102009
11860,10450.53959102009
11861,10450.53959102009
11862,10450.53959102009
11863,10450.53959102009
11864,10450.53959102009
11865,10450.53959102009
11866,10450.53959102009
11867,10450.53959102009
11868,10450.53959102009
11869,10450.53959102009
11870,10450.53959102009
11871,10450.53959102009
11872,10450.53959102009
11873,10450.53959102009
11874,10450.53959102009
11875,10450.53959102009
11876,10450.53959102009
11877,10450.53959102009
11878,10450.53959102009
11879,10450.53959102009
11880,10450.53959102009
11881,10450.53959102009
11882,10450.53959102009
11883,10450.53959102009
11884,10450.53959102009
11885,10450.53959102009
11886,10450.53959102009
11887,10450.53959102009
11888,10450.53959102009
11889,10450.53959102009
11890,10450.53959102009
11891,10450.53959102009
11892,10450.53959102009
11893,10450.53959102009
11894,10450.53959102009
11895,10450.53959102009
11896,10450.53959102009
11897,10450.53959102009
11898,10450.53959102009
11899,10450.53959102009
11900,10450.53959102009
11901,10475.32928310546
11902,10466.030351319807
11903,10462.58757761168
11904,10479.233388490475
11905,10482.424839717909
11906,10454.309428230488
11907,10454.309428230488
11908,10454.309428230488
11909,10454.309428230488
11910,10454.309428230488
11911,10454.309428230488
11912,10454.309428230488
11913,10454.309428230488
11914,10454.309428230488
11915,10454.309428230488
11916,10454.309428230488
11917,10454.309428230488
11918,10454.309428230488
11919,10454.309428230488
11920,10454.309428230488
11921,10454.309428230488
11922,10454.309428230488
11923,10454.309428230488
11924,10454.309428230488
11925,10454.309428230488
11926,10454.309428230488
11927,10454.309428230488
11928,10454.309428230488
11929,10454.309428230488
11930,10454.309428230488
11931,10454.309428230488
11932,10454.309428230488
11933,10454.309428230488
11934,10454.309428230488
11935,10454.309428230488
11936,10454.309428230488
11937,10454.309428230488
11938,10454.309428230488
11939,10454.309428230488
11940,10454.309428230488
11941,10454.309428230488
11942,10454.309428230488
11943,10454.309428230488
11944,10454.309428230488
11945,10454.309428230488
11946,10454.309428230488
11947,10454.309428230488
11948,10454.309428230488
11949,10454.309428230488
11950,10454.309428230488
11951,10454.309428230488
11952,10454.309428230488
11953,10454.309428230488
11954,10454.309428230488
11955,10454.309428230488
11956,10454.309428230488
11957,10454.309428230488
11958,10454.309428230488
11959,10454.309428230488
11960,10454.309428230488
11961,10454.309428230488
11962,10454.309428230488
11963,10454.309428230488
11964,10454.309428230488
11965,10454.309428230488
11966,10454.309428230488
11967,10483.661874101408
11968,10422.53431454502
11969,10422.53431454502
11970,10422.53431454502
11971,10422.53431454502
11972,10422.53431454502
11973,10422.53431454502
11974,10422.53431454502
11975,10422.53431454502
11976,10422.53431454502
11977,10422.53431454502
11978,10422.53431454502
11979,10422.53431454502
11980,10422.53431454502
11981,10422.53431454502
11982,10422.53431454502
11983,10422.53431454502
11984,10422.53431454502
11985,10422.53431454502
11986,10422.53431454502
11987,10422.53431454502
11988,10422.53431454502
11989,10440.738617284605
11990,10438.013715621748
11991,10377.185734112447
11992,10377.185734112447
11993,10377.185734112447
11994,10377.185734112447
11995,10377.185734112447
11996,10377.185734112447
11997,10379.579257188007
11998,10357.494255092375
11999,10334.090544570015
12000,10334.090544570015
12001,10334.090544570015
12002,10334.090544570015
12003,10334.090544570015
12004,10334.090544570015
12005,10334.090544570015
12006,10334.090544570015
12007,10334.090544570015
12008,10334.090544570015
12009,10334.090544570015
12010,10334.090544570015
12011,10334.090544570015
12012,10334.090544570015
12013,10334.090544570015
12014,10334.090544570015
12015,10334.090544570015
12016,10334.090544570015
12017,10334.090544570015
12018,10334.090544570015
12019,10334.090544570015
12020,10334.090544570015
12021,10334.090544570015
12022,10334.090544570015
12023,10334.090544570015
12024,10334.090544570015
12025,10334.090544570015
12026,10334.090544570015
12027,10334.090544570015
12028,10334.090544570015
12029,10334.090544570015
12030,10334.090544570015
12031,10334.090544570015
12032,10334.090544570015
12033,10334.090544570015
12034,10334.090544570015
12035,10334.090544570015
12036,10334.090544570015
12037,10334.090544570015
12038,10334.090544570015
12039,10334.090544570015
12040,10334.090544570015
12041,10334.090544570015
12042,10334.090544570015
12043,10334.090544570015
12044,10334.090544570015
12045,10334.090544570015
12046,10334.090544570015
12047,10334.090544570015
12048,10334.090544570015
12049,10334.090544570015
12050,10334.090544570015
12051,10334.090544570015
12052,10334.090544570015
12053,10334.090544570015
12054,10334.090544570015
12055,10334.090544570015
12056,10334.090544570015
12057,10334.090544570015
12058,10334.090544570015
12059,10334.090544570015
12060,10334.090544570015
12061,10334.090544570015
12062,10334.090544570015
12063,10334.090544570015
12064,10334.090544570015
12065,10334.090544570015
12066,10334.090544570015
12067,10334.090544570015
12068,10334.090544570015
12069,10334.090544570015
12070,10334.090544570015
12071,10334.090544570015
12072,10334.090544570015
12073,10334.090544570015
12074,10334.090544570015
12075,10334.090544570015
12076,10334.090544570015
12077,10334.090544570015
12078,10334.090544570015
12079,10334.090544570015
12080,10334.090544570015
12081,10334.090544570015
12082,10334.090544570015
12083,10334.090544570015
12084,10334.090544570015
12085,10334.090544570015
12086,10334.090544570015
12087,10334.090544570015
12088,10334.090544570015
12089,10334.090544570015
12090,10334.090544570015
12091,10334.090544570015
12092,10334.090544570015
12093,10334.090544570015
12094,10331.495133763525
12095,10330.156513198845
12096,10332.237782542776
12097,10377.259899804705
12098,10370.867870810729
12099,10368.017705225491
12100,10359.66020451428
12101,10348.0850737491
12102,10348.0850737491
12103,10348.0850737491
12104,10348.0850737491
12105,10348.0850737491
12106,10348.0850737491
12107,10348.0850737491
12108,10348.0850737491
12109,10348.0850737491
12110,10348.0850737491
12111,10348.0850737491
12112,10348.0850737491
12113,10348.0850737491
12114,10348.0850737491
12115,10348.0850737491
12116,10348.0850737491
12117,10348.0850737491
12118,10348.0850737491
12119,10348.0850737491
12120,10348.0850737491
12121,10348.0850737491
12122,10348.0850737491
12123,10348.0850737491
12124,10348.0850737491
12125,10348.0850737491
12126,10348.0850737491
12127,10348.0850737491
12128,10348.0850737491
12129,10348.0850737491
12130,10348.0850737491
12131,10348.0850737491
12132,10348.0850737491
12133,10348.0850737491
12134,10348.0850737491
12135,10348.0850737491
12136,10348.0850737491
12137,10348.0850737491
12138,10348.0850737491
12139,10348.0850737491
12140,10348.0850737491
12141,10348.0850737491
12142,10348.0850737491
12143,10348.0850737491
12144,10348.0850737491
12145,10348.0850737491
12146,10348.0850737491
12147,10348.0850737491
12148,10348.0850737491
12149,10347.4384079843
12150,10347.4384079843
12151,10347.4384079843
12152,10358.23875474609
12153,10358.23875474609
12154,10358.23875474609
12155,10358.23875474609
12156,10358.23875474609
12157,10358.23875474609
12158,10358.23875474609
12159,10358.23875474609
12160,10358.23875474609
12161,10358.23875474609
12162,10358.23875474609
12163,10358.23875474609
12164,10358.23875474609
12165,10358.23875474609
12166,10358.23875474609
12167,10358.23875474609
12168,10358.23875474609
12169,10358.23875474609
12170,10358.23875474609
12171,10358.23875474609
12172,10358.23875474609
12173,10358.23875474609
12174,10358.23875474609
12175,10358.23875474609
12176,10358.23875474609
12177,10358.23875474609
12178,10358.23875474609
12179,10358.23875474609
12180,10358.23875474609
12181,10358.23875474609
12182,10358.23875474609
12183,10358.23875474609
12184,10358.23875474609
12185,10358.23875474609
12186,10358.23875474609
12187,10358.23875474609
12188,10358.23875474609
12189,10358.23875474609
12190,10358.23875474609
12191,10358.23875474609
12192,10358.23875474609
12193,10358.23875474609
12194,10358.23875474609
12195,10358.23875474609
12196,10358.23875474609
12197,10358.23875474609
12198,10358.23875474609
12199,10358.23875474609
12200,10358.23875474609
12201,10358.23875474609
12202,10358.23875474609
12203,10358.23875474609
12204,10358.23875474609
12205,10358.23875474609
12206,10358.23875474609
12207,10358.23875474609
12208,10358.23875474609
12209,10358.23875474609
12210,10358.23875474609
12211,10358.23875474609
12212,10358.23875474609
12213,10358.23875474609
12214,10358.23875474609
12215,10358.23875474609
12216,10358.23875474609
12217,10358.23875474609
12218,10358.23875474609
12219,10358.23875474609
12220,10358.23875474609
12221,10358.23875474609
12222,10358.23875474609
12223,10358.23875474609
12224,10358.23875474609
12225,10358.23875474609
12226,10358.23875474609
12227,10358.23875474609
12228,10358.23875474609
12229,10358.23875474609
12230,10358.23875474609
12231,10358.23875474609
12232,10358.23875474609
12233,10358.23875474609
12234,10358.23875474609
12235,10358.23875474609
12236,10358.23875474609
12237,10358.23875474609
12238,10358.23875474609
12239,10358.23875474609
12240,10358.23875474609
12241,10358.23875474609
12242,10358.23875474609
12243,10358.23875474609
12244,10358.23875474609
12245,10358.23875474609
12246,10358.23875474609
12247,10358.23875474609
12248,10358.23875474609
12249,10358.23875474609
12250,10358.23875474609
12251,10358.23875474609
12252,10358.23875474609
12253,10358.23875474609
12254,10358.23875474609
12255,10358.23875474609
12256,10358.23875474609
12257,10358.23875474609
12258,10358.23875474609
12259,10358.23875474609
12260,10358.23875474609
12261,10358.23875474609
12262,10358.23875474609
12263,10358.23875474609
12264,10358.23875474609
12265,10358.23875474609
12266,10358.23875474609
12267,10358.23875474609
12268,10358.23875474609
12269,10358.23875474609
12270,10358.23875474609
12271,10358.23875474609
12272,10358.23875474609
12273,10358.23875474609
12274,10358.23875474609
12275,10358.23875474609
12276,10358.23875474609
12277,10358.23875474609
12278,10358.23875474609
12279,10358.23875474609
12280,10358.23875474609
12281,10358.23875474609
12282,10373.80317672513
12283,10373.80317672513
12284,10373.80317672513
12285,10373.80317672513
12286,10373.80317672513
12287,10373.80317672513
12288,10373.80317672513
12289,10379.411042992328
12290,10343.679293064872
12291,10328.147275674584
12292,10328.147275674584
12293,10328.147275674584
12294,10328.147275674584
12295,10328.147275674584
12296,10328.147275674584
12297,10328.147275674584
12298,10328.147275674584
12299,10328.147275674584
12300,10328.147275674584
12301,10328.147275674584
12302,10328.147275674584
12303,10328.147275674584
12304,10328.147275674584
12305,10328.147275674584
12306,10328.147275674584
12307,10328.147275674584
12308,10328.147275674584
12309,10328.147275674584
12310,10328.147275674584
12311,10328.147275674584
12312,10328.147275674584
12313,10328.147275674584
12314,10233.452541552682
12315,10233.452541552682
12316,10233.452541552682
12317,10233.452541552682
12318,10233.452541552682
12319,10233.452541552682
12320,10233.452541552682
12321,10233.452541552682
12322,10233.452541552682
12323,10233.452541552682
12324,10233.452541552682
12325,10233.452541552682
12326,10233.452541552682
12327,10233.452541552682
12328,10233.452541552682
12329,10248.060831074481
12330,10248.060831074481
12331,10233.318747121508
12332,10244.643028008273
12333,10276.683808461994
12334,10244.18172943492
12335,10258.801000131354
12336,10269.884147672958
12337,10287.048049136036
12338,10308.738068419483
12339,10310.851355065592
12340,10272.090293122792
12341,10272.090293122792
12342,10272.090293122792
12343,10272.090293122792
12344,10272.090293122792
12345,10272.090293122792
12346,10272.090293122792
12347,10272.090293122792
12348,10272.090293122792
12349,10272.090293122792
12350,10272.090293122792
12351,10272.090293122792
12352,10272.090293122792
12353,10272.090293122792
12354,10272.090293122792
12355,10272.090293122792
12356,10272.090293122792
12357,10272.090293122792
12358,10272.090293122792
12359,10272.090293122792
12360,10272.090293122792
12361,10272.090293122792
12362,10272.090293122792
12363,10272.090293122792
12364,10272.090293122792
12365,10272.090293122792
12366,10272.090293122792
12367,10272.090293122792
12368,10272.090293122792
12369,10272.090293122792
12370,10272.090293122792
12371,10272.090293122792
12372,10272.090293122792
12373,10272.090293122792
12374,10272.090293122792
12375,10272.090293122792
12376,10272.090293122792
12377,10272.090293122792
12378,10272.090293122792
12379,10272.090293122792
12380,10272.090293122792
12381,10272.090293122792
12382,10272.090293122792
12383,10272.090293122792
12384,10272.090293122792
12385,10272.090293122792
12386,10272.090293122792
12387,10272.090293122792
12388,10272.090293122792
12389,10272.090293122792
12390,10272.090293122792
12391,10272.090293122792
12392,10272.090293122792
12393,10272.090293122792
12394,10272.090293122792
12395,10272.090293122792
12396,10272.090293122792
12397,10272.090293122792
12398,10272.090293122792
12399,10272.090293122792
12400,10272.090293122792
12401,10272.090293122792
12402,10272.090293122792
12403,10272.090293122792
12404,10272.090293122792
12405,10272.090293122792
12406,10272.090293122792
12407,10272.090293122792
12408,10272.090293122792
12409,10272.090293122792
12410,10272.090293122792
12411,10272.090293122792
12412,10272.090293122792
12413,10272.090293122792
12414,10272.090293122792
12415,10272.090293122792
12416,10272.090293122792
12417,10272.090293122792
12418,10272.090293122792
12419,10272.090293122792
12420,10272.090293122792
12421,10272.090293122792
12422,10272.090293122792
12423,10272.090293122792
12424,10272.090293122792
12425,10272.090293122792
12426,10272.090293122792
12427,10272.090293122792
12428,10272.090293122792
12429,10272.090293122792
12430,10272.090293122792
12431,10290.605774206904
12432,10270.294071666822
12433,10270.294071666822
12434,10270.294071666822
12435,10270.294071666822
12436,10270.294071666822
12437,10270.294071666822
12438,10270.294071666822
12439,10270.294071666822
12440,10270.294071666822
12441,10270.294071666822
12442,10270.294071666822
12443,10270.294071666822
12444,10270.294071666822
12445,10270.294071666822
12446,10270.294071666822
12447,10270.294071666822
12448,10270.294071666822
12449,10270.294071666822
12450,10270.294071666822
12451,10270.294071666822
12452,10270.294071666822
12453,10270.294071666822
12454,10270.294071666822
12455,10270.294071666822
12456,10270.294071666822
12457,10270.294071666822
12458,10270.294071666822
12459,10270.294071666822
12460,10270.294071666822
12461,10270.294071666822
12462,10270.294071666822
12463,10270.294071666822
12464,10270.294071666822
12465,10270.294071666822
12466,10270.294071666822
12467,10270.294071666822
12468,10270.294071666822
12469,10270.294071666822
12470,10270.294071666822
12471,10270.294071666822
12472,10270.294071666822
12473,10270.294071666822
12474,10270.294071666822
12475,10270.294071666822
12476,10270.294071666822
12477,10270.294071666822
12478,10270.294071666822
12479,10270.294071666822
12480,10270.294071666822
12481,10270.294071666822
12482,10270.294071666822
12483,10270.294071666822
12484,10270.294071666822
12485,10270.294071666822
12486,10270.294071666822
12487,10270.294071666822
12488,10270.294071666822
12489,10270.294071666822
12490,10270.294071666822
12491,10270.294071666822
12492,10270.294071666822
12493,10270.294071666822
12494,10270.294071666822
12495,10270.294071666822
12496,10270.294071666822
12497,10270.294071666822
12498,10270.294071666822
12499,10270.294071666822
12500,10270.294071666822
12501,10270.294071666822
12502,10270.294071666822
12503,10270.294071666822
12504,10270.294071666822
12505,10270.294071666822
12506,10270.294071666822
12507,10270.294071666822
12508,10270.294071666822
12509,10270.294071666822
12510,10270.294071666822
12511,10270.294071666822
12512,10270.294071666822
12513,10270.294071666822
12514,10270.294071666822
12515,10270.294071666822
12516,10270.294071666822
12517,10270.294071666822
12518,10270.294071666822
12519,10270.294071666822
12520,10270.294071666822
12521,10270.294071666822
12522,10270.294071666822
12523,10270.294071666822
12524,10270.294071666822
12525,10270.294071666822
12526,10270.294071666822
12527,10270.294071666822
12528,10270.294071666822
12529,10270.294071666822
12530,10270.294071666822
12531,10270.294071666822
12532,10270.294071666822
12533,10270.294071666822
12534,10270.294071666822
12535,10270.294071666822
12536,10270.294071666822
12537,10270.294071666822
12538,10270.294071666822
12539,10270.294071666822
12540,10270.294071666822
12541,10270.294071666822
12542,10270.294071666822
12543,10270.294071666822
12544,10270.294071666822
12545,10270.294071666822
12546,10270.294071666822
12547,10270.294071666822
12548,10270.294071666822
12549,10270.294071666822
12550,10270.294071666822
12551,10270.294071666822
12552,10270.294071666822
12553,10270.294071666822
12554,10270.294071666822
12555,10270.294071666822
12556,10270.294071666822
12557,10270.294071666822
12558,10270.294071666822
12559,10270.294071666822
12560,10270.294071666822
12561,10270.294071666822
12562,10270.294071666822
12563,10270.294071666822
12564,10270.294071666822
12565,10270.294071666822
12566,10270.294071666822
12567,10270.294071666822
12568,10270.294071666822
12569,10270.294071666822
12570,10270.294071666822
12571,10270.294071666822
12572,10270.294071666822
12573,10270.294071666822
12574,10270.294071666822
12575,10270.294071666822
12576,10270.294071666822
12577,10270.294071666822
12578,10270.294071666822
12579,10270.294071666822
12580,10270.294071666822
12581,10270.294071666822
12582,10270.294071666822
12583,10270.294071666822
12584,10270.294071666822
12585,10270.294071666822
12586,10270.294071666822
12587,10270.294071666822
12588,10270.294071666822
12589,10270.294071666822
12590,10270.294071666822
12591,10270.294071666822
12592,10270.294071666822
12593,10270.294071666822
12594,10270.294071666822
12595,10270.294071666822
12596,10270.294071666822
12597,10270.294071666822
12598,10270.294071666822
12599,10270.294071666822
12600,10270.294071666822
12601,10270.294071666822
12602,10270.294071666822
12603,10270.294071666822
12604,10270.294071666822
12605,10270.294071666822
12606,10270.294071666822
12607,10270.294071666822
12608,10270.294071666822
12609,10270.294071666822
12610,10270.294071666822
12611,10270.294071666822
12612,10270.294071666822
12613,10270.294071666822
12614,10270.294071666822
12615,10270.294071666822
12616,10270.294071666822
12617,10270.294071666822
12618,10270.294071666822
12619,10270.294071666822
12620,10270.294071666822
12621,10270.294071666822
12622,10270.294071666822
12623,10270.294071666822
12624,10270.294071666822
12625,10270.294071666822
12626,10270.294071666822
12627,10270.294071666822
12628,10270.294071666822
12629,10270.294071666822
12630,10270.294071666822
12631,10270.294071666822
12632,10270.294071666822
12633,10270.294071666822
12634,10270.294071666822
12635,10270.294071666822
12636,10270.294071666822
12637,10270.294071666822
12638,10270.294071666822
12639,10270.294071666822
12640,10270.294071666822
12641,10270.294071666822
12642,10270.294071666822
12643,10270.294071666822
12644,10270.294071666822
12645,10270.294071666822
12646,10270.294071666822
12647,10270.294071666822
12648,10270.294071666822
12649,10270.294071666822
12650,10270.294071666822
12651,10204.295611457506
12652,10204.295611457506
12653,10204.295611457506
12654,10204.295611457506
12655,10204.295611457506
12656,10204.295611457506
12657,10204.295611457506
12658,10204.295611457506
12659,10204.295611457506
12660,10172.62757563376
12661,10172.62757563376
12662,10172.62757563376
12663,10172.62757563376
12664,10172.62757563376
12665,10172.62757563376
12666,10172.62757563376
12667,10172.62757563376
12668,10172.62757563376
12669,10172.62757563376
12670,10172.62757563376
12671,10172.62757563376
12672,10172.62757563376
12673,10172.62757563376
12674,10172.62757563376
12675,10172.62757563376
12676,10172.62757563376
12677,10172.62757563376
12678,10172.62757563376
12679,10172.62757563376
12680,10172.62757563376
12681,10172.62757563376
12682,10172.62757563376
12683,10172.62757563376
12684,10172.62757563376
12685,10172.62757563376
12686,10172.62757563376
12687,10172.62757563376
12688,10172.62757563376
12689,10172.62757563376
12690,10172.62757563376
12691,10172.62757563376
12692,10172.62757563376
12693,10172.62757563376
12694,10172.62757563376
12695,10172.62757563376
12696,10172.62757563376
12697,10172.62757563376
12698,10172.62757563376
12699,10172.62757563376
12700,10172.62757563376
12701,10172.62757563376
12702,10172.62757563376
12703,10172.62757563376
12704,10172.62757563376
12705,10172.62757563376
12706,10172.62757563376
12707,10172.62757563376
12708,10172.62757563376
12709,10172.62757563376
12710,10172.62757563376
12711,10172.62757563376
12712,10172.62757563376
12713,10172.62757563376
12714,10172.62757563376
12715,10172.62757563376
12716,10172.62757563376
12717,10172.62757563376
12718,10172.62757563376
12719,10172.62757563376
12720,10172.62757563376
12721,10172.62757563376
12722,10172.62757563376
12723,10172.62757563376
12724,10172.62757563376
12725,10172.62757563376
12726,10172.62757563376
12727,10172.62757563376
12728,10172.62757563376
12729,10172.62757563376
12730,10172.62757563376
12731,10172.62757563376
12732,10172.62757563376
12733,10172.62757563376
12734,10172.62757563376
12735,10172.62757563376
12736,10172.62757563376
12737,10172.62757563376
12738,10172.62757563376
12739,10172.62757563376
12740,10172.62757563376
12741,10172.62757563376
12742,10172.62757563376
12743,10172.62757563376
12744,10172.62757563376
12745,10172.62757563376
12746,10172.62757563376
12747,10172.62757563376
12748,10172.62757563376
12749,10172.62757563376
12750,10172.62757563376
12751,10172.62757563376
12752,10172.62757563376
12753,10172.62757563376
12754,10172.62757563376
12755,10172.62757563376
12756,10172.62757563376
12757,10172.62757563376
12758,10172.62757563376
12759,10172.62757563376
12760,10172.62757563376
12761,10172.62757563376
12762,10172.62757563376
12763,10172.62757563376
12764,10172.62757563376
12765,10172.62757563376
12766,10172.62757563376
12767,10172.62757563376
12768,10172.62757563376
12769,10172.62757563376
12770,10172.62757563376
12771,10172.62757563376
12772,10172.62757563376
12773,10172.62757563376
12774,10172.62757563376
12775,10172.62757563376
12776,10172.62757563376
12777,10172.62757563376
12778,10172.62757563376
12779,10172.62757563376
12780,10172.62757563376
12781,10172.62757563376
12782,10172.62757563376
12783,10172.62757563376
12784,10172.62757563376
12785,10172.62757563376
12786,10172.62757563376
12787,10172.62757563376
12788,10172.62757563376
12789,10172.62757563376
12790,10172.62757563376
12791,10172.62757563376
12792,10172.62757563376
12793,10172.62757563376
12794,10172.62757563376
12795,10172.62757563376
12796,10172.62757563376
12797,10172.62757563376
12798,10172.62757563376
12799,10172.62757563376
12800,10172.62757563376
12801,10172.62757563376
12802,10172.62757563376
12803,10172.62757563376
12804,10172.62757563376
12805,10172.62757563376
12806,10172.62757563376
12807,10172.62757563376
12808,10172.62757563376
12809,10172.62757563376
12810,10172.62757563376
12811,10172.62757563376
12812,10172.62757563376
12813,10172.62757563376
12814,10172.62757563376
12815,10172.62757563376
12816,10172.62757563376
12817,10172.62757563376
12818,10177.68845063891
12819,10177.68845063891
12820,10181.072000486081
12821,10181.072000486081
12822,10181.072000486081
12823,10189.601636120029
12824,10149.664896104377
12825,10149.664896104377
12826,10149.664896104377
12827,10149.664896104377
12828,10149.664896104377
12829,10149.664896104377
12830,10149.664896104377
12831,10149.664896104377
12832,10149.664896104377
12833,10149.664896104377
12834,10149.664896104377
12835,10149.664896104377
12836,10149.664896104377
12837,10149.664896104377
12838,10149.664896104377
12839,10149.664896104377
12840,10149.664896104377
12841,10149.664896104377
12842,10149.664896104377
12843,10149.664896104377
12844,10149.664896104377
12845,10149.664896104377
12846,10149.664896104377
12847,10149.664896104377
12848,10149.664896104377
12849,10149.664896104377
12850,10149.664896104377
12851,10149.664896104377
12852,10149.664896104377
12853,10149.664896104377
12854,10149.664896104377
12855,10149.664896104377
12856,10149.664896104377
12857,10149.664896104377
12858,10149.664896104377
12859,10149.664896104377
12860,10149.664896104377
12861,10149.664896104377
12862,10149.664896104377
12863,10149.664896104377
12864,10149.664896104377
12865,10155.722741271758
12866,10154.560706688351
12867,10172.632992528403
12868,10205.020422901296
12869,10197.436044366974
12870,10258.746608982072
12871,10232.544754119506
12872,10237.118123471893
12873,10313.366907463485
12874,10307.192235762921
12875,10277.617988309103
12876,10147.186615913763
12877,10147.186615913763
12878,10147.186615913763
12879,10147.186615913763
12880,10147.186615913763
12881,10169.98771362094
12882,10169.98771362094
12883,10169.98771362094
12884,10162.250085835503
12885,10152.797151103083
12886,10152.797151103083
12887,10152.797151103083
12888,10152.797151103083
12889,10152.797151103083
12890,10152.797151103083
12891,10152.797151103083
12892,10152.797151103083
12893,10152.797151103083
12894,10152.797151103083
12895,10152.797151103083
12896,10152.797151103083
12897,10152.797151103083
12898,10152.797151103083
12899,10152.797151103083
12900,10152.797151103083
12901,10152.797151103083
12902,10152.797151103083
12903,10152.797151103083
12904,10152.797151103083
12905,10152.797151103083
12906,10152.797151103083
12907,10152.797151103083
12908,10152.797151103083
12909,10152.797151103083
12910,10152.797151103083
12911,10152.797151103083
12912,10152.797151103083
12913,10152.797151103083
12914,10152.797151103083
12915,10152.797151103083
12916,10152.797151103083
12917,10152.797151103083
12918,10152.797151103083
12919,10152.797151103083
12920,10152.797151103083
12921,10152.797151103083
12922,10152.797151103083
12923,10152.797151103083
12924,10152.797151103083
12925,10152.797151103083
12926,10152.797151103083
12927,10152.797151103083
12928,10152.797151103083
12929,10152.797151103083
12930,10152.797151103083
12931,10152.797151103083
12932,10152.797151103083
12933,10152.797151103083
12934,10152.797151103083
12935,10152.797151103083
12936,10152.797151103083
12937,10152.797151103083
12938,10152.797151103083
12939,10152.797151103083
12940,10152.797151103083
12941,10152.797151103083
12942,10152.797151103083
12943,10152.797151103083
12944,10152.797151103083
12945,10152.797151103083
12946,10152.797151103083
12947,10152.797151103083
12948,10152.797151103083
12949,10152.797151103083
12950,10152.797151103083
12951,10152.797151103083
12952,10152.797151103083
12953,10152.797151103083
12954,10152.797151103083
12955,10152.797151103083
12956,10152.797151103083
12957,10152.797151103083
12958,10152.797151103083
12959,10152.797151103083
12960,10152.797151103083
12961,10152.797151103083
12962,10152.797151103083
12963,10152.797151103083
12964,10152.797151103083
12965,10152.797151103083
12966,10152.797151103083
12967,10152.797151103083
12968,10152.797151103083
12969,10152.797151103083
12970,10152.797151103083
12971,10152.797151103083
12972,10152.797151103083
12973,10152.797151103083
12974,10152.797151103083
12975,10152.797151103083
12976,10152.797151103083
12977,10152.797151103083
12978,10152.797151103083
12979,10152.797151103083
12980,10152.797151103083
12981,10152.797151103083
12982,10152.797151103083
12983,10152.797151103083
12984,10152.797151103083
12985,10183.680841570822
12986,10288.8441629842
12987,10300.371209673644
12988,10242.088125320473
12989,10261.500155316118
12990,10185.216550324585
12991,10185.216550324585
12992,10185.216550324585
12993,10185.216550324585
12994,10185.216550324585
12995,10185.216550324585
12996,10185.216550324585
12997,10185.216550324585
12998,10185.216550324585
12999,10185.216550324585
13000,10185.216550324585
13001,10185.216550324585
13002,10185.216550324585
13003,10185.216550324585
13004,10185.216550324585
13005,10185.216550324585
13006,10185.216550324585
13007,10185.216550324585
13008,10185.216550324585
13009,10185.216550324585
13010,10185.216550324585
13011,10185.216550324585
13012,10185.216550324585
13013,10185.216550324585
13014,10185.216550324585
13015,10185.216550324585
13016,10185.216550324585
13017,10185.216550324585
13018,10185.216550324585
13019,10185.216550324585
13020,10185.216550324585
13021,10185.216550324585
13022,10185.216550324585
13023,10185.216550324585
13024,10185.216550324585
13025,10185.216550324585
13026,10185.216550324585
13027,10185.216550324585
13028,10185.216550324585
13029,10185.216550324585
13030,10185.216550324585
13031,10185.216550324585
13032,10185.216550324585
13033,10185.216550324585
13034,10185.216550324585
13035,10185.216550324585
13036,10185.216550324585
13037,10185.216550324585
13038,10185.216550324585
13039,10185.216550324585
13040,10185.216550324585
13041,10185.216550324585
13042,10185.216550324585
13043,10185.216550324585
13044,10185.216550324585
13045,10185.216550324585
13046,10185.216550324585
13047,10185.216550324585
13048,10185.216550324585
13049,10185.216550324585
13050,10185.216550324585
13051,10185.216550324585
13052,10185.216550324585
13053,10202.425278165007
13054,10202.425278165007
13055,10178.208219070671
13056,10178.208219070671
13057,10118.980125499913
13058,10134.962465594977
13059,10122.220852306882
13060,10098.217836305646
13061,10098.217836305646
13062,10098.217836305646
13063,10098.217836305646
13064,10098.217836305646
13065,10098.217836305646
13066,10098.217836305646
13067,10098.217836305646
13068,10098.217836305646
13069,10098.217836305646
13070,10098.217836305646
13071,10098.217836305646
13072,10098.217836305646
13073,10098.217836305646
13074,10098.217836305646
13075,10098.217836305646
13076,10098.217836305646
13077,10098.217836305646
13078,10098.217836305646
13079,10098.217836305646
13080,10098.217836305646
13081,10098.217836305646
13082,10098.217836305646
13083,10098.217836305646
13084,10098.217836305646
13085,10098.217836305646
13086,10098.217836305646
13087,10098.217836305646
13088,10098.217836305646
13089,10098.217836305646
13090,10098.217836305646
13091,10098.217836305646
13092,10098.217836305646
13093,10098.217836305646
13094,10098.217836305646
13095,10098.217836305646
13096,10098.217836305646
13097,10098.217836305646
13098,10098.217836305646
13099,10098.217836305646
13100,10098.217836305646
13101,10098.217836305646
13102,10098.217836305646
13103,10098.217836305646
13104,10098.217836305646
13105,10098.217836305646
13106,10098.217836305646
13107,10098.217836305646
13108,10098.217836305646
13109,10098.217836305646
13110,10098.217836305646
13111,10098.217836305646
13112,10098.217836305646
13113,10098.217836305646
13114,10098.217836305646
13115,10098.217836305646
13116,10098.217836305646
13117,10076.538926420919
13118,10097.938055657323
13119,10079.227111246626
13120,10096.316636812358
13121,10153.143195160761
13122,10148.483456643653
13123,10142.459173911911
13124,10134.278453200695
13125,10291.511905270301
13126,10270.405645835359
13127,10296.58067982297
13128,10412.55548505762
13129,10379.021074718195
13130,10379.320489096228
13131,10353.4857730902
13132,10378.543320628662
13133,10373.808319481008
13134,10353.166724982462
13135,10353.166724982462
13136,10353.166724982462
13137,10353.166724982462
13138,10353.166724982462
13139,10353.166724982462
13140,10353.166724982462
13141,10353.166724982462
13142,10353.166724982462
13143,10353.166724982462
13144,10353.166724982462
13145,10353.166724982462
13146,10353.166724982462
13147,10353.166724982462
13148,10353.166724982462
13149,10353.166724982462
13150,10353.166724982462
13151,10353.166724982462
13152,10353.166724982462
13153,10353.166724982462
13154,10353.166724982462
13155,10353.166724982462
13156,10353.166724982462
13157,10353.166724982462
13158,10353.166724982462
13159,10353.166724982462
13160,10353.166724982462
13161,10353.166724982462
13162,10353.166724982462
13163,10353.166724982462
13164,10353.166724982462
13165,10353.166724982462
13166,10353.166724982462
13167,10353.166724982462
13168,10353.166724982462
13169,10353.166724982462
13170,10353.166724982462
13171,10353.166724982462
13172,10353.166724982462
13173,10353.166724982462
13174,10353.166724982462
13175,10353.166724982462
13176,10353.166724982462
13177,10353.166724982462
13178,10353.166724982462
13179,10353.166724982462
13180,10353.166724982462
13181,10353.166724982462
13182,10353.166724982462
13183,10353.166724982462
13184,10353.166724982462
13185,10353.166724982462
13186,10353.166724982462
13187,10353.166724982462
13188,10353.166724982462
13189,10353.166724982462
13190,10353.166724982462
13191,10353.166724982462
13192,10353.166724982462
13193,10353.166724982462
13194,10353.166724982462
13195,10353.166724982462
13196,10353.166724982462
13197,10353.166724982462
13198,10353.166724982462
13199,10353.166724982462
13200,10353.166724982462
13201,10353.166724982462
13202,10353.166724982462
13203,10353.166724982462
13204,10353.166724982462
13205,10353.166724982462
13206,10353.166724982462
13207,10353.166724982462
13208,10353.166724982462
13209,10353.166724982462
13210,10353.166724982462
13211,10353.166724982462
13212,10353.166724982462
13213,10353.166724982462
13214,10353.166724982462
13215,10353.166724982462
13216,10353.166724982462
13217,10353.166724982462
13218,10353.166724982462
13219,10353.166724982462
13220,10353.166724982462
13221,10353.166724982462
13222,10353.166724982462
13223,10353.166724982462
13224,10353.166724982462
13225,10353.166724982462
13226,10353.166724982462
13227,10353.166724982462
13228,10353.166724982462
13229,10353.166724982462
13230,10353.166724982462
13231,10353.166724982462
13232,10353.166724982462
13233,10353.166724982462
13234,10353.166724982462
13235,10353.166724982462
13236,10353.166724982462
13237,10353.166724982462
13238,10353.166724982462
13239,10353.166724982462
13240,10353.166724982462
13241,10353.166724982462
13242,10353.166724982462
13243,10353.166724982462
13244,10353.166724982462
13245,10353.166724982462
13246,10353.166724982462
13247,10353.166724982462
13248,10353.166724982462
13249,10353.166724982462
13250,10353.166724982462
13251,10353.166724982462
13252,10353.166724982462
13253,10353.166724982462
13254,10353.166724982462
13255,10353.166724982462
13256,10353.166724982462
13257,10353.166724982462
13258,10353.166724982462
13259,10353.166724982462
13260,10353.166724982462
13261,10353.166724982462
13262,10353.166724982462
13263,10353.166724982462
13264,10353.166724982462
13265,10353.166724982462
13266,10353.166724982462
13267,10353.166724982462
13268,10353.166724982462
13269,10353.166724982462
13270,10375.201729849021
13271,10322.044752798085
13272,10322.044752798085
13273,10322.044752798085
13274,10322.044752798085
13275,10322.044752798085
13276,10322.044752798085
13277,10322.044752798085
13278,10322.044752798085
13279,10322.044752798085
13280,10322.044752798085
13281,10322.044752798085
13282,10322.044752798085
13283,10322.044752798085
13284,10322.044752798085
13285,10322.044752798085
13286,10322.044752798085
13287,10322.044752798085
13288,10322.044752798085
13289,10322.044752798085
13290,10322.044752798085
13291,10322.044752798085
13292,10322.044752798085
13293,10322.044752798085
13294,10322.044752798085
13295,10322.044752798085
13296,10322.044752798085
13297,10322.044752798085
13298,10322.044752798085
13299,10322.044752798085
13300,10322.044752798085
13301,10322.044752798085
13302,10322.044752798085
13303,10322.044752798085
13304,10322.044752798085
13305,10322.044752798085
13306,10322.044752798085
13307,10322.044752798085
13308,10322.044752798085
13309,10322.044752798085
13310,10322.044752798085
13311,10322.044752798085
13312,10322.044752798085
13313,10322.044752798085
13314,10322.044752798085
13315,10322.044752798085
13316,10322.044752798085
13317,10322.044752798085
13318,10322.044752798085
13319,10322.044752798085
13320,10322.044752798085
13321,10322.044752798085
13322,10322.044752798085
13323,10322.044752798085
13324,10322.044752798085
13325,10322.044752798085
13326,10322.044752798085
13327,10322.044752798085
13328,10322.044752798085
13329,10322.044752798085
13330,10322.044752798085
13331,10322.044752798085
13332,10322.044752798085
13333,10322.044752798085
13334,10322.044752798085
13335,10322.044752798085
13336,10322.044752798085
13337,10322.044752798085
13338,10322.044752798085
13339,10322.044752798085
13340,10322.044752798085
13341,10322.044752798085
13342,10322.044752798085
13343,10322.044752798085
13344,10322.044752798085
13345,10322.044752798085
13346,10322.044752798085
13347,10322.044752798085
13348,10322.044752798085
13349,10322.044752798085
13350,10322.044752798085
13351,10322.044752798085
13352,10322.044752798085
13353,10322.044752798085
13354,10322.044752798085
13355,10322.044752798085
13356,10322.044752798085
13357,10322.044752798085
13358,10322.044752798085
13359,10322.044752798085
13360,10322.044752798085
13361,10322.044752798085
13362,10322.044752798085
13363,10322.044752798085
13364,10322.044752798085
13365,10322.044752798085
13366,10322.044752798085
13367,10322.044752798085
13368,10322.044752798085
13369,10322.044752798085
13370,10322.044752798085
13371,10322.044752798085
13372,10322.044752798085
13373,10322.044752798085
13374,10322.044752798085
13375,10322.044752798085
13376,10322.044752798085
13377,10322.044752798085
13378,10322.044752798085
13379,10322.044752798085
13380,10322.044752798085
13381,10322.044752798085
13382,10322.044752798085
13383,10322.044752798085
13384,10322.044752798085
13385,10322.044752798085
13386,10322.044752798085
13387,10322.044752798085
13388,10322.044752798085
13389,10322.044752798085
13390,10322.044752798085
13391,10322.044752798085
13392,10322.044752798085
13393,10322.044752798085
13394,10322.044752798085
13395,10322.044752798085
13396,10322.044752798085
13397,10322.044752798085
13398,10322.044752798085
13399,10322.044752798085
13400,10322.044752798085
13401,10322.044752798085
13402,10322.044752798085
13403,10322.044752798085
13404,10322.044752798085
13405,10322.044752798085
13406,10322.044752798085
13407,10322.044752798085
13408,10322.044752798085
13409,10346.017554976697
13410,10218.080381727224
13411,10218.080381727224
13412,10218.080381727224
13413,10218.080381727224
13414,10218.080381727224
13415,10218.080381727224
13416,10218.080381727224
13417,10218.080381727224
13418,10218.080381727224
13419,10218.080381727224
13420,10218.080381727224
13421,10218.080381727224
13422,10218.080381727224
13423,10218.080381727224
13424,10218.080381727224
13425,10218.080381727224
13426,10218.080381727224
13427,10218.080381727224
13428,10218.080381727224
13429,10218.080381727224
13430,10218.080381727224
13431,10218.080381727224
13432,10218.080381727224
13433,10206.90642314395
13434,10206.90642314395
13435,10206.90642314395
13436,10206.90642314395
13437,10342.311508813618
13438,10297.002556213454
13439,10392.655562476217
13440,10384.307208383063
13441,10323.435532360909
13442,10342.593265764262
13443,10426.746414263705
13444,10481.598579136606
13445,10413.87429579632
13446,10446.22764638817
13447,10470.57527325277
13448,10467.794227795488
13449,10421.617394217723
13450,10421.617394217723
13451,10421.617394217723
13452,10421.617394217723
13453,10421.617394217723
13454,10421.617394217723
13455,10421.617394217723
13456,10421.617394217723
13457,10421.617394217723
13458,10421.617394217723
13459,10421.617394217723
13460,10421.617394217723
13461,10421.617394217723
13462,10421.617394217723
13463,10421.617394217723
13464,10421.617394217723
13465,10421.617394217723
13466,10421.617394217723
13467,10421.617394217723
13468,10421.617394217723
13469,10421.617394217723
13470,10421.617394217723
13471,10421.617394217723
13472,10421.617394217723
13473,10421.617394217723
13474,10421.617394217723
13475,10421.617394217723
13476,10421.617394217723
13477,10421.617394217723
13478,10421.617394217723
13479,10421.617394217723
13480,10421.617394217723
13481,10421.617394217723
13482,10421.617394217723
13483,10421.617394217723
13484,10421.617394217723
13485,10421.617394217723
13486,10421.617394217723
13487,10421.617394217723
13488,10421.617394217723
13489,10421.617394217723
13490,10421.617394217723
13491,10421.617394217723
13492,10421.617394217723
13493,10421.617394217723
13494,10421.617394217723
13495,10421.617394217723
13496,10421.617394217723
13497,10421.617394217723
13498,10421.617394217723
13499,10421.617394217723
13500,10421.617394217723
13501,10421.617394217723
13502,10421.617394217723
13503,10421.617394217723
13504,10421.617394217723
13505,10421.617394217723
13506,10421.617394217723
13507,10421.617394217723
13508,10421.617394217723
13509,10421.617394217723
13510,10421.617394217723
13511,10421.617394217723
13512,10421.617394217723
13513,10421.617394217723
13514,10421.617394217723
13515,10421.617394217723
13516,10421.617394217723
13517,10421.617394217723
13518,10421.617394217723
13519,10421.617394217723
13520,10421.617394217723
13521,10421.617394217723
13522,10421.617394217723
13523,10421.617394217723
13524,10421.617394217723
13525,10421.617394217723
13526,10421.617394217723
13527,10421.617394217723
13528,10421.617394217723
13529,10421.617394217723
13530,10421.617394217723
13531,10421.617394217723
13532,10421.617394217723
13533,10421.617394217723
13534,10421.617394217723
13535,10421.617394217723
13536,10421.617394217723
13537,10421.617394217723
13538,10421.617394217723
13539,10421.617394217723
13540,10421.617394217723
13541,10421.617394217723
13542,10421.617394217723
13543,10421.617394217723
13544,10421.617394217723
13545,10421.617394217723
13546,10421.617394217723
13547,10421.617394217723
13548,10421.617394217723
13549,10421.617394217723
13550,10421.617394217723
13551,10421.617394217723
13552,10421.617394217723
13553,10421.617394217723
13554,10421.617394217723
13555,10466.057053253313
13556,10469.990883814045
13557,10499.83486722601
13558,10492.606720034804
13559,10428.996401105298
13560,10428.996401105298
13561,10428.996401105298
13562,10428.996401105298
13563,10428.996401105298
13564,10428.996401105298
13565,10428.996401105298
13566,10428.996401105298
13567,10428.996401105298
13568,10428.996401105298
13569,10428.996401105298
13570,10428.996401105298
13571,10428.996401105298
13572,10428.996401105298
13573,10428.996401105298
13574,10428.996401105298
13575,10428.996401105298
13576,10428.996401105298
13577,10428.996401105298
13578,10428.996401105298
13579,10428.996401105298
13580,10428.996401105298
13581,10428.996401105298
13582,10428.996401105298
13583,10428.996401105298
13584,10428.996401105298
13585,10428.996401105298
13586,10433.921815546704
13587,10433.921815546704
13588,10414.588155444968
13589,10414.588155444968
13590,10414.588155444968
13591,10414.588155444968
13592,10414.588155444968
13593,10414.588155444968
13594,10414.588155444968
13595,10414.588155444968
13596,10414.588155444968
13597,10414.588155444968
13598,10414.588155444968
13599,10414.588155444968
13600,10414.588155444968
13601,10414.588155444968
13602,10414.588155444968
13603,10414.588155444968
13604,10414.588155444968
13605,10414.588155444968
13606,10414.588155444968
13607,10414.588155444968
13608,10414.588155444968
13609,10414.588155444968
13610,10414.588155444968
13611,10414.588155444968
13612,10414.588155444968
13613,10414.588155444968
13614,10414.588155444968
13615,10414.588155444968
13616,10414.588155444968
13617,10414.588155444968
13618,10414.588155444968
13619,10414.588155444968
13620,10414.588155444968
13621,10414.588155444968
13622,10414.588155444968
13623,10414.588155444968
13624,10414.588155444968
13625,10414.588155444968
13626,10414.588155444968
13627,10414.588155444968
13628,10414.588155444968
13629,10414.588155444968
13630,10414.588155444968
13631,10414.588155444968
13632,10414.588155444968
13633,10414.588155444968
13634,10385.425432256765
13635,10385.425432256765
13636,10339.8664821474
13637,10339.8664821474
13638,10339.8664821474
13639,10339.8664821474
13640,10339.8664821474
13641,10339.067536196906
13642,10339.067536196906
13643,10366.80029366888
13644,10275.055554138049
13645,10275.055554138049
13646,10275.055554138049
13647,10275.055554138049
13648,10275.055554138049
13649,10275.055554138049
13650,10275.055554138049
13651,10275.055554138049
13652,10275.055554138049
13653,10275.055554138049
13654,10275.055554138049
13655,10275.055554138049
13656,10275.055554138049
13657,10275.055554138049
13658,10275.055554138049
13659,10275.055554138049
13660,10275.055554138049
13661,10275.055554138049
13662,10275.055554138049
13663,10275.055554138049
13664,10275.055554138049
13665,10275.055554138049
13666,10275.055554138049
13667,10275.055554138049
13668,10275.055554138049
13669,10275.055554138049
13670,10275.055554138049
13671,10275.055554138049
13672,10275.055554138049
13673,10275.055554138049
13674,10275.055554138049
13675,10275.055554138049
13676,10275.055554138049
13677,10275.055554138049
13678,10275.055554138049
13679,10275.055554138049
13680,10275.055554138049
13681,10275.055554138049
13682,10275.055554138049
13683,10275.055554138049
13684,10275.055554138049
13685,10275.055554138049
13686,10275.055554138049
13687,10275.055554138049
13688,10275.055554138049
13689,10275.055554138049
13690,10275.055554138049
13691,10275.055554138049
13692,10275.055554138049
13693,10275.055554138049
13694,10275.055554138049
13695,10275.055554138049
13696,10275.055554138049
13697,10275.055554138049
13698,10275.055554138049
13699,10275.055554138049
13700,10275.055554138049
13701,10275.055554138049
13702,10275.055554138049
13703,10275.055554138049
13704,10275.055554138049
13705,10275.055554138049
13706,10275.055554138049
13707,10275.055554138049
13708,10275.055554138049
13709,10275.055554138049
13710,10275.055554138049
13711,10275.055554138049
13712,10275.055554138049
13713,10275.055554138049
13714,10275.055554138049
13715,10275.055554138049
13716,10275.055554138049
13717,10275.055554138049
13718,10275.055554138049
13719,10275.055554138049
13720,10275.055554138049
13721,10275.055554138049
13722,10275.055554138049
13723,10275.055554138049
13724,10275.055554138049
13725,10275.055554138049
13726,10275.055554138049
13727,10275.055554138049
13728,10275.055554138049
13729,10275.055554138049
13730,10275.055554138049
13731,10275.055554138049
13732,10275.055554138049
13733,10275.055554138049
13734,10275.055554138049
13735,10275.055554138049
13736,10275.055554138049
13737,10275.055554138049
13738,10275.055554138049
13739,10275.055554138049
13740,10275.055554138049
13741,10275.055554138049
13742,10275.055554138049
13743,10275.055554138049
13744,10275.055554138049
13745,10275.055554138049
13746,10275.055554138049
13747,10275.055554138049
13748,10275.055554138049
13749,10275.055554138049
13750,10275.055554138049
13751,10275.055554138049
13752,10275.055554138049
13753,10275.055554138049
13754,10275.055554138049
13755,10275.055554138049
13756,10275.055554138049
13757,10275.055554138049
13758,10275.055554138049
13759,10275.055554138049
13760,10275.055554138049
13761,10275.055554138049
13762,10275.055554138049
13763,10275.055554138049
13764,10275.055554138049
13765,10275.055554138049
13766,10275.055554138049
13767,10275.055554138049
13768,10275.055554138049
13769,10275.055554138049
13770,10275.055554138049
13771,10275.055554138049
13772,10275.055554138049
13773,10275.055554138049
13774,10275.055554138049
13775,10275.055554138049
13776,10275.055554138049
13777,10275.055554138049
13778,10275.055554138049
13779,10275.055554138049
13780,10275.055554138049
13781,10275.055554138049
13782,10275.055554138049
13783,10275.055554138049
13784,10275.055554138049
13785,10275.055554138049
13786,10275.055554138049
13787,10275.055554138049
13788,10275.055554138049
13789,10275.055554138049
13790,10275.055554138049
13791,10275.055554138049
13792,10275.055554138049
13793,10275.055554138049
13794,10275.055554138049
13795,10275.055554138049
13796,10275.055554138049
13797,10275.055554138049
13798,10275.055554138049
13799,10275.055554138049
13800,10275.055554138049
13801,10275.055554138049
13802,10275.055554138049
13803,10275.055554138049
13804,10275.055554138049
13805,10264.131810207678
13806,10255.281896140406
13807,10244.881772125684
13808,10254.100432612426
13809,10268.850289391212
13810,10262.951821665374
13811,10295.308582481
13812,10217.756785509497
13813,10217.756785509497
13814,10217.756785509497
13815,10217.756785509497
13816,10217.756785509497
13817,10217.756785509497
13818,10217.756785509497
13819,10217.756785509497
13820,10217.756785509497
13821,10217.756785509497
13822,10217.756785509497
13823,10217.756785509497
13824,10217.756785509497
13825,10217.756785509497
13826,10217.756785509497
13827,10217.756785509497
13828,10217.756785509497
13829,10217.756785509497
13830,10217.756785509497
13831,10217.756785509497
13832,10217.756785509497
13833,10217.756785509497
13834,10217.756785509497
13835,10217.756785509497
13836,10217.756785509497
13837,10217.756785509497
13838,10217.756785509497
13839,10217.756785509497
13840,10217.756785509497
13841,10217.756785509497
13842,10217.756785509497
13843,10217.756785509497
13844,10217.756785509497
13845,10217.756785509497
13846,10217.756785509497
13847,10217.756785509497
13848,10217.756785509497
13849,10217.756785509497
13850,10217.756785509497
13851,10217.756785509497
13852,10217.756785509497
13853,10217.756785509497
13854,10217.756785509497
13855,10217.756785509497
13856,10217.756785509497
13857,10217.756785509497
13858,10217.756785509497
13859,10217.756785509497
13860,10217.756785509497
13861,10217.756785509497
13862,10217.756785509497
13863,10217.756785509497
13864,10217.756785509497
13865,10217.756785509497
13866,10217.756785509497
13867,10217.756785509497
13868,10217.756785509497
13869,10218.072856966588
13870,10218.072856966588
13871,10218.072856966588
13872,10147.90904857027
13873,10147.90904857027
13874,10147.90904857027
13875,10147.90904857027
13876,10147.90904857027
13877,10147.90904857027
13878,10147.90904857027
13879,10147.90904857027
13880,10147.90904857027
13881,10147.90904857027
13882,10147.90904857027
13883,10147.90904857027
13884,10147.90904857027
13885,10147.90904857027
13886,10147.90904857027
13887,10147.90904857027
13888,10147.90904857027
13889,10147.90904857027
13890,10147.90904857027
13891,10147.90904857027
13892,10147.90904857027
13893,10147.90904857027
13894,10147.90904857027
13895,10147.90904857027
13896,10147.90904857027
13897,10147.90904857027
13898,10147.90904857027
13899,10135.785119749951
13900,10135.785119749951
13901,10135.785119749951
13902,10135.785119749951
13903,10135.785119749951
13904,10135.785119749951
13905,10135.785119749951
13906,10135.785119749951
13907,10135.785119749951
13908,10135.785119749951
13909,10135.785119749951
13910,10135.785119749951
13911,10135.785119749951
13912,10135.785119749951
13913,10135.785119749951
13914,10135.785119749951
13915,10135.785119749951
13916,10135.785119749951
13917,10135.785119749951
13918,10135.785119749951
13919,10135.785119749951
13920,10135.785119749951
13921,10135.785119749951
13922,10135.785119749951
13923,10135.785119749951
13924,10135.785119749951
13925,10135.785119749951
13926,10135.785119749951
13927,10135.785119749951
13928,10135.785119749951
13929,10135.785119749951
13930,10135.785119749951
13931,10135.785119749951
13932,10135.785119749951
13933,10135.785119749951
13934,10135.785119749951
13935,10135.785119749951
13936,10135.785119749951
13937,10135.785119749951
13938,10135.785119749951
13939,10135.785119749951
13940,10135.785119749951
13941,10135.785119749951
13942,10135.785119749951
13943,10135.785119749951
13944,10135.785119749951
13945,10135.785119749951
13946,10110.490166579428
13947,10082.043956656566
13948,10082.043956656566
13949,10082.043956656566
13950,10082.043956656566
13951,10082.043956656566
13952,10082.043956656566
13953,10082.043956656566
13954,10082.043956656566
13955,10082.043956656566
13956,10082.043956656566
13957,10082.043956656566
13958,10082.043956656566
13959,10082.043956656566
13960,10082.043956656566
13961,10082.043956656566
13962,10082.043956656566
13963,10082.043956656566
13964,10082.043956656566
13965,10082.043956656566
13966,10082.043956656566
13967,10082.043956656566
13968,10082.043956656566
13969,10082.043956656566
13970,9933.275784635276
13971,9933.275784635276
13972,9933.275784635276
13973,9933.275784635276
13974,9933.275784635276
13975,9947.94916051068
13976,9947.94916051068
13977,9947.94916051068
13978,9947.94916051068
13979,9947.94916051068
13980,9947.94916051068
13981,9947.94916051068
13982,9947.94916051068
13983,9947.94916051068
13984,9947.94916051068
13985,9947.94916051068
13986,9947.94916051068
13987,9947.94916051068
13988,9947.94916051068
13989,9947.94916051068
13990,9947.94916051068
13991,9947.94916051068
13992,9947.94916051068
13993,9947.94916051068
13994,9947.94916051068
13995,9947.94916051068
13996,9947.94916051068
13997,9947.94916051068
13998,9947.94916051068
13999,9947.94916051068
14000,9947.94916051068
14001,9947.94916051068
14002,9947.94916051068
14003,9947.94916051068
14004,9947.94916051068
14005,9947.94916051068
14006,9947.94916051068
14007,9947.94916051068
14008,9947.94916051068
14009,9947.94916051068
14010,9947.94916051068
14011,9947.94916051068
14012,9947.94916051068
14013,9947.94916051068
14014,9947.94916051068
14015,9947.94916051068
14016,9947.94916051068
14017,9947.94916051068
14018,9947.94916051068
14019,9947.94916051068
14020,9947.94916051068
14021,9947.94916051068
14022,9947.94916051068
14023,9947.94916051068
14024,9947.94916051068
14025,9943.263998174607
14026,9880.884209973996
14027,9880.884209973996
14028,9801.895084648155
14029,9801.895084648155
14030,9801.895084648155
14031,9801.895084648155
14032,9801.895084648155
14033,9801.895084648155
14034,9801.895084648155
14035,9801.895084648155
14036,9801.895084648155
14037,9801.895084648155
14038,9801.895084648155
14039,9801.895084648155
14040,9801.895084648155
14041,9801.895084648155
14042,9801.895084648155
14043,9801.895084648155
14044,9801.895084648155
14045,9801.895084648155
14046,9801.895084648155
14047,9801.895084648155
14048,9801.895084648155
14049,9801.895084648155
14050,9801.895084648155
14051,9801.895084648155
14052,9801.895084648155
14053,9801.895084648155
14054,9801.895084648155
14055,9801.895084648155
14056,9801.895084648155
14057,9801.895084648155
14058,9801.895084648155
14059,9801.895084648155
14060,9801.895084648155
14061,9801.895084648155
14062,9801.895084648155
14063,9801.895084648155
14064,9801.895084648155
14065,9801.895084648155
14066,9801.895084648155
14067,9801.895084648155
14068,9801.895084648155
14069,9801.895084648155
14070,9801.895084648155
14071,9801.895084648155
14072,9801.895084648155
14073,9801.895084648155
14074,9801.895084648155
14075,9801.895084648155
14076,9801.895084648155
14077,9801.895084648155
14078,9801.895084648155
14079,9801.895084648155
14080,9801.895084648155
14081,9801.895084648155
14082,9801.895084648155
14083,9801.895084648155
14084,9801.895084648155
14085,9801.895084648155
14086,9801.895084648155
14087,9801.895084648155
14088,9801.895084648155
14089,9801.895084648155
14090,9801.895084648155
14091,9801.895084648155
14092,9801.895084648155
14093,9801.895084648155
14094,9801.895084648155
14095,9801.895084648155
14096,9801.895084648155
14097,9801.895084648155
14098,9801.895084648155
14099,9801.895084648155
14100,9801.895084648155
14101,9801.895084648155
14102,9801.895084648155
14103,9801.895084648155
14104,9801.895084648155
14105,9801.895084648155
14106,9801.895084648155
14107,9801.895084648155
14108,9801.895084648155
14109,9801.895084648155
14110,9801.895084648155
14111,9801.895084648155
14112,9804.614484169799
14113,9790.926037728106
14114,9800.268258031667
14115,9769.94254136021
14116,9769.94254136021
14117,9769.94254136021
14118,9769.94254136021
14119,9769.94254136021
14120,9769.94254136021
14121,9769.94254136021
14122,9769.94254136021
14123,9769.94254136021
14124,9769.94254136021
14125,9769.94254136021
14126,9769.94254136021
14127,9769.94254136021
14128,9769.94254136021
14129,9769.94254136021
14130,9769.94254136021
14131,9769.94254136021
14132,9769.94254136021
14133,9769.94254136021
14134,9769.94254136021
14135,9769.94254136021
14136,9769.94254136021
14137,9769.94254136021
14138,9769.94254136021
14139,9769.94254136021
14140,9769.94254136021
14141,9769.94254136021
14142,9769.94254136021
14143,9769.94254136021
14144,9769.94254136021
14145,9769.94254136021
14146,9769.94254136021
14147,9769.94254136021
14148,9769.94254136021
14149,9769.94254136021
14150,9769.94254136021
14151,9769.94254136021
14152,9769.94254136021
14153,9769.94254136021
14154,9769.94254136021
14155,9769.94254136021
14156,9769.94254136021
14157,9769.94254136021
14158,9769.94254136021
14159,9769.94254136021
14160,9769.94254136021
14161,9769.94254136021
14162,9769.94254136021
14163,9769.94254136021
14164,9769.94254136021
14165,9769.94254136021
14166,9769.94254136021
14167,9769.94254136021
14168,9769.94254136021
14169,9769.94254136021
14170,9769.94254136021
14171,9769.94254136021
14172,9769.94254136021
14173,9769.94254136021
14174,9769.94254136021
14175,9769.94254136021
14176,9769.94254136021
14177,9710.497987306935
14178,9714.449563917833
14179,9674.357193461019
14180,9747.972478190077
14181,9676.912780598219
14182,9676.912780598219
14183,9708.80864436282
14184,9708.80864436282
14185,9708.80864436282
14186,9708.80864436282
14187,9708.80864436282
14188,9708.80864436282
14189,9708.80864436282
14190,9708.80864436282
14191,9708.80864436282
14192,9708.80864436282
14193,9708.80864436282
14194,9740.091347436728
14195,9703.172450539325
14196,9472.352278282568
14197,9472.352278282568
14198,9472.352278282568
14199,9472.352278282568
14200,9472.352278282568
14201,9472.352278282568
14202,9472.352278282568
14203,9472.352278282568
14204,9472.352278282568
14205,9472.352278282568
14206,9472.352278282568
14207,9472.352278282568
14208,9472.352278282568
14209,9472.352278282568
14210,9472.352278282568
14211,9472.352278282568
14212,9472.352278282568
14213,9472.352278282568
14214,9472.352278282568
14215,9472.352278282568
14216,9472.352278282568
14217,9472.352278282568
14218,9472.352278282568
14219,9472.352278282568
14220,9472.352278282568
14221,9472.352278282568
14222,9472.352278282568
14223,9472.352278282568
14224,9472.352278282568
14225,9472.352278282568
14226,9472.352278282568
14227,9472.352278282568
14228,9472.352278282568
14229,9472.352278282568
14230,9472.352278282568
14231,9472.352278282568
14232,9472.352278282568
14233,9472.352278282568
14234,9472.352278282568
14235,9472.352278282568
14236,9472.352278282568
14237,9472.352278282568
14238,9472.352278282568
14239,9472.352278282568
14240,9472.352278282568
14241,9472.352278282568
14242,9472.352278282568
14243,9472.352278282568
14244,9472.352278282568
14245,9472.352278282568
14246,9472.352278282568
14247,9472.352278282568
14248,9472.352278282568
14249,9472.352278282568
14250,9472.352278282568
14251,9472.352278282568
14252,9472.352278282568
14253,9472.352278282568
14254,9472.352278282568
14255,9472.352278282568
14256,9472.352278282568
14257,9472.352278282568
14258,9472.352278282568
14259,9472.352278282568
14260,9472.352278282568
14261,9472.352278282568
14262,9472.352278282568
14263,9472.352278282568
14264,9472.352278282568
14265,9472.352278282568
14266,9472.352278282568
14267,9472.352278282568
14268,9472.352278282568
14269,9472.352278282568
14270,9472.352278282568
14271,9472.352278282568
14272,9472.352278282568
14273,9472.352278282568
14274,9472.352278282568
14275,9472.352278282568
14276,9472.352278282568
14277,9472.352278282568
14278,9472.352278282568
14279,9472.352278282568
14280,9472.352278282568
14281,9472.352278282568
14282,9472.352278282568
14283,9472.352278282568
14284,9472.352278282568
14285,9472.352278282568
14286,9472.352278282568
14287,9472.352278282568
14288,9472.352278282568
14289,9472.352278282568
14290,9472.352278282568
14291,9472.352278282568
14292,9472.352278282568
14293,9472.352278282568
14294,9472.352278282568
14295,9472.352278282568
14296,9472.352278282568
14297,9472.352278282568
14298,9489.231840477642
14299,9489.231840477642
14300,9429.708514179714
14301,9429.708514179714
14302,9429.708514179714
14303,9429.708514179714
14304,9429.708514179714
14305,9429.708514179714
14306,9429.708514179714
14307,9429.708514179714
14308,9429.708514179714
14309,9429.708514179714
14310,9429.708514179714
14311,9429.708514179714
14312,9429.708514179714
14313,9429.708514179714
14314,9486.719528476238
14315,9486.719528476238
14316,9452.286887799113
14317,9452.286887799113
14318,9452.286887799113
14319,9452.286887799113
14320,9452.286887799113
14321,9452.286887799113
14322,9452.286887799113
14323,9452.286887799113
14324,9452.286887799113
14325,9452.286887799113
14326,9452.286887799113
14327,9452.286887799113
14328,9452.286887799113
14329,9452.286887799113
14330,9452.286887799113
14331,9452.286887799113
14332,9452.286887799113
14333,9452.286887799113
14334,9452.286887799113
14335,9452.286887799113
14336,9452.286887799113
14337,9430.537136535335
14338,9430.537136535335
14339,9430.537136535335
14340,9461.34571461422
14341,9239.12400651133
14342,9239.12400651133
14343,9239.12400651133
14344,9239.12400651133
14345,9239.12400651133
14346,9239.12400651133
14347,9239.12400651133
14348,9239.12400651133
14349,9239.12400651133
14350,9239.12400651133
14351,9239.12400651133
14352,9239.12400651133
14353,9239.12400651133
14354,9239.12400651133
14355,9239.12400651133
14356,9239.12400651133
14357,9239.12400651133
14358,9239.12400651133
14359,9239.12400651133
14360,9239.12400651133
14361,9239.12400651133
14362,9239.12400651133
14363,9239.12400651133
14364,9239.12400651133
14365,9239.12400651133
14366,9239.12400651133
14367,9239.12400651133
14368,9239.12400651133
14369,9239.12400651133
14370,9239.12400651133
14371,9239.12400651133
14372,9239.12400651133
14373,9239.12400651133
14374,9239.12400651133
14375,9239.12400651133
14376,9239.12400651133
14377,9120.392852803248
14378,9120.392852803248
14379,9163.415378507558
14380,9163.415378507558
14381,9163.415378507558
14382,9163.415378507558
14383,9163.415378507558
14384,9163.415378507558
14385,9163.415378507558
14386,9163.415378507558
14387,9163.415378507558
14388,9163.415378507558
14389,9163.415378507558
14390,9163.415378507558
14391,9163.415378507558
14392,9163.415378507558
14393,9163.415378507558
14394,9163.415378507558
14395,9163.415378507558
14396,9163.415378507558
14397,9163.415378507558
14398,9163.415378507558
14399,9163.415378507558
14400,9163.415378507558
14401,9163.415378507558
14402,9163.415378507558
14403,9163.415378507558
14404,9163.415378507558
14405,9163.415378507558
14406,9163.415378507558
14407,9163.415378507558
14408,9163.415378507558
14409,9163.415378507558
14410,9163.415378507558
14411,9163.415378507558
14412,9163.415378507558
14413,9163.415378507558
14414,9163.415378507558
14415,9163.415378507558
14416,9163.415378507558
14417,9163.415378507558
14418,9163.415378507558
14419,9163.415378507558
14420,9163.415378507558
14421,9163.415378507558
14422,9163.415378507558
14423,9163.415378507558
14424,9163.415378507558
14425,9163.415378507558
14426,9163.415378507558
14427,9163.415378507558
14428,9163.415378507558
14429,9163.415378507558
14430,9163.415378507558
14431,9163.415378507558
14432,9163.415378507558
14433,9163.415378507558
14434,9163.415378507558
14435,9163.415378507558
14436,9163.415378507558
14437,9163.415378507558
14438,9163.415378507558
14439,9163.415378507558
14440,9163.415378507558
14441,9163.415378507558
14442,9163.415378507558
14443,9163.415378507558
14444,9163.415378507558
14445,9163.415378507558
14446,9163.415378507558
14447,9163.415378507558
14448,9163.415378507558
14449,9163.415378507558
14450,9163.415378507558
14451,9163.415378507558
14452,9163.415378507558
14453,9163.415378507558
14454,9163.415378507558
14455,9163.415378507558
14456,9163.415378507558
14457,9163.415378507558
14458,9163.415378507558
14459,9163.415378507558
14460,9163.415378507558
14461,9163.415378507558
14462,9163.415378507558
14463,9163.415378507558
14464,9163.415378507558
14465,9163.415378507558
14466,9163.415378507558
14467,9163.415378507558
14468,9163.415378507558
14469,9163.415378507558
14470,9163.415378507558
14471,9163.415378507558
14472,9163.415378507558
14473,9163.415378507558
14474,9163.415378507558
14475,9163.415378507558
14476,9163.415378507558
14477,9163.415378507558
14478,9163.415378507558
14479,9163.415378507558
14480,9163.415378507558
14481,9163.415378507558
14482,9163.415378507558
14483,9163.415378507558
14484,9163.415378507558
14485,9125.276394700264
14486,9125.276394700264
14487,9150.04852985361
14488,9102.792310297733
14489,9102.792310297733
14490,9059.748379551394
14491,9059.748379551394
14492,9022.433370900893
14493,9022.433370900893
14494,9022.433370900893
14495,9022.433370900893
14496,9022.433370900893
14497,9022.433370900893
14498,9022.433370900893
14499,9022.433370900893
14500,9022.433370900893
14501,9022.433370900893
14502,9022.433370900893
14503,9022.433370900893
14504,9022.433370900893
14505,9022.433370900893
14506,9022.433370900893
14507,9022.433370900893
14508,9022.433370900893
14509,9022.433370900893
14510,9022.433370900893
14511,9022.433370900893
14512,9022.433370900893
14513,9022.433370900893
14514,9022.433370900893
14515,9022.433370900893
14516,9022.433370900893
14517,9022.433370900893
14518,9022.433370900893
14519,9022.433370900893
14520,9022.433370900893
14521,9022.433370900893
14522,9022.433370900893
14523,9022.433370900893
14524,9022.433370900893
14525,9022.433370900893
14526,9022.433370900893
14527,9022.433370900893
14528,9171.141147704475
14529,9103.632847442244
14530,9130.751644476251
14531,9132.460946777928
14532,9039.192760045948
14533,9039.192760045948
14534,9039.192760045948
14535,9039.192760045948
14536,9039.192760045948
14537,9039.192760045948
14538,9039.192760045948
14539,9039.192760045948
14540,9039.192760045948
14541,9039.192760045948
14542,9039.192760045948
14543,9039.192760045948
14544,9039.192760045948
14545,9039.192760045948
14546,9039.192760045948
14547,9039.192760045948
14548,9039.192760045948
14549,9039.192760045948
14550,9039.192760045948
14551,9039.192760045948
14552,9039.192760045948
14553,9039.192760045948
14554,9039.192760045948
14555,9039.192760045948
14556,9039.192760045948
14557,9067.369225028444
14558,9062.150808929451
14559,8989.839962533744
14560,9025.325192006885
14561,8820.763280926425
14562,8820.763280926425
14563,8820.763280926425
14564,8820.763280926425
14565,8820.763280926425
14566,8820.763280926425
14567,8820.763280926425
14568,8820.763280926425
14569,8820.763280926425
14570,8820.763280926425
14571,8820.763280926425
14572,8820.763280926425
14573,8820.763280926425
14574,8820.763280926425
14575,8820.763280926425
14576,8820.763280926425
14577,8820.763280926425
14578,8820.763280926425
14579,8820.763280926425
14580,8820.763280926425
14581,8820.763280926425
14582,8820.763280926425
14583,8820.763280926425
14584,8820.763280926425
14585,8820.763280926425
14586,8820.763280926425
14587,8820.763280926425
14588,8820.763280926425
14589,8820.763280926425
14590,8820.763280926425
14591,8820.763280926425
14592,8820.763280926425
14593,8820.763280926425
14594,8820.763280926425
14595,8820.763280926425
14596,8820.763280926425
14597,8820.763280926425
14598,8820.763280926425
14599,8820.763280926425
14600,8820.763280926425
14601,8820.763280926425
14602,8820.763280926425
14603,8820.763280926425
14604,8820.763280926425
14605,8820.763280926425
14606,8820.763280926425
14607,8820.763280926425
14608,8820.763280926425
14609,8820.763280926425
14610,8820.763280926425
14611,8820.763280926425
14612,8837.211944928378
14613,8831.674193134397
14614,8824.191270486006
14615,8817.609111571734
14616,8817.609111571734
14617,8817.609111571734
14618,8817.609111571734
14619,8817.609111571734
14620,8817.609111571734
14621,8817.609111571734
14622,8817.609111571734
14623,8817.609111571734
14624,8817.609111571734
14625,8817.609111571734
14626,8817.609111571734
14627,8817.609111571734
14628,8817.609111571734
14629,8817.609111571734
14630,8817.609111571734
14631,8817.609111571734
14632,8817.609111571734
14633,8817.609111571734
14634,8817.609111571734
14635,8817.609111571734
14636,8817.609111571734
14637,8817.609111571734
14638,8817.609111571734
14639,8817.609111571734
14640,8817.609111571734
14641,8817.609111571734
14642,8817.609111571734
14643,8817.609111571734
14644,8817.609111571734
14645,8817.609111571734
14646,8817.609111571734
14647,8817.609111571734
14648,8817.609111571734
14649,8817.609111571734
14650,8817.609111571734
14651,8817.609111571734
14652,8817.609111571734
14653,8817.609111571734
14654,8817.609111571734
14655,8817.609111571734
14656,8817.609111571734
14657,8817.609111571734
14658,8817.609111571734
14659,8817.609111571734
14660,8817.609111571734
14661,8862.855227118926
14662,8830.321748346982
14663,8849.116679211927
14664,8868.532831373537
14665,8857.03426410355
14666,8827.164868969221
14667,8827.164868969221
14668,8827.164868969221
14669,8827.164868969221
14670,8827.164868969221
14671,8827.164868969221
14672,8827.164868969221
14673,8827.164868969221
14674,8827.164868969221
14675,8827.164868969221
14676,8827.164868969221
14677,8827.164868969221
14678,8827.164868969221
14679,8827.164868969221
14680,8827.164868969221
14681,8827.164868969221
14682,8827.164868969221
14683,8827.164868969221
14684,8827.164868969221
14685,8827.164868969221
14686,8827.164868969221
14687,8827.164868969221
14688,8827.164868969221
14689,8827.164868969221
14690,8827.164868969221
14691,8827.164868969221
14692,8827.164868969221
14693,8827.164868969221
14694,8827.164868969221
14695,8827.164868969221
14696,8827.164868969221
14697,8827.164868969221
14698,8827.164868969221
14699,8827.164868969221
14700,8827.164868969221
14701,8827.164868969221
14702,8827.164868969221
14703,8827.164868969221
14704,8827.164868969221
14705,8827.164868969221
14706,8827.164868969221
14707,8827.164868969221
14708,8827.164868969221
14709,8827.164868969221
14710,8827.164868969221
14711,8827.164868969221
14712,8827.164868969221
14713,8827.164868969221
14714,8827.164868969221
14715,8827.164868969221
14716,8827.164868969221
14717,8827.164868969221
14718,8827.164868969221
14719,8827.164868969221
14720,8827.164868969221
14721,8827.164868969221
14722,8827.164868969221
14723,8827.164868969221
14724,8827.164868969221
14725,8827.164868969221
14726,8827.164868969221
14727,8827.164868969221
14728,8827.164868969221
14729,8827.164868969221
14730,8827.164868969221
14731,8827.164868969221
14732,8827.164868969221
14733,8827.164868969221
14734,8827.164868969221
14735,8827.164868969221
14736,8827.164868969221
14737,8827.164868969221
14738,8827.164868969221
14739,8827.164868969221
14740,8827.164868969221
14741,8827.164868969221
14742,8827.164868969221
14743,8827.164868969221
14744,8827.164868969221
14745,8872.674869477247
14746,8872.674869477247
14747,8872.674869477247
14748,8720.104273166853
14749,8720.104273166853
14750,8720.104273166853
14751,8720.104273166853
14752,8720.104273166853
14753,8720.104273166853
14754,8720.104273166853
14755,8720.104273166853
14756,8720.104273166853
14757,8720.104273166853
14758,8720.104273166853
14759,8720.104273166853
14760,8720.104273166853
14761,8720.104273166853
14762,8720.104273166853
14763,8720.104273166853
14764,8720.104273166853
14765,8720.104273166853
14766,8720.104273166853
14767,8720.104273166853
14768,8720.104273166853
14769,8720.104273166853
14770,8720.104273166853
14771,8720.104273166853
14772,8720.104273166853
14773,8720.104273166853
14774,8720.104273166853
14775,8720.104273166853
14776,8720.104273166853
14777,8720.104273166853
14778,8720.104273166853
14779,8720.104273166853
14780,8720.104273166853
14781,8720.104273166853
14782,8720.104273166853
14783,8720.104273166853
14784,8720.104273166853
14785,8720.104273166853
14786,8720.104273166853
14787,8720.104273166853
14788,8720.104273166853
14789,8720.104273166853
14790,8720.104273166853
14791,8727.112554632808
14792,8723.27121544301
14793,8747.618385728963
14794,8739.299755865488
14795,8681.410550010252
14796,8681.410550010252
14797,8681.410550010252
14798,8681.410550010252
14799,8681.410550010252
14800,8681.410550010252
14801,8681.410550010252
14802,8681.410550010252
14803,8681.410550010252
14804,8681.410550010252
14805,8691.93076696642
14806,8746.11785415201
14807,8774.020338669843
14808,8783.423181067485
14809,8784.859350079227
14810,8785.178144532445
14811,8742.882090451856
14812,8742.882090451856
14813,8742.882090451856
14814,8742.882090451856
14815,8742.882090451856
14816,8742.882090451856
14817,8742.882090451856
14818,8727.227840368292
14819,8739.26580550367
14820,8793.87644571247
14821,8660.135490015185
14822,8660.135490015185
14823,8660.135490015185
14824,8660.135490015185
14825,8660.135490015185
14826,8660.135490015185
14827,8660.135490015185
14828,8660.135490015185
14829,8660.135490015185
14830,8660.135490015185
14831,8660.135490015185
14832,8660.135490015185
14833,8660.135490015185
14834,8660.135490015185
14835,8660.135490015185
14836,8660.135490015185
14837,8660.135490015185
14838,8660.135490015185
14839,8660.135490015185
14840,8660.135490015185
14841,8660.135490015185
14842,8660.135490015185
14843,8660.135490015185
14844,8660.135490015185
14845,8660.135490015185
14846,8660.135490015185
14847,8660.135490015185
14848,8660.135490015185
14849,8660.135490015185
14850,8660.135490015185
14851,8660.135490015185
14852,8660.135490015185
14853,8660.135490015185
14854,8660.135490015185
14855,8660.135490015185
14856,8660.135490015185
14857,8660.135490015185
14858,8660.135490015185
14859,8660.135490015185
14860,8660.135490015185
14861,8660.135490015185
14862,8698.788592096018
14863,8698.788592096018
14864,8698.788592096018
14865,8698.788592096018
14866,8698.788592096018
14867,8698.788592096018
14868,8698.788592096018
14869,8698.788592096018
14870,8698.788592096018
14871,8698.788592096018
14872,8698.788592096018
14873,8698.788592096018
14874,8698.788592096018
14875,8698.788592096018
14876,8698.788592096018
14877,8698.788592096018
14878,8698.788592096018
14879,8698.788592096018
14880,8698.788592096018
14881,8698.788592096018
14882,8698.788592096018
14883,8698.788592096018
14884,8698.788592096018
14885,8698.788592096018
14886,8698.788592096018
14887,8698.788592096018
14888,8698.788592096018
14889,8698.788592096018
14890,8698.788592096018
14891,8698.788592096018
14892,8698.788592096018
14893,8698.788592096018
14894,8698.788592096018
14895,8698.788592096018
14896,8698.788592096018
14897,8698.788592096018
14898,8698.788592096018
14899,8698.788592096018
14900,8698.788592096018
14901,8698.788592096018
14902,8698.788592096018
14903,8698.788592096018
14904,8698.788592096018
14905,8698.788592096018
14906,8698.788592096018
14907,8698.788592096018
14908,8698.788592096018
14909,8698.788592096018
14910,8698.788592096018
14911,8698.788592096018
14912,8698.788592096018
14913,8698.788592096018
14914,8698.788592096018
14915,8698.788592096018
14916,8698.788592096018
14917,8698.788592096018
14918,8698.788592096018
14919,8698.788592096018
14920,8698.788592096018
14921,8698.788592096018
14922,8698.788592096018
14923,8698.788592096018
14924,8698.788592096018
14925,8698.788592096018
14926,8698.788592096018
14927,8698.788592096018
14928,8698.788592096018
14929,8698.788592096018
14930,8698.788592096018
14931,8698.788592096018
14932,8698.788592096018
14933,8698.788592096018
14934,8712.136798152636
14935,8712.136798152636
14936,8712.136798152636
14937,8712.136798152636
14938,8712.136798152636
14939,8712.136798152636
14940,8712.136798152636
14941,8712.136798152636
14942,8712.136798152636
14943,8712.136798152636
14944,8712.136798152636
14945,8712.136798152636
14946,8712.136798152636
14947,8712.136798152636
14948,8712.136798152636
14949,8712.136798152636
14950,8712.136798152636
14951,8712.136798152636
14952,8712.136798152636
14953,8712.136798152636
14954,8712.136798152636
14955,8712.136798152636
14956,8712.136798152636
14957,8712.136798152636
14958,8712.136798152636
14959,8712.136798152636
14960,8712.136798152636
14961,8712.136798152636
14962,8712.136798152636
14963,8712.136798152636
14964,8712.136798152636
14965,8712.136798152636
14966,8712.136798152636
14967,8712.136798152636
14968,8712.136798152636
14969,8712.136798152636
14970,8712.136798152636
14971,8712.136798152636
14972,8712.136798152636
14973,8712.136798152636
14974,8712.136798152636
14975,8712.136798152636
14976,8712.136798152636
14977,8712.136798152636
14978,8712.136798152636
14979,8712.136798152636
14980,8712.136798152636
14981,8712.136798152636
14982,8712.136798152636
14983,8712.136798152636
14984,8712.136798152636
14985,8712.136798152636
14986,8712.136798152636
14987,8712.136798152636
14988,8712.136798152636
14989,8712.136798152636
14990,8712.136798152636
14991,8712.136798152636
14992,8712.136798152636
14993,8712.136798152636
14994,8712.136798152636
14995,8712.136798152636
14996,8712.136798152636
14997,8712.136798152636
14998,8712.136798152636
14999,8712.136798152636
15000,8712.136798152636
15001,8712.136798152636
15002,8712.136798152636
15003,8712.136798152636
15004,8712.136798152636
15005,8712.136798152636
15006,8712.136798152636
15007,8712.136798152636
15008,8712.136798152636
15009,8712.136798152636
15010,8712.136798152636
15011,8712.136798152636
15012,8712.136798152636
15013,8712.136798152636
15014,8712.136798152636
15015,8712.136798152636
15016,8712.136798152636
15017,8712.136798152636
15018,8712.136798152636
15019,8712.136798152636
15020,8712.136798152636
15021,8712.136798152636
15022,8712.136798152636
15023,8712.136798152636
15024,8712.136798152636
15025,8712.136798152636
15026,8712.136798152636
15027,8712.136798152636
15028,8712.136798152636
15029,8712.136798152636
15030,8708.392772092222
15031,8675.252809318828
15032,8675.252809318828
15033,8675.252809318828
15034,8675.252809318828
15035,8675.252809318828
15036,8675.252809318828
15037,8675.252809318828
15038,8675.252809318828
15039,8675.252809318828
15040,8689.40623137042
15041,8778.71106669504
15042,8695.918977394776
15043,8720.82610436475
15044,8716.402707498497
15045,8786.673181054291
15046,8942.355031940155
15047,9009.82957117558
15048,8977.97387413649
15049,9006.690479716977
15050,8994.190582778725
15051,8988.979517206993
15052,8975.719462051136
15053,8980.089285862054
15054,8980.089285862054
15055,8980.089285862054
15056,8980.089285862054
15057,8980.089285862054
15058,8980.089285862054
15059,8980.089285862054
15060,8980.089285862054
15061,8980.089285862054
15062,8980.089285862054
15063,8980.089285862054
15064,8980.089285862054
15065,8968.640976625216
15066,8915.64074569511
15067,8915.64074569511
15068,8915.64074569511
15069,8915.64074569511
15070,8915.64074569511
15071,8915.64074569511
15072,8915.64074569511
15073,8915.64074569511
15074,8915.64074569511
15075,8915.64074569511
15076,8915.64074569511
15077,8915.64074569511
15078,8915.64074569511
15079,8915.64074569511
15080,8915.64074569511
15081,8915.64074569511
15082,8915.64074569511
15083,8915.64074569511
15084,8915.64074569511
15085,8915.64074569511
15086,8915.64074569511
15087,8915.64074569511
15088,8915.64074569511
15089,8915.64074569511
15090,8915.64074569511
15091,8915.64074569511
15092,8915.64074569511
15093,8915.64074569511
15094,8915.64074569511
15095,8915.64074569511
15096,8915.64074569511
15097,8915.64074569511
15098,8915.64074569511
15099,8915.64074569511
15100,8915.64074569511
15101,8915.64074569511
15102,8915.64074569511
15103,8915.64074569511
15104,8915.64074569511
15105,8915.64074569511
15106,8915.64074569511
15107,8915.64074569511
15108,8915.64074569511
15109,8915.64074569511
15110,8915.64074569511
15111,8915.64074569511
15112,8915.64074569511
15113,8915.64074569511
15114,8915.64074569511
15115,8915.64074569511
15116,8915.64074569511
15117,8915.64074569511
15118,8915.64074569511
15119,8915.64074569511
15120,8915.64074569511
15121,8915.64074569511
15122,8915.64074569511
15123,8915.64074569511
15124,8915.64074569511
15125,8915.64074569511
15126,8915.64074569511
15127,8915.64074569511
15128,8915.64074569511
15129,8915.64074569511
15130,8915.64074569511
15131,8915.64074569511
15132,8915.64074569511
15133,8915.64074569511
15134,8915.64074569511
15135,8915.64074569511
15136,8915.64074569511
15137,8915.64074569511
15138,8915.64074569511
15139,8915.64074569511
15140,8915.64074569511
15141,8915.64074569511
15142,8915.64074569511
15143,8915.64074569511
15144,8915.64074569511
15145,8915.64074569511
15146,8915.64074569511
15147,8915.64074569511
15148,8915.64074569511
15149,8915.64074569511
15150,8915.64074569511
15151,8915.64074569511
15152,8915.64074569511
15153,8915.64074569511
15154,8915.64074569511
15155,8915.64074569511
15156,8915.64074569511
15157,8915.64074569511
15158,8915.64074569511
15159,8915.64074569511
15160,8915.64074569511
15161,8915.64074569511
15162,8915.64074569511
15163,8915.64074569511
15164,8915.64074569511
15165,8915.64074569511
15166,8915.64074569511
15167,8915.64074569511
15168,8915.64074569511
15169,8915.64074569511
15170,8915.64074569511
15171,8915.64074569511
15172,8915.64074569511
15173,8915.64074569511
15174,8915.64074569511
15175,8915.64074569511
15176,8915.64074569511
15177,8915.64074569511
15178,8915.64074569511
15179,8915.64074569511
15180,8915.64074569511
15181,8915.64074569511
15182,8915.64074569511
15183,8915.64074569511
15184,8915.64074569511
15185,8915.64074569511
15186,8915.64074569511
15187,8915.64074569511
15188,8915.64074569511
15189,8915.64074569511
15190,8915.64074569511
15191,8915.64074569511
15192,8915.64074569511
15193,8915.64074569511
15194,8915.64074569511
15195,8915.64074569511
15196,8915.64074569511
15197,8915.64074569511
15198,8915.64074569511
15199,8915.64074569511
15200,8915.64074569511
15201,8915.64074569511
15202,8915.64074569511
15203,8915.64074569511
15204,8915.64074569511
15205,8915.64074569511
15206,8915.64074569511
15207,8915.64074569511
15208,8915.64074569511
15209,8915.64074569511
15210,8915.64074569511
15211,8915.64074569511
15212,8915.64074569511
15213,8915.64074569511
15214,8915.64074569511
15215,8915.64074569511
15216,8915.64074569511
15217,8915.64074569511
15218,8915.64074569511
15219,8915.64074569511
15220,8915.64074569511
15221,8933.512964493442
15222,8951.821193649972
15223,8931.83341333872
15224,8944.240782052655
15225,9027.515956542944
15226,9027.796349056252
15227,9040.10978627823
15228,9032.593864958975
15229,9032.373756836027
15230,9144.865831213145
15231,9160.1430173008
15232,9131.338294408537
15233,9152.785517751565
15234,9072.24837615374
15235,9072.24837615374
15236,9072.24837615374
15237,9072.24837615374
15238,9072.24837615374
15239,9072.24837615374
15240,9072.24837615374
15241,9072.24837615374
15242,9072.24837615374
15243,9072.24837615374
15244,9072.24837615374
15245,9072.24837615374
15246,9072.24837615374
15247,9072.24837615374
15248,9072.24837615374
15249,9072.24837615374
15250,9072.24837615374
15251,9072.24837615374
15252,9072.24837615374
15253,9072.24837615374
15254,9072.24837615374
15255,9072.24837615374
15256,9072.24837615374
15257,9072.24837615374
15258,9072.24837615374
15259,9072.24837615374
15260,9072.24837615374
15261,9072.24837615374
15262,9072.24837615374
15263,9072.24837615374
15264,9072.24837615374
15265,9072.24837615374
15266,9072.24837615374
15267,9072.24837615374
15268,9072.24837615374
15269,9072.24837615374
15270,9072.24837615374
15271,9072.24837615374
15272,9072.24837615374
15273,9072.24837615374
15274,9072.24837615374
15275,9072.24837615374
15276,9072.24837615374
15277,9072.24837615374
15278,9072.24837615374
15279,9072.24837615374
15280,9072.24837615374
15281,9072.24837615374
15282,9072.24837615374
15283,9072.24837615374
15284,9072.24837615374
15285,9072.24837615374
15286,9072.24837615374
15287,9072.24837615374
15288,9072.24837615374
15289,9072.24837615374
15290,9072.24837615374
15291,9072.24837615374
15292,9072.24837615374
15293,9072.24837615374
15294,9072.24837615374
15295,9072.24837615374
15296,9075.015996907385
15297,9075.015996907385
15298,9075.015996907385
15299,9075.015996907385
15300,9075.015996907385
15301,9075.015996907385
15302,9075.015996907385
15303,9075.015996907385
15304,9075.015996907385
15305,9075.015996907385
15306,9075.015996907385
15307,9075.015996907385
15308,9075.015996907385
15309,9075.015996907385
15310,9075.015996907385
15311,9075.015996907385
15312,9075.015996907385
15313,9075.015996907385
15314,9075.015996907385
15315,9075.015996907385
15316,9075.015996907385
15317,9075.015996907385
15318,9075.015996907385
15319,9075.015996907385
15320,9075.015996907385
15321,9075.015996907385
15322,9075.015996907385
15323,9075.015996907385
15324,9075.015996907385
15325,9075.015996907385
15326,9075.015996907385
15327,9075.015996907385
15328,9075.015996907385
15329,9075.015996907385
15330,9075.015996907385
15331,9075.015996907385
15332,9075.015996907385
15333,9075.015996907385
15334,9075.015996907385
15335,9075.015996907385
15336,9075.015996907385
15337,9075.015996907385
15338,9075.015996907385
15339,9075.015996907385
15340,9075.015996907385
15341,9075.015996907385
15342,9075.015996907385
15343,9075.015996907385
15344,9075.015996907385
15345,9075.015996907385
15346,9075.015996907385
15347,9075.015996907385
15348,9075.015996907385
15349,9075.015996907385
15350,9075.015996907385
15351,9075.015996907385
15352,9075.015996907385
15353,9075.015996907385
15354,9075.015996907385
15355,9075.015996907385
15356,9075.015996907385
15357,9075.015996907385
15358,9075.015996907385
15359,9075.015996907385
15360,9075.015996907385
15361,9075.015996907385
15362,9075.015996907385
15363,9075.015996907385
15364,9075.015996907385
15365,9075.015996907385
15366,9075.015996907385
15367,9075.015996907385
15368,9075.015996907385
15369,9075.015996907385
15370,9075.015996907385
15371,9075.015996907385
15372,9075.015996907385
15373,9075.015996907385
15374,9075.015996907385
15375,9075.015996907385
15376,9075.015996907385
15377,9075.015996907385
15378,9075.015996907385
15379,9075.015996907385
15380,9075.015996907385
15381,9075.015996907385
15382,9075.015996907385
15383,9075.015996907385
15384,9075.015996907385
15385,9075.015996907385
15386,9075.015996907385
15387,9075.015996907385
15388,9075.015996907385
15389,9075.015996907385
15390,9075.015996907385
15391,9075.015996907385
15392,9075.015996907385
15393,9075.015996907385
15394,9075.015996907385
15395,9075.015996907385
15396,9075.015996907385
15397,9075.015996907385
15398,9075.015996907385
15399,9075.015996907385
15400,9075.015996907385
15401,9075.015996907385
15402,9075.015996907385
15403,9075.015996907385
15404,9075.015996907385
15405,9075.015996907385
15406,9075.015996907385
15407,9075.015996907385
15408,9075.015996907385
15409,9075.015996907385
15410,9075.015996907385
15411,9075.015996907385
15412,9075.015996907385
15413,9075.015996907385
15414,9075.015996907385
15415,9075.015996907385
15416,9075.015996907385
15417,9075.015996907385
15418,9075.015996907385
15419,9075.015996907385
15420,9075.015996907385
15421,9075.015996907385
15422,9075.015996907385
15423,9075.015996907385
15424,9075.015996907385
15425,9075.015996907385
15426,9078.363905607825
15427,9084.141231534799
15428,9064.746650871908
15429,9055.82229076652
15430,9055.82229076652
15431,9055.82229076652
15432,9055.82229076652
15433,9055.82229076652
15434,9055.82229076652
15435,9055.82229076652
15436,9055.82229076652
15437,9055.82229076652
15438,9055.82229076652
15439,9055.82229076652
15440,9055.82229076652
15441,9055.82229076652
15442,9055.82229076652
15443,9055.82229076652
15444,9055.82229076652
15445,9055.82229076652
15446,9055.82229076652
15447,9055.82229076652
15448,9055.82229076652
15449,9055.82229076652
15450,9055.82229076652
15451,9055.82229076652
15452,9055.82229076652
15453,9055.82229076652
15454,9055.82229076652
15455,9055.82229076652
15456,9055.82229076652
15457,9055.82229076652
15458,9055.82229076652
15459,9055.82229076652
15460,9055.82229076652
15461,9055.82229076652
15462,9055.82229076652
15463,9055.82229076652
15464,9055.82229076652
15465,9055.82229076652
15466,9055.82229076652
15467,9055.82229076652
15468,9055.82229076652
15469,9055.82229076652
15470,9055.82229076652
15471,9055.82229076652
15472,9055.82229076652
15473,9055.82229076652
15474,9055.82229076652
15475,9055.82229076652
15476,9055.82229076652
15477,9055.82229076652
15478,9055.82229076652
15479,9055.82229076652
15480,9055.82229076652
15481,9055.82229076652
15482,9055.82229076652
15483,9055.82229076652
15484,9055.82229076652
15485,9055.82229076652
15486,9055.82229076652
15487,9055.82229076652
15488,9055.82229076652
15489,9055.82229076652
15490,9055.82229076652
15491,9055.82229076652
15492,9055.82229076652
15493,9055.82229076652
15494,9055.82229076652
15495,9055.82229076652
15496,9055.82229076652
15497,9055.82229076652
15498,9055.82229076652
15499,9055.82229076652
15500,9055.82229076652
15501,9055.82229076652
15502,9055.82229076652
15503,9055.82229076652
15504,9055.82229076652
15505,9055.82229076652
15506,9055.82229076652
15507,9055.82229076652
15508,9055.82229076652
15509,9055.82229076652
15510,9055.82229076652
15511,9055.82229076652
15512,9055.82229076652
15513,9055.82229076652
15514,9055.82229076652
15515,9055.82229076652
15516,9055.82229076652
15517,9055.82229076652
15518,9055.82229076652
15519,9055.82229076652
15520,9055.82229076652
15521,9055.82229076652
15522,9055.82229076652
15523,9055.82229076652
15524,9055.82229076652
15525,9055.82229076652
15526,9055.82229076652
15527,9055.82229076652
15528,9055.82229076652
15529,9055.82229076652
15530,9055.82229076652
15531,9055.82229076652
15532,9055.82229076652
15533,9055.82229076652
15534,9055.82229076652
15535,9055.82229076652
15536,9055.82229076652
15537,9055.82229076652
15538,9055.82229076652
15539,9055.82229076652
15540,9055.82229076652
15541,9055.82229076652
15542,9055.82229076652
15543,9055.82229076652
15544,9055.82229076652
15545,9055.82229076652
15546,9055.82229076652
15547,9055.82229076652
15548,9055.82229076652
15549,9055.82229076652
15550,9055.82229076652
15551,9055.82229076652
15552,9055.82229076652
15553,9055.82229076652
15554,9055.82229076652
15555,9055.82229076652
15556,9055.82229076652
15557,9055.82229076652
15558,9055.82229076652
15559,9055.82229076652
15560,9055.82229076652
15561,9055.82229076652
15562,9055.82229076652
15563,9055.82229076652
15564,9055.82229076652
15565,9055.82229076652
15566,9055.82229076652
15567,9055.82229076652
15568,9055.82229076652
15569,9055.82229076652
15570,9055.82229076652
15571,9055.82229076652
15572,9055.82229076652
15573,9055.82229076652
15574,9055.82229076652
15575,9055.82229076652
15576,9055.82229076652
15577,9055.82229076652
15578,9055.82229076652
15579,9055.82229076652
15580,9055.82229076652
15581,9055.82229076652
15582,9037.158062291917
15583,9036.368656730385
15584,9098.42040220006
15585,9109.442291172374
15586,9111.657095078028
15587,9142.061124752603
15588,9186.297625087433
15589,9197.863161286085
15590,9273.139684078082
15591,9275.068514648236
15592,9371.286626487632
15593,9371.894319825564
15594,9396.31078278815
15595,9382.558742128505
15596,9360.932008631478
15597,9301.620840960324
15598,9301.620840960324
15599,9301.620840960324
15600,9301.620840960324
15601,9301.620840960324
15602,9301.620840960324
15603,9301.620840960324
15604,9301.620840960324
15605,9301.620840960324
15606,9301.620840960324
15607,9301.620840960324
15608,9301.620840960324
15609,9301.620840960324
15610,9301.620840960324
15611,9301.620840960324
15612,9301.620840960324
15613,9301.620840960324
15614,9301.620840960324
15615,9301.620840960324
15616,9301.620840960324
15617,9301.620840960324
15618,9301.620840960324
15619,9301.620840960324
15620,9301.620840960324
15621,9301.620840960324
15622,9301.620840960324
15623,9301.620840960324
15624,9301.620840960324
15625,9301.620840960324
15626,9301.620840960324
15627,9301.620840960324
15628,9301.620840960324
15629,9301.620840960324
15630,9301.620840960324
15631,9301.620840960324
15632,9301.620840960324
15633,9301.620840960324
15634,9301.620840960324
15635,9301.620840960324
15636,9301.620840960324
15637,9301.620840960324
15638,9301.620840960324
15639,9301.620840960324
15640,9301.620840960324
15641,9301.620840960324
15642,9301.620840960324
15643,9301.620840960324
15644,9301.620840960324
15645,9301.620840960324
15646,9301.620840960324
15647,9301.620840960324
15648,9301.620840960324
15649,9301.620840960324
15650,9301.620840960324
15651,9301.620840960324
15652,9301.620840960324
15653,9301.620840960324
15654,9377.7915147732
15655,9349.800736757219
15656,9407.012911814352
15657,9412.520222192341
15658,9421.210017855949
15659,9413.662317914996
15660,9454.580400502022
15661,9566.61171904493
15662,9559.065470305655
15663,9534.974071205526
15664,9525.68928285286
15665,9544.493954230455
15666,9569.136809969223
15667,9567.187846112138
15668,9546.315212339645
15669,9546.315212339645
15670,9546.315212339645
15671,9546.315212339645
15672,9546.315212339645
15673,9546.315212339645
15674,9546.315212339645
15675,9546.315212339645
15676,9546.315212339645
15677,9546.315212339645
15678,9557.05472922903
15679,9557.05472922903
15680,9540.19318591398
15681,9546.290433927654
15682,9505.557328901854
15683,9505.557328901854
15684,9505.557328901854
15685,9505.557328901854
15686,9505.557328901854
15687,9505.557328901854
15688,9505.557328901854
15689,9505.557328901854
15690,9505.557328901854
15691,9505.557328901854
15692,9505.557328901854
15693,9505.557328901854
15694,9505.557328901854
15695,9505.557328901854
15696,9505.557328901854
15697,9505.557328901854
15698,9505.557328901854
15699,9505.557328901854
15700,9505.557328901854
15701,9505.557328901854
15702,9505.557328901854
15703,9505.557328901854
15704,9505.557328901854
15705,9505.557328901854
15706,9505.557328901854
15707,9505.557328901854
15708,9505.557328901854
15709,9505.557328901854
15710,9505.557328901854
15711,9505.557328901854
15712,9505.557328901854
15713,9505.557328901854
15714,9505.557328901854
15715,9505.557328901854
15716,9505.557328901854
15717,9505.557328901854
15718,9505.557328901854
15719,9505.557328901854
15720,9505.557328901854
15721,9505.557328901854
15722,9505.557328901854
15723,9505.557328901854
15724,9505.557328901854
15725,9505.557328901854
15726,9505.557328901854
15727,9505.557328901854
15728,9505.557328901854
15729,9505.557328901854
15730,9505.557328901854
15731,9505.557328901854
15732,9505.557328901854
15733,9505.557328901854
15734,9505.557328901854
15735,9505.557328901854
15736,9505.557328901854
15737,9505.557328901854
15738,9505.557328901854
15739,9505.557328901854
15740,9505.557328901854
15741,9556.570845531023
15742,9553.419518910745
15743,9524.03736567419
15744,9647.466214252983
15745,9650.086179595115
15746,9572.35298397377
15747,9598.895542539893
15748,9635.463117220437
15749,9650.65438192188
15750,9631.057777983726
15751,9624.362625879043
15752,9624.362625879043
15753,9624.362625879043
15754,9624.362625879043
15755,9624.362625879043
15756,9624.362625879043
15757,9624.362625879043
15758,9624.362625879043
15759,9624.362625879043
15760,9624.362625879043
15761,9624.362625879043
15762,9624.362625879043
15763,9624.362625879043
15764,9624.362625879043
15765,9624.362625879043
15766,9624.362625879043
15767,9624.362625879043
15768,9624.362625879043
15769,9624.362625879043
15770,9624.362625879043
15771,9624.362625879043
15772,9624.362625879043
15773,9624.362625879043
15774,9624.362625879043
15775,9624.362625879043
15776,9624.362625879043
15777,9624.362625879043
15778,9624.362625879043
15779,9624.362625879043
15780,9624.362625879043
15781,9624.362625879043
15782,9624.362625879043
15783,9624.362625879043
15784,9624.362625879043
15785,9624.362625879043
15786,9624.362625879043
15787,9624.362625879043
15788,9624.362625879043
15789,9624.362625879043
15790,9624.362625879043
15791,9624.362625879043
15792,9624.362625879043
15793,9624.362625879043
15794,9624.362625879043
15795,9624.362625879043
15796,9624.362625879043
15797,9624.362625879043
15798,9624.362625879043
15799,9624.362625879043
15800,9624.362625879043
15801,9624.362625879043
15802,9624.362625879043
15803,9624.362625879043
15804,9624.362625879043
15805,9624.362625879043
15806,9624.362625879043
15807,9624.362625879043
15808,9624.362625879043
15809,9624.362625879043
15810,9624.362625879043
15811,9624.362625879043
15812,9624.362625879043
15813,9624.362625879043
15814,9624.362625879043
15815,9624.362625879043
15816,9624.362625879043
15817,9624.362625879043
15818,9624.362625879043
15819,9624.362625879043
15820,9624.362625879043
15821,9624.362625879043
15822,9624.362625879043
15823,9624.362625879043
15824,9624.362625879043
15825,9624.362625879043
15826,9624.362625879043
15827,9624.362625879043
15828,9624.362625879043
15829,9624.362625879043
15830,9624.362625879043
15831,9624.362625879043
15832,9624.362625879043
15833,9624.362625879043
15834,9624.362625879043
15835,9624.362625879043
15836,9624.362625879043
15837,9624.362625879043
15838,9624.362625879043
15839,9624.362625879043
15840,9624.362625879043
15841,9624.362625879043
15842,9624.362625879043
15843,9624.362625879043
15844,9624.362625879043
15845,9624.362625879043
15846,9624.362625879043
15847,9624.362625879043
15848,9624.362625879043
15849,9624.362625879043
15850,9624.362625879043
15851,9624.362625879043
15852,9624.362625879043
15853,9624.362625879043
15854,9624.362625879043
15855,9624.362625879043
15856,9624.362625879043
15857,9624.362625879043
15858,9624.362625879043
15859,9624.362625879043
15860,9624.362625879043
15861,9624.362625879043
15862,9624.362625879043
15863,9624.362625879043
15864,9624.362625879043
15865,9624.362625879043
15866,9624.362625879043
15867,9624.362625879043
15868,9624.362625879043
15869,9624.362625879043
15870,9624.362625879043
15871,9624.362625879043
15872,9624.362625879043
15873,9624.362625879043
15874,9624.362625879043
15875,9624.362625879043
15876,9624.362625879043
15877,9624.362625879043
15878,9624.362625879043
15879,9624.362625879043
15880,9624.362625879043
15881,9624.362625879043
15882,9624.362625879043
15883,9624.362625879043
15884,9624.362625879043
15885,9624.362625879043
15886,9624.362625879043
15887,9624.362625879043
15888,9624.362625879043
15889,9624.362625879043
15890,9589.199126518011
15891,9613.314379072055
15892,9610.719239487613
15893,9575.906704578354
15894,9575.906704578354
15895,9575.906704578354
15896,9575.906704578354
15897,9575.906704578354
15898,9575.906704578354
15899,9575.906704578354
15900,9575.906704578354
15901,9575.906704578354
15902,9575.906704578354
15903,9575.906704578354
15904,9575.906704578354
15905,9601.180717269644
15906,9668.808800400087
15907,9652.702562137643
15908,9674.218594111228
15909,9650.97290020279
15910,9653.025281385717
15911,9623.441268210277
15912,9623.441268210277
15913,9623.441268210277
15914,9615.101149153863
15915,9615.101149153863
15916,9615.101149153863
15917,9599.34967078638
15918,9599.34967078638
15919,9599.34967078638
15920,9624.714875958578
15921,9627.261611795031
15922,9662.81092272436
15923,9656.58383437551
15924,9695.189228308585
15925,9691.969983955989
15926,9603.820291744965
15927,9603.820291744965
15928,9603.820291744965
15929,9603.820291744965
15930,9603.820291744965
15931,9603.820291744965
15932,9603.820291744965
15933,9603.820291744965
15934,9603.820291744965
15935,9603.820291744965
15936,9603.820291744965
15937,9603.820291744965
15938,9603.820291744965
15939,9603.820291744965
15940,9603.820291744965
15941,9603.820291744965
15942,9603.820291744965
15943,9603.820291744965
15944,9603.820291744965
15945,9603.820291744965
15946,9603.820291744965
15947,9603.820291744965
15948,9603.820291744965
15949,9603.820291744965
15950,9603.820291744965
15951,9603.820291744965
15952,9603.820291744965
15953,9603.820291744965
15954,9603.820291744965
15955,9603.820291744965
15956,9603.820291744965
15957,9603.820291744965
15958,9603.820291744965
15959,9603.820291744965
15960,9603.820291744965
15961,9603.820291744965
15962,9603.820291744965
15963,9603.820291744965
15964,9603.820291744965
15965,9603.820291744965
15966,9603.820291744965
15967,9603.820291744965
15968,9603.820291744965
15969,9603.820291744965
15970,9603.820291744965
15971,9603.820291744965
15972,9603.820291744965
15973,9603.820291744965
15974,9603.820291744965
15975,9603.820291744965
15976,9603.820291744965
15977,9603.820291744965
15978,9603.820291744965
15979,9603.820291744965
15980,9603.820291744965
15981,9603.820291744965
15982,9603.820291744965
15983,9603.820291744965
15984,9603.820291744965
15985,9603.820291744965
15986,9603.820291744965
15987,9603.820291744965
15988,9603.820291744965
15989,9603.820291744965
15990,9603.820291744965
15991,9603.820291744965
15992,9603.820291744965
15993,9611.08470914125
15994,9628.998563568834
15995,9650.598546121924
15996,9638.271304571495
15997,9641.073714290013
15998,9592.64426498145
15999,9592.64426498145
16000,9630.999892379594
16001,9662.848200617005
16002,9721.186505369262
16003,9723.222049530674
16004,9743.666842877537
16005,9767.49164473934
16006,9767.569827505486
16007,9767.384143435891
16008,9816.20648865167
16009,9938.991126761246
16010,9903.821447083505
16011,9924.745109873005
16012,9918.040937676089
16013,9947.144472373488
16014,9914.96667962161
16015,9931.167265663471
16016,9954.539724378292
16017,9936.376192457868
16018,9975.563907867121
16019,9927.537351521032
16020,9927.537351521032
16021,9927.537351521032
16022,9927.537351521032
16023,9927.537351521032
16024,9927.537351521032
16025,9927.537351521032
16026,9927.537351521032
16027,9927.537351521032
16028,9927.537351521032
16029,9927.537351521032
16030,9927.537351521032
16031,9927.537351521032
16032,9927.537351521032
16033,9927.537351521032
16034,9927.537351521032
16035,9927.537351521032
16036,9927.537351521032
16037,9927.537351521032
16038,9927.537351521032
16039,9927.537351521032
16040,9927.537351521032
16041,9927.537351521032
16042,9927.537351521032
16043,9927.537351521032
16044,9927.537351521032
16045,9927.537351521032
16046,9927.537351521032
16047,9927.537351521032
16048,9927.537351521032
16049,9927.537351521032
16050,9906.46979581474
16051,9906.46979581474
16052,9842.693883213327
16053,9843.958414995675
16054,9836.798173742072
16055,9812.493329000681
16056,9812.493329000681
16057,9812.493329000681
16058,9812.493329000681
16059,9812.493329000681
16060,9812.493329000681
16061,9812.493329000681
16062,9812.493329000681
16063,9812.493329000681
16064,9812.493329000681
16065,9812.493329000681
16066,9812.493329000681
16067,9812.493329000681
16068,9812.493329000681
16069,9812.493329000681
16070,9812.493329000681
16071,9812.493329000681
16072,9812.493329000681
16073,9812.493329000681
16074,9812.493329000681
16075,9812.493329000681
16076,9812.493329000681
16077,9812.493329000681
16078,9812.493329000681
16079,9812.493329000681
16080,9812.493329000681
16081,9812.493329000681
16082,9812.493329000681
16083,9812.493329000681
16084,9812.493329000681
16085,9812.493329000681
16086,9812.493329000681
16087,9812.493329000681
16088,9812.493329000681
16089,9812.493329000681
16090,9812.493329000681
16091,9812.493329000681
16092,9812.493329000681
16093,9812.493329000681
16094,9812.493329000681
16095,9812.493329000681
16096,9812.493329000681
16097,9812.493329000681
16098,9812.493329000681
16099,9812.493329000681
16100,9812.493329000681
16101,9812.493329000681
16102,9812.493329000681
16103,9812.493329000681
16104,9812.493329000681
16105,9812.493329000681
16106,9812.493329000681
16107,9812.493329000681
16108,9812.493329000681
16109,9812.493329000681
16110,9812.493329000681
16111,9812.493329000681
16112,9812.493329000681
16113,9812.493329000681
16114,9812.493329000681
16115,9812.493329000681
16116,9812.493329000681
16117,9812.493329000681
16118,9812.493329000681
16119,9812.493329000681
16120,9812.493329000681
16121,9812.493329000681
16122,9812.493329000681
16123,9812.493329000681
16124,9812.493329000681
16125,9812.493329000681
16126,9812.493329000681
16127,9812.493329000681
16128,9812.493329000681
16129,9812.493329000681
16130,9812.493329000681
16131,9812.493329000681
16132,9812.493329000681
16133,9812.493329000681
16134,9812.493329000681
16135,9812.493329000681
16136,9812.493329000681
16137,9812.493329000681
16138,9812.493329000681
16139,9812.493329000681
16140,9812.493329000681
16141,9812.493329000681
16142,9812.493329000681
16143,9812.493329000681
16144,9812.493329000681
16145,9812.493329000681
16146,9812.493329000681
16147,9812.493329000681
16148,9812.493329000681
16149,9812.493329000681
16150,9812.493329000681
16151,9812.493329000681
16152,9812.493329000681
16153,9812.493329000681
16154,9812.493329000681
16155,9812.493329000681
16156,9812.493329000681
16157,9812.493329000681
16158,9812.493329000681
16159,9812.493329000681
16160,9812.493329000681
16161,9812.493329000681
16162,9812.493329000681
16163,9812.493329000681
16164,9812.493329000681
16165,9812.493329000681
16166,9812.493329000681
16167,9812.493329000681
16168,9812.493329000681
16169,9812.493329000681
16170,9812.493329000681
16171,9812.493329000681
16172,9812.493329000681
16173,9812.493329000681
16174,9812.493329000681
16175,9812.493329000681
16176,9812.493329000681
16177,9812.493329000681
16178,9812.493329000681
16179,9812.493329000681
16180,9812.493329000681
16181,9812.493329000681
16182,9812.493329000681
16183,9812.493329000681
16184,9812.493329000681
16185,9812.493329000681
16186,9812.493329000681
16187,9812.493329000681
16188,9812.493329000681
16189,9812.493329000681
16190,9767.050730471017
16191,9844.467661931125
16192,9810.482135324823
16193,9849.7985874276
16194,9676.72934084383
16195,9676.72934084383
16196,9676.72934084383
16197,9676.72934084383
16198,9676.72934084383
16199,9676.72934084383
16200,9676.72934084383
16201,9676.72934084383
16202,9676.72934084383
16203,9676.72934084383
16204,9676.72934084383
16205,9676.72934084383
16206,9676.72934084383
16207,9676.72934084383
16208,9676.72934084383
16209,9676.72934084383
16210,9676.72934084383
16211,9676.72934084383
16212,9676.72934084383
16213,9676.72934084383
16214,9676.72934084383
16215,9676.72934084383
16216,9676.72934084383
16217,9676.72934084383
16218,9676.72934084383
16219,9676.72934084383
16220,9676.72934084383
16221,9676.72934084383
16222,9676.72934084383
16223,9676.72934084383
16224,9676.72934084383
16225,9676.72934084383
16226,9676.72934084383
16227,9676.72934084383
16228,9676.72934084383
16229,9676.72934084383
16230,9676.72934084383
16231,9676.72934084383
16232,9676.72934084383
16233,9676.72934084383
16234,9676.72934084383
16235,9676.72934084383
16236,9676.72934084383
16237,9676.72934084383
16238,9676.72934084383
16239,9676.72934084383
16240,9676.72934084383
16241,9676.72934084383
16242,9676.72934084383
16243,9676.72934084383
16244,9676.72934084383
16245,9676.72934084383
16246,9676.72934084383
16247,9676.72934084383
16248,9676.72934084383
16249,9676.72934084383
16250,9676.72934084383
16251,9676.72934084383
16252,9676.72934084383
16253,9676.72934084383
16254,9676.72934084383
16255,9676.72934084383
16256,9676.72934084383
16257,9676.72934084383
16258,9676.72934084383
16259,9676.72934084383
16260,9676.72934084383
16261,9676.72934084383
16262,9676.72934084383
16263,9676.72934084383
16264,9676.72934084383
16265,9676.72934084383
16266,9676.72934084383
16267,9676.72934084383
16268,9676.72934084383
16269,9676.72934084383
16270,9676.72934084383
16271,9666.639003807017
16272,9666.639003807017
16273,9666.639003807017
16274,9666.639003807017
16275,9666.639003807017
16276,9666.639003807017
16277,9666.639003807017
16278,9666.639003807017
16279,9666.639003807017
16280,9666.639003807017
16281,9666.639003807017
16282,9666.639003807017
16283,9666.639003807017
16284,9666.639003807017
16285,9666.639003807017
16286,9666.639003807017
16287,9666.639003807017
16288,9666.639003807017
16289,9681.570296757944
16290,9662.34701784923
16291,9662.34701784923
16292,9682.30646275988
16293,9690.956399862653
16294,9710.910778924343
16295,9737.069556502349
16296,9714.05793759204
16297,9756.063957185721
16298,9777.843308336003
16299,10020.50507239373
16300,10013.17732187006
16301,9992.820207815887
16302,9983.821993596966
16303,10021.528373884072
16304,10051.657510586123
16305,10073.534379328925
16306,10111.942379697277
16307,10087.878330665093
16308,10097.251417707204
16309,10069.389248415691
16310,10092.947979013907
16311,10103.327903537238
16312,10173.872383258871
16313,10199.838658576322
16314,10099.908455487825
16315,10099.908455487825
16316,10099.908455487825
16317,10193.485076925312
16318,10162.631750577077
16319,10189.183313964792
16320,10269.352647727264
16321,10296.81337265778
16322,10319.708058184877
16323,10297.93117349761
16324,10208.403418903035
16325,10208.403418903035
16326,10208.403418903035
16327,10208.403418903035
16328,10208.403418903035
16329,10208.403418903035
16330,10208.403418903035
16331,10208.403418903035
16332,10208.403418903035
16333,10208.403418903035
16334,10208.403418903035
16335,10208.403418903035
16336,10208.403418903035
16337,10208.403418903035
16338,10208.403418903035
16339,10208.403418903035
16340,10208.403418903035
16341,10208.403418903035
16342,10208.403418903035
16343,10208.403418903035
16344,10208.403418903035
16345,10208.403418903035
16346,10208.403418903035
16347,10208.403418903035
16348,10208.403418903035
16349,10208.403418903035
16350,10208.403418903035
16351,10208.403418903035
16352,10208.403418903035
16353,10208.403418903035
16354,10208.403418903035
16355,10208.403418903035
16356,10208.403418903035
16357,10208.403418903035
16358,10208.403418903035
16359,10208.403418903035
16360,10208.403418903035
16361,10208.403418903035
16362,10197.81177215759
16363,10286.19850667221
16364,10144.473007108034
16365,10184.903597875835
16366,10111.327694254687
16367,10111.327694254687
16368,10111.327694254687
16369,10111.327694254687
16370,10111.327694254687
16371,10111.327694254687
16372,10111.327694254687
16373,10111.327694254687
16374,10111.327694254687
16375,10111.327694254687
16376,10111.327694254687
16377,10127.007190007691
16378,10142.491169285944
16379,10137.582433177336
16380,10314.015805848452
16381,10586.580811375763
16382,10705.974277118079
16383,10673.117097240485
16384,10668.82151930712
16385,10738.829143191237
16386,10434.507171795121
16387,10434.507171795121
16388,10434.507171795121
16389,10434.507171795121
16390,10511.279175153737
16391,10511.279175153737
16392,10511.279175153737
16393,10511.279175153737
16394,10511.279175153737
16395,10511.279175153737
16396,10511.279175153737
16397,10511.279175153737
16398,10511.279175153737
16399,10486.828743664344
16400,10527.443974488795
16401,10549.908401904859
16402,10594.939162485352
16403,10566.140366392252
16404,10509.54214535199
16405,10509.54214535199
16406,10509.54214535199
16407,10509.54214535199
16408,10509.54214535199
16409,10494.491391551386
16410,10494.491391551386
16411,10277.322821851769
16412,10277.322821851769
16413,10208.920499595444
16414,10208.920499595444
16415,10208.920499595444
16416,10235.493586222667
16417,10235.493586222667
16418,10218.598154691656
16419,10130.143284718113
16420,10130.143284718113
16421,10130.143284718113
16422,10130.143284718113
16423,10130.143284718113
16424,10130.143284718113
16425,10130.143284718113
16426,10130.143284718113
16427,10130.143284718113
16428,10130.143284718113
16429,10130.143284718113
16430,10130.143284718113
16431,10130.143284718113
16432,10130.143284718113
16433,10130.143284718113
16434,10130.143284718113
16435,10130.143284718113
16436,10130.143284718113
16437,10130.143284718113
16438,10130.143284718113
16439,10130.143284718113
16440,10130.143284718113
16441,10130.143284718113
16442,10130.143284718113
16443,10130.143284718113
16444,10130.143284718113
16445,10130.143284718113
16446,10130.143284718113
16447,10130.143284718113
16448,10130.143284718113
16449,10130.143284718113
16450,10130.143284718113
16451,10130.143284718113
16452,10130.143284718113
16453,10130.143284718113
16454,10130.143284718113
16455,10130.143284718113
16456,10130.143284718113
16457,10130.143284718113
16458,10130.143284718113
16459,10130.143284718113
16460,10130.143284718113
16461,10130.143284718113
16462,10130.143284718113
16463,10130.143284718113
16464,10130.143284718113
16465,10130.143284718113
16466,10130.143284718113
16467,10166.976348875505
16468,10155.092651361203
16469,10174.770851146151
16470,10164.147698857932
16471,10212.898134934601
16472,10247.709612313562
16473,10220.855396829273
16474,10179.120461788252
16475,10179.120461788252
16476,10114.672179268848
16477,10114.672179268848
16478,10114.672179268848
16479,10114.672179268848
16480,10129.40465344151
16481,10129.40465344151
16482,10129.40465344151
16483,10129.40465344151
16484,10129.40465344151
16485,10129.40465344151
16486,10129.40465344151
16487,10129.40465344151
16488,10129.40465344151
16489,10129.40465344151
16490,10129.40465344151
16491,10129.40465344151
16492,10129.40465344151
16493,10129.40465344151
16494,10129.40465344151
16495,10129.40465344151
16496,10129.40465344151
16497,10129.40465344151
16498,10129.40465344151
16499,10129.40465344151
16500,10129.40465344151
16501,10129.40465344151
16502,10129.40465344151
16503,10129.40465344151
16504,10129.40465344151
16505,10129.40465344151
16506,10129.40465344151
16507,10129.40465344151
16508,10129.40465344151
16509,10129.40465344151
16510,10129.40465344151
16511,10129.40465344151
16512,10129.40465344151
16513,10129.40465344151
16514,10129.40465344151
16515,10129.40465344151
16516,10129.40465344151
16517,10138.457250022744
16518,10101.071602711861
16519,10118.819587094362
16520,10109.270867207617
16521,10115.487843473795
16522,10104.600693158402
16523,10104.600693158402
16524,10104.600693158402
16525,10104.600693158402
16526,10104.600693158402
16527,10104.600693158402
16528,10104.600693158402
16529,10104.600693158402
16530,10104.600693158402
16531,10104.600693158402
16532,10104.600693158402
16533,10104.600693158402
16534,10104.600693158402
16535,10104.600693158402
16536,10104.600693158402
16537,10104.600693158402
16538,10104.600693158402
16539,10104.600693158402
16540,10104.600693158402
16541,10104.600693158402
16542,10104.600693158402
16543,10104.600693158402
16544,10104.600693158402
16545,10104.600693158402
16546,10104.600693158402
16547,10104.600693158402
16548,10104.600693158402
16549,10104.600693158402
16550,10104.600693158402
16551,10104.600693158402
16552,10104.600693158402
16553,10104.600693158402
16554,10104.600693158402
16555,10104.600693158402
16556,10104.600693158402
16557,10104.600693158402
16558,10104.600693158402
16559,10104.600693158402
16560,10104.600693158402
16561,10104.600693158402
16562,10104.600693158402
16563,10104.600693158402
16564,10104.600693158402
16565,10104.600693158402
16566,10104.600693158402
16567,10104.600693158402
16568,10104.600693158402
16569,10104.600693158402
16570,10104.600693158402
16571,10104.600693158402
16572,10104.600693158402
16573,10104.600693158402
16574,10104.600693158402
16575,10104.600693158402
16576,10104.600693158402
16577,10104.600693158402
16578,10104.600693158402
16579,10104.600693158402
16580,10104.600693158402
16581,10104.600693158402
16582,10104.600693158402
16583,10104.600693158402
16584,10104.600693158402
16585,10159.806270223171
16586,10182.372294185152
16587,10178.324544543686
16588,10177.681684839876
16589,10199.215424469776
16590,10217.111443564168
16591,10180.238700520738
16592,10168.515782941147
16593,10168.515782941147
16594,10168.515782941147
16595,10168.515782941147
16596,10168.515782941147
16597,10168.515782941147
16598,10168.515782941147
16599,10168.515782941147
16600,10168.515782941147
16601,10168.515782941147
16602,10168.515782941147
16603,10168.515782941147
16604,10168.515782941147
16605,10168.515782941147
16606,10168.515782941147
16607,10168.515782941147
16608,10168.515782941147
16609,10168.515782941147
16610,10168.515782941147
16611,10168.515782941147
16612,10168.515782941147
16613,10168.515782941147
16614,10168.515782941147
16615,10168.515782941147
16616,10168.515782941147
16617,10168.515782941147
16618,10168.515782941147
16619,10168.515782941147
16620,10168.515782941147
16621,10168.515782941147
16622,10168.515782941147
16623,10168.515782941147
16624,10168.515782941147
16625,10168.515782941147
16626,10168.515782941147
16627,10168.515782941147
16628,10168.515782941147
16629,10168.515782941147
16630,10168.515782941147
16631,10168.515782941147
16632,10168.515782941147
16633,10168.515782941147
16634,10168.515782941147
16635,10168.515782941147
16636,10168.515782941147
16637,10168.515782941147
16638,10168.515782941147
16639,10168.515782941147
16640,10168.515782941147
16641,10168.515782941147
16642,10168.515782941147
16643,10168.515782941147
16644,10168.515782941147
16645,10168.515782941147
16646,10168.515782941147
16647,10168.515782941147
16648,10168.515782941147
16649,10168.515782941147
16650,10168.515782941147
16651,10168.515782941147
16652,10168.515782941147
16653,10168.515782941147
16654,10168.515782941147
16655,10168.515782941147
16656,10168.515782941147
16657,10168.515782941147
16658,10168.515782941147
16659,10168.515782941147
16660,10168.515782941147
16661,10168.53340733219
16662,10164.850946333108
16663,10182.519916718062
16664,10211.049658900985
16665,10193.049972001754
16666,10179.442905387748
16667,10149.575782943333
16668,10149.575782943333
16669,10149.575782943333
16670,10149.575782943333
16671,10149.575782943333
16672,10149.575782943333
16673,10149.575782943333
16674,10149.575782943333
16675,10149.575782943333
16676,10149.575782943333
16677,10149.575782943333
16678,10149.575782943333
16679,10149.575782943333
16680,10149.575782943333
16681,10149.575782943333
16682,10149.575782943333
16683,10149.575782943333
16684,10149.575782943333
16685,10149.575782943333
16686,10149.575782943333
16687,10149.575782943333
16688,10149.575782943333
16689,10149.575782943333
16690,10149.575782943333
16691,10149.575782943333
16692,10149.575782943333
16693,10149.575782943333
16694,10149.575782943333
16695,10149.575782943333
16696,10149.575782943333
16697,10149.575782943333
16698,10149.575782943333
16699,10149.575782943333
16700,10149.575782943333
16701,10149.575782943333
16702,10149.575782943333
16703,10149.575782943333
16704,10149.575782943333
16705,10149.575782943333
16706,10149.575782943333
16707,10149.575782943333
16708,10149.575782943333
16709,10182.414637320511
16710,10240.291545418217
16711,10222.354080233681
16712,10219.103564279838
16713,10264.819757188394
16714,10215.218481091655
16715,10229.660356080118
16716,10313.24927206448
16717,10375.547363255246
16718,10454.605688002697
16719,10469.176664600905
16720,10530.231879277511
16721,10516.257177063295
16722,10571.88903004916
16723,10555.998591236095
16724,10532.487875203738
16725,10508.375414380198
16726,10508.375414380198
16727,10508.375414380198
16728,10508.375414380198
16729,10508.375414380198
16730,10508.375414380198
16731,10508.375414380198
16732,10508.375414380198
16733,10508.375414380198
16734,10508.375414380198
16735,10508.375414380198
16736,10508.375414380198
16737,10508.375414380198
16738,10508.375414380198
16739,10508.375414380198
16740,10508.375414380198
16741,10508.375414380198
16742,10508.375414380198
16743,10508.375414380198
16744,10508.375414380198
16745,10508.375414380198
16746,10508.375414380198
16747,10508.375414380198
16748,10508.375414380198
16749,10508.375414380198
16750,10508.375414380198
16751,10508.375414380198
16752,10508.375414380198
16753,10508.375414380198
16754,10508.375414380198
16755,10508.375414380198
16756,10508.375414380198
16757,10508.375414380198
16758,10508.375414380198
16759,10508.375414380198
16760,10508.375414380198
16761,10508.375414380198
16762,10508.375414380198
16763,10508.375414380198
16764,10508.375414380198
16765,10508.375414380198
16766,10508.375414380198
16767,10508.375414380198
16768,10508.375414380198
16769,10508.375414380198
16770,10508.375414380198
16771,10508.375414380198
16772,10508.375414380198
16773,10508.375414380198
16774,10508.375414380198
16775,10508.375414380198
16776,10508.375414380198
16777,10508.375414380198
16778,10508.375414380198
16779,10508.375414380198
16780,10508.375414380198
16781,10508.375414380198
16782,10508.375414380198
16783,10508.375414380198
16784,10508.375414380198
16785,10508.375414380198
16786,10508.375414380198
16787,10508.375414380198
16788,10508.375414380198
16789,10508.375414380198
16790,10508.375414380198
16791,10508.375414380198
16792,10508.375414380198
16793,10508.375414380198
16794,10508.375414380198
16795,10508.375414380198
16796,10508.375414380198
16797,10508.375414380198
16798,10508.375414380198
16799,10508.375414380198
16800,10508.375414380198
16801,10508.375414380198
16802,10508.375414380198
16803,10527.875576808645
16804,10505.329911583296
16805,10507.383880697396
16806,10523.234239272535
16807,10585.959379972062
16808,10584.01121808264
16809,10560.214409695382
16810,10592.600146815737
16811,10556.123924205272
16812,10588.568564316687
16813,10612.331558023892
16814,10583.778878506802
16815,10601.22725341341
16816,10613.443079281073
16817,10593.669127023819
16818,10600.218266992517
16819,10591.62933825942
16820,10591.62933825942
16821,10591.62933825942
16822,10591.62933825942
16823,10591.62933825942
16824,10591.62933825942
16825,10591.62933825942
16826,10591.62933825942
16827,10591.62933825942
16828,10591.62933825942
16829,10591.62933825942
16830,10591.62933825942
16831,10591.62933825942
16832,10591.62933825942
16833,10591.62933825942
16834,10591.62933825942
16835,10591.62933825942
16836,10591.62933825942
16837,10591.62933825942
16838,10591.62933825942
16839,10591.62933825942
16840,10591.62933825942
16841,10591.62933825942
16842,10591.62933825942
16843,10591.62933825942
16844,10591.62933825942
16845,10591.62933825942
16846,10591.62933825942
16847,10591.62933825942
16848,10591.62933825942
16849,10591.62933825942
16850,10591.62933825942
16851,10591.62933825942
16852,10591.62933825942
16853,10591.62933825942
16854,10591.62933825942
16855,10591.62933825942
16856,10591.62933825942
16857,10591.62933825942
16858,10591.62933825942
16859,10591.62933825942
16860,10591.62933825942
16861,10591.62933825942
16862,10591.62933825942
16863,10591.62933825942
16864,10591.62933825942
16865,10591.62933825942
16866,10591.62933825942
16867,10591.62933825942
16868,10591.62933825942
16869,10591.62933825942
16870,10591.62933825942
16871,10591.62933825942
16872,10591.62933825942
16873,10591.62933825942
16874,10591.62933825942
16875,10591.62933825942
16876,10591.62933825942
16877,10591.62933825942
16878,10591.62933825942
16879,10591.62933825942
16880,10591.62933825942
16881,10591.62933825942
16882,10591.62933825942
16883,10591.62933825942
16884,10591.62933825942
16885,10591.62933825942
16886,10591.62933825942
16887,10591.62933825942
16888,10591.62933825942
16889,10591.62933825942
16890,10591.62933825942
16891,10591.62933825942
16892,10591.62933825942
16893,10591.62933825942
16894,10591.62933825942
16895,10591.62933825942
16896,10591.62933825942
16897,10591.62933825942
16898,10591.62933825942
16899,10591.62933825942
16900,10591.62933825942
16901,10591.62933825942
16902,10591.62933825942
16903,10591.62933825942
16904,10591.62933825942
16905,10591.62933825942
16906,10591.62933825942
16907,10591.62933825942
16908,10591.62933825942
16909,10591.62933825942
16910,10591.62933825942
16911,10591.62933825942
16912,10591.62933825942
16913,10591.62933825942
16914,10591.62933825942
16915,10591.62933825942
16916,10591.62933825942
16917,10591.62933825942
16918,10591.62933825942
16919,10657.876165120486
16920,10657.876165120486
16921,10657.876165120486
16922,10657.876165120486
16923,10657.876165120486
16924,10657.876165120486
16925,10657.876165120486
16926,10657.876165120486
16927,10657.876165120486
16928,10657.876165120486
16929,10657.876165120486
16930,10657.876165120486
16931,10657.876165120486
16932,10657.876165120486
16933,10657.876165120486
16934,10657.876165120486
16935,10657.876165120486
16936,10657.876165120486
16937,10657.876165120486
16938,10657.876165120486
16939,10657.876165120486
16940,10657.876165120486
16941,10657.876165120486
16942,10657.876165120486
16943,10657.876165120486
16944,10657.876165120486
16945,10657.876165120486
16946,10657.876165120486
16947,10657.876165120486
16948,10621.606343654366
16949,10621.606343654366
16950,10621.606343654366
16951,10621.606343654366
16952,10621.606343654366
16953,10621.606343654366
16954,10621.606343654366
16955,10621.606343654366
16956,10621.606343654366
16957,10621.606343654366
16958,10621.606343654366
16959,10621.606343654366
16960,10621.606343654366
16961,10621.606343654366
16962,10621.606343654366
16963,10621.606343654366
16964,10621.606343654366
16965,10621.606343654366
16966,10621.606343654366
16967,10621.606343654366
16968,10621.606343654366
16969,10621.606343654366
16970,10621.606343654366
16971,10621.606343654366
16972,10621.606343654366
16973,10621.606343654366
16974,10621.606343654366
16975,10621.606343654366
16976,10621.606343654366
16977,10621.606343654366
16978,10621.606343654366
16979,10621.606343654366
16980,10621.606343654366
16981,10621.606343654366
16982,10621.606343654366
16983,10621.606343654366
16984,10621.606343654366
16985,10621.606343654366
16986,10621.606343654366
16987,10621.606343654366
16988,10621.606343654366
16989,10642.104764116159
16990,10736.566973370203
16991,10582.252222190707
16992,10582.252222190707
16993,10582.252222190707
16994,10582.252222190707
16995,10582.252222190707
16996,10582.252222190707
16997,10540.616396639147
16998,10540.616396639147
16999,10469.126537337648
17000,10469.126537337648
17001,10469.126537337648
17002,10469.126537337648
17003,10469.126537337648
17004,10469.126537337648
17005,10469.126537337648
17006,10469.126537337648
17007,10469.126537337648
17008,10469.126537337648
17009,10469.126537337648
17010,10469.126537337648
17011,10469.126537337648
17012,10469.126537337648
17013,10469.126537337648
17014,10469.126537337648
17015,10469.126537337648
17016,10469.126537337648
17017,10469.126537337648
17018,10469.126537337648
17019,10469.126537337648
17020,10469.126537337648
17021,10469.126537337648
17022,10469.126537337648
17023,10469.126537337648
17024,10469.126537337648
17025,10469.126537337648
17026,10469.126537337648
17027,10469.126537337648
17028,10469.126537337648
17029,10477.872378599703
17030,10246.375905208653
17031,10246.375905208653
17032,10051.090066883397
17033,10051.090066883397
17034,10127.633300752736
17035,10127.633300752736
17036,10172.082206087394
17037,10171.1832300226
17038,10144.251755483283
17039,10125.307095164506
17040,10055.93155793971
17041,10055.93155793971
17042,10055.93155793971
17043,10055.93155793971
17044,10055.93155793971
17045,10055.93155793971
17046,10019.391791973683
17047,10099.19932656382
17048,10087.885453060913
17049,10109.944984419957
17050,10118.007058596535
17051,10112.17976008867
17052,10163.737095023294
17053,10243.937851311013
17054,10330.988076645073
17055,10353.052754884975
17056,10271.311022468255
17057,10333.774597941805
17058,10409.330808942914
17059,10424.653073258329
17060,10450.23924738154
17061,10418.289469765023
17062,10409.56653608623
17063,10373.276908529919
17064,10373.276908529919
17065,10373.276908529919
17066,10373.276908529919
17067,10373.276908529919
17068,10373.276908529919
17069,10373.276908529919
17070,10373.276908529919
17071,10373.276908529919
17072,10373.276908529919
17073,10373.276908529919
17074,10373.276908529919
17075,10373.276908529919
17076,10373.276908529919
17077,10373.276908529919
17078,10373.276908529919
17079,10373.276908529919
17080,10373.276908529919
17081,10373.276908529919
17082,10373.276908529919
17083,10373.276908529919
17084,10373.276908529919
17085,10373.276908529919
17086,10373.276908529919
17087,10373.276908529919
17088,10373.276908529919
17089,10373.276908529919
17090,10373.276908529919
17091,10373.276908529919
17092,10373.276908529919
17093,10373.276908529919
17094,10373.276908529919
17095,10373.276908529919
17096,10373.276908529919
17097,10373.276908529919
17098,10373.276908529919
17099,10373.276908529919
17100,10373.276908529919
17101,10373.276908529919
17102,10373.276908529919
17103,10373.276908529919
17104,10373.276908529919
17105,10373.276908529919
17106,10373.276908529919
17107,10373.276908529919
17108,10373.276908529919
17109,10373.276908529919
17110,10373.276908529919
17111,10373.276908529919
17112,10373.276908529919
17113,10373.276908529919
17114,10373.276908529919
17115,10373.276908529919
17116,10373.276908529919
17117,10373.276908529919
17118,10373.276908529919
17119,10373.276908529919
17120,10373.276908529919
17121,10373.276908529919
17122,10373.276908529919
17123,10373.276908529919
17124,10373.276908529919
17125,10373.276908529919
17126,10373.276908529919
17127,10373.276908529919
17128,10373.276908529919
17129,10373.276908529919
17130,10373.276908529919
17131,10373.276908529919
17132,10373.276908529919
17133,10373.276908529919
17134,10373.276908529919
17135,10373.276908529919
17136,10373.276908529919
17137,10373.276908529919
17138,10373.276908529919
17139,10373.276908529919
17140,10373.276908529919
17141,10373.276908529919
17142,10373.276908529919
17143,10373.276908529919
17144,10373.276908529919
17145,10373.276908529919
17146,10373.276908529919
17147,10373.276908529919
17148,10373.276908529919
17149,10373.276908529919
17150,10373.276908529919
17151,10373.276908529919
17152,10373.276908529919
17153,10373.276908529919
17154,10373.276908529919
17155,10373.276908529919
17156,10373.276908529919
17157,10373.276908529919
17158,10373.276908529919
17159,10373.276908529919
17160,10373.276908529919
17161,10373.276908529919
17162,10373.276908529919
17163,10373.276908529919
17164,10373.276908529919
17165,10373.276908529919
17166,10373.276908529919
17167,10373.276908529919
17168,10373.276908529919
17169,10373.276908529919
17170,10373.276908529919
17171,10373.276908529919
17172,10373.276908529919
17173,10373.276908529919
17174,10373.276908529919
17175,10373.276908529919
17176,10373.276908529919
17177,10373.276908529919
17178,10373.276908529919
17179,10373.276908529919
17180,10373.276908529919
17181,10373.276908529919
17182,10373.276908529919
17183,10373.276908529919
17184,10373.276908529919
17185,10373.276908529919
17186,10373.276908529919
17187,10373.276908529919
17188,10373.276908529919
17189,10373.276908529919
17190,10373.276908529919
17191,10373.276908529919
17192,10373.276908529919
17193,10373.276908529919
17194,10373.276908529919
17195,10373.276908529919
17196,10373.276908529919
17197,10373.276908529919
17198,10373.276908529919
17199,10373.276908529919
17200,10373.276908529919
17201,10373.276908529919
17202,10373.276908529919
17203,10373.276908529919
17204,10373.276908529919
17205,10373.276908529919
17206,10373.276908529919
17207,10373.276908529919
17208,10373.276908529919
17209,10373.276908529919
17210,10373.276908529919
17211,10373.276908529919
17212,10373.276908529919
17213,10373.276908529919
17214,10373.276908529919
17215,10373.276908529919
17216,10373.276908529919
17217,10373.276908529919
17218,10373.276908529919
17219,10373.276908529919
17220,10373.276908529919
17221,10373.276908529919
17222,10373.276908529919
17223,10350.537429936225
17224,10350.537429936225
17225,10350.537429936225
17226,10350.537429936225
17227,10350.537429936225
17228,10350.537429936225
17229,10350.537429936225
17230,10350.537429936225
17231,10350.537429936225
17232,10350.537429936225
17233,10350.537429936225
17234,10350.537429936225
17235,10350.537429936225
17236,10350.537429936225
17237,10350.537429936225
17238,10350.537429936225
17239,10350.537429936225
17240,10350.537429936225
17241,10350.537429936225
17242,10350.537429936225
17243,10350.537429936225
17244,10350.537429936225
17245,10350.537429936225
17246,10350.537429936225
17247,10350.537429936225
17248,10350.537429936225
17249,10350.537429936225
17250,10350.537429936225
17251,10350.537429936225
17252,10350.537429936225
17253,10350.537429936225
17254,10350.537429936225
17255,10350.537429936225
17256,10350.537429936225
17257,10350.537429936225
17258,10350.537429936225
17259,10350.537429936225
17260,10350.537429936225
17261,10350.537429936225
17262,10350.537429936225
17263,10350.537429936225
17264,10350.537429936225
17265,10350.537429936225
17266,10350.537429936225
17267,10350.537429936225
17268,10350.537429936225
17269,10350.537429936225
17270,10350.537429936225
17271,10350.537429936225
17272,10350.537429936225
17273,10350.537429936225
17274,10350.537429936225
17275,10350.537429936225
17276,10350.537429936225
17277,10350.537429936225
17278,10350.537429936225
17279,10350.537429936225
17280,10350.537429936225
17281,10350.537429936225
17282,10350.537429936225
17283,10350.537429936225
17284,10350.537429936225
17285,10350.537429936225
17286,10350.537429936225
17287,10350.537429936225
17288,10350.537429936225
17289,10350.537429936225
17290,10350.537429936225
17291,10350.537429936225
17292,10350.537429936225
17293,10350.537429936225
17294,10350.537429936225
17295,10350.537429936225
17296,10350.537429936225
17297,10350.537429936225
17298,10350.537429936225
17299,10350.537429936225
17300,10350.537429936225
17301,10350.537429936225
17302,10350.537429936225
17303,10350.537429936225
17304,10350.537429936225
17305,10350.537429936225
17306,10350.537429936225
17307,10350.537429936225
17308,10350.537429936225
17309,10350.537429936225
17310,10350.537429936225
17311,10350.537429936225
17312,10350.537429936225
17313,10350.537429936225
17314,10350.537429936225
17315,10350.537429936225
17316,10350.537429936225
17317,10350.537429936225
17318,10350.537429936225
17319,10350.537429936225
17320,10350.537429936225
17321,10350.537429936225
17322,10229.868270856117
17323,10229.868270856117
17324,10188.198615558866
17325,10188.198615558866
17326,10149.69033942639
17327,10149.69033942639
17328,10149.69033942639
17329,10149.69033942639
17330,10149.69033942639
17331,10149.69033942639
17332,10149.69033942639
17333,10149.69033942639
17334,10149.69033942639
17335,10149.69033942639
17336,10149.69033942639
17337,10149.69033942639
17338,10149.69033942639
17339,10149.69033942639
17340,10149.69033942639
17341,10149.69033942639
17342,10149.69033942639
17343,10149.69033942639
17344,10149.69033942639
17345,10149.69033942639
17346,10149.69033942639
17347,10149.69033942639
17348,10149.69033942639
17349,10149.69033942639
17350,10149.69033942639
17351,10149.69033942639
17352,10149.69033942639
17353,10149.69033942639
17354,10149.69033942639
17355,10149.69033942639
17356,10149.69033942639
17357,10149.69033942639
17358,10149.69033942639
17359,10149.69033942639
17360,10149.69033942639
17361,10149.69033942639
17362,10149.69033942639
17363,10149.69033942639
17364,10149.69033942639
17365,10149.69033942639
17366,10149.69033942639
17367,10149.69033942639
17368,10149.69033942639
17369,10149.69033942639
17370,10149.69033942639
17371,10149.69033942639
17372,10149.69033942639
17373,10149.69033942639
17374,10149.69033942639
17375,10149.69033942639
17376,10149.69033942639
17377,10149.69033942639
17378,10149.69033942639
17379,10149.69033942639
17380,10149.69033942639
17381,10149.69033942639
17382,10149.69033942639
17383,10149.69033942639
17384,10149.69033942639
17385,10149.69033942639
17386,10149.69033942639
17387,10149.69033942639
17388,10149.69033942639
17389,10149.69033942639
17390,10149.69033942639
17391,10149.69033942639
17392,10149.69033942639
17393,10149.69033942639
17394,10149.69033942639
17395,10149.69033942639
17396,10149.69033942639
17397,10149.69033942639
17398,10149.69033942639
17399,10149.69033942639
17400,10149.69033942639
17401,10149.69033942639
17402,10149.69033942639
17403,10149.69033942639
17404,10149.69033942639
17405,10149.69033942639
17406,10149.69033942639
17407,10149.69033942639
17408,10149.69033942639
17409,10149.69033942639
17410,10149.69033942639
17411,10149.69033942639
17412,10149.69033942639
17413,10149.69033942639
17414,10149.69033942639
17415,10149.69033942639
17416,10149.69033942639
17417,10149.69033942639
17418,10149.69033942639
17419,10149.69033942639
17420,10149.69033942639
17421,10149.69033942639
17422,10149.69033942639
17423,10149.69033942639
17424,10149.69033942639
17425,10149.69033942639
17426,10149.69033942639
17427,10149.69033942639
17428,10149.69033942639
17429,10149.69033942639
17430,10149.69033942639
17431,10149.69033942639
17432,10149.69033942639
17433,10149.69033942639
17434,10149.69033942639
17435,10149.69033942639
17436,10149.69033942639
17437,10149.69033942639
17438,10149.69033942639
17439,10149.69033942639
17440,10149.69033942639
17441,10149.69033942639
17442,10149.69033942639
17443,10149.69033942639
17444,10149.69033942639
17445,10149.69033942639
17446,10149.69033942639
17447,10149.69033942639
17448,10149.69033942639
17449,10149.69033942639
17450,10149.69033942639
17451,10149.69033942639
17452,10149.69033942639
17453,10149.69033942639
17454,10149.69033942639
17455,10149.69033942639
17456,10149.69033942639
17457,10149.69033942639
17458,10149.69033942639
17459,10149.69033942639
17460,10149.69033942639
17461,10149.69033942639
17462,10149.69033942639
17463,10149.69033942639
17464,10149.69033942639
17465,10149.69033942639
17466,10149.69033942639
17467,10149.69033942639
17468,10149.69033942639
17469,10149.69033942639
17470,10149.69033942639
17471,10149.69033942639
17472,10149.69033942639
17473,10149.69033942639
17474,10149.69033942639
17475,10149.69033942639
17476,10149.69033942639
17477,10149.69033942639
17478,10149.69033942639
17479,10149.69033942639
17480,10149.69033942639
17481,10149.69033942639
17482,10149.69033942639
17483,10149.69033942639
17484,10149.69033942639
17485,10149.69033942639
17486,10149.69033942639
17487,10149.69033942639
17488,10149.69033942639
17489,10149.69033942639
17490,10149.69033942639
17491,10149.69033942639
17492,10149.69033942639
17493,10149.69033942639
17494,10149.69033942639
17495,10149.69033942639
17496,10149.69033942639
17497,10149.69033942639
17498,10149.69033942639
17499,10149.69033942639
17500,10149.69033942639
17501,10149.69033942639
17502,10149.69033942639
17503,10149.69033942639
17504,10149.69033942639
17505,10149.69033942639
17506,10149.69033942639
17507,10149.69033942639
17508,10149.69033942639
17509,10149.69033942639
17510,10149.69033942639
17511,10149.69033942639
17512,10149.69033942639
17513,10149.69033942639
17514,10149.69033942639
17515,10149.69033942639
17516,10149.69033942639
17517,10149.69033942639
17518,10149.69033942639
17519,10149.69033942639
17520,10149.69033942639
17521,10149.69033942639
17522,10149.69033942639
17523,10149.69033942639
17524,10149.69033942639
17525,10173.79632641252
17526,10178.701487005595
17527,10296.275172077136
17528,10306.195105790506
17529,10316.039406860098
17530,10329.082201473953
17531,10362.751881459992
17532,10477.54579284124
17533,10487.635625971803
17534,10458.350447074548
17535,10398.767269528531
17536,10316.834097682438
17537,10316.834097682438
17538,10316.834097682438
17539,10316.834097682438
17540,10316.834097682438
17541,10316.834097682438
17542,10316.834097682438
